price;qty;side;trade_time
41.045;15;buy;09:27:15.272
41.045;1;buy;09:27:20.435
41.04;2;buy;09:28:01.828
41.025;18;sell;09:28:16.557
41.025;1;sell;09:28:30.509
41.045;23;buy;09:28:39.345
41.025;10;sell;09:28:57.792
41.025;1;buy;09:29:21.414
41.025;20;buy;09:29:33.522
41.025;1;buy;09:29:42.537
41.015;1;sell;09:30:02.647
41.015;30;sell;09:30:11.390
41.025;1;buy;09:30:20.356
41.025;100;buy;09:30:38.209
41.015;67;sell;09:30:45.635
41.01;67;sell;09:30:47.004
41.01;67;sell;09:30:48.320
41.015;10;buy;09:30:58.077
41.015;200;buy;09:31:00.303
41.01;682;sell;09:31:00.836
41.015;25;buy;09:31:06.261
41.01;18;sell;09:31:12.161
41.015;5;buy;09:31:16.770
41.01;67;sell;09:31:20.150
41.015;5;buy;09:31:22.159
41.01;5;sell;09:31:23.137
41.01;430;sell;09:31:23.936
41.01;5;buy;09:31:25.962
41.01;5;buy;09:31:30.682
41.005;72;sell;09:31:34.749
41.0;4;sell;09:31:35.069
41.01;5;buy;09:31:35.255
41.01;1000;buy;09:31:36.126
41.0;178;sell;09:31:38.383
41.0;5;buy;09:31:39.965
41.0;5;buy;09:31:43.840
41.0;5;buy;09:31:47.156
41.0;5;buy;09:31:50.583
41.0;1;buy;09:31:55.762
41.0;4;buy;09:31:56.146
40.995;1;sell;09:32:05.732
41.0;17;buy;09:32:08.586
41.0;5;buy;09:32:19.431
41.015;5;buy;09:32:22.714
41.015;5;buy;09:32:27.780
41.015;5;buy;09:32:33.137
41.015;5;buy;09:32:39.810
41.015;5;buy;09:32:42.955
41.015;5;buy;09:32:45.848
41.015;5;buy;09:32:51.618
41.015;5;buy;09:32:54.877
41.015;5;buy;09:32:58.049
41.005;1000;sell;09:32:58.328
41.015;5;buy;09:33:01.721
41.015;5;buy;09:33:05.855
41.015;5;buy;09:33:08.989
41.005;1000;sell;09:33:09.872
41.015;1;buy;09:33:26.286
41.015;2;buy;09:33:37.698
41.015;14;buy;09:33:43.163
41.015;30;buy;09:33:49.972
41.0;1;sell;09:33:55.292
41.015;1;buy;09:33:55.475
41.0;122;sell;09:33:56.573
41.01;1;buy;09:34:08.261
41.0;683;sell;09:34:21.473
41.0;19;sell;09:34:21.521
41.0;100;buy;09:34:21.575
41.0;13;buy;09:34:30.140
40.985;62;sell;09:34:39.701
40.98;23;sell;09:34:39.983
40.975;6;sell;09:34:40.629
40.98;1;buy;09:34:46.088
40.975;19;sell;09:34:48.038
40.98;1;buy;09:34:48.148
40.98;3;buy;09:34:48.457
40.975;3;sell;09:35:10.691
40.975;3;sell;09:35:10.767
40.98;80;buy;09:35:15.809
40.98;1;sell;09:35:55.106
40.98;1;sell;09:36:46.687
40.995;4;sell;09:36:54.945
41.01;71;buy;09:37:17.785
41.005;500;buy;09:37:48.931
41.005;1;buy;09:38:17.188
41.005;1;buy;09:38:23.804
41.005;1;buy;09:38:27.283
41.005;1;buy;09:38:34.656
41.0;49;sell;09:38:52.924
41.015;36;buy;09:39:13.908
41.01;1;buy;09:39:23.011
40.995;5;sell;09:39:24.501
40.99;121;sell;09:39:35.621
41.0;1;buy;09:39:41.042
40.98;121;sell;09:39:53.027
41.0;3;buy;09:39:58.132
41.0;5;buy;09:40:08.975
40.98;7;sell;09:40:10.563
40.98;7;sell;09:40:10.578
40.98;15;sell;09:40:10.581
40.995;4;buy;09:40:14.481
40.98;63;sell;09:40:15.142
40.98;121;sell;09:40:15.701
40.99;1;sell;09:40:18.636
40.98;10;sell;09:40:38.240
40.98;119;sell;09:40:38.583
40.98;21;sell;09:41:01.727
40.98;84;sell;09:41:01.734
40.975;3;sell;09:41:01.774
40.975;201;sell;09:41:01.980
40.975;27;sell;09:41:02.022
40.965;122;sell;09:41:02.081
40.965;2;buy;09:41:02.241
40.96;151;sell;09:41:03.080
40.965;5;buy;09:41:03.579
40.965;19;buy;09:41:06.871
40.955;12;sell;09:41:33.855
40.975;60;sell;09:41:47.504
40.99;1;buy;09:41:56.824
40.99;1;sell;09:43:15.866
41.0;100;buy;09:44:04.652
41.0;100;buy;09:45:05.515
41.0;5;buy;09:45:14.526
41.0;2;buy;09:45:32.485
41.0;1;buy;09:45:39.642
40.99;18;sell;09:45:41.027
41.0;1;buy;09:45:45.392
41.0;9;buy;09:45:45.483
41.0;10;buy;09:45:47.646
41.0;1;buy;09:45:50.053
40.985;1;sell;09:46:02.088
40.985;11;sell;09:46:14.113
40.99;1;buy;09:46:24.508
40.99;5;buy;09:46:25.310
40.99;1;buy;09:46:32.625
40.985;407;sell;09:46:53.032
40.99;2;buy;09:47:02.971
41.0;3;buy;09:47:05.916
41.0;23;buy;09:47:10.398
41.01;10;buy;09:47:11.064
41.015;5;buy;09:47:19.140
41.015;1;buy;09:47:28.665
41.015;150;buy;09:47:30.507
41.015;50;buy;09:47:35.096
41.015;50;buy;09:47:45.117
41.015;681;buy;09:47:45.873
41.015;683;buy;09:47:46.973
41.015;122;buy;09:47:47.081
41.015;5;buy;09:47:56.028
41.015;9;buy;09:48:18.537
41.015;30;buy;09:48:19.306
41.01;20;sell;09:48:24.619
41.015;49;buy;09:48:24.793
41.015;5;buy;09:48:35.159
41.015;1;buy;09:48:36.051
41.01;1;sell;09:48:43.264
41.015;20;buy;09:48:58.118
41.015;255;buy;09:49:32.348
41.015;5;buy;09:49:44.519
41.015;1;buy;09:49:45.272
41.015;1;buy;09:49:52.207
41.015;4;buy;09:49:55.571
41.015;1;buy;09:49:56.594
41.015;9;buy;09:50:14.971
41.015;30;buy;09:50:23.383
41.01;1;sell;09:50:31.650
41.01;3;sell;09:50:47.785
41.015;1;buy;09:50:55.395
41.01;683;sell;09:50:58.173
41.01;385;sell;09:51:09.121
41.01;113;sell;09:51:10.582
41.005;131;sell;09:51:10.782
41.005;5;sell;09:51:10.873
41.01;1;buy;09:51:14.529
41.01;28;buy;09:51:15.990
41.01;198;buy;09:51:23.794
40.995;37;sell;09:51:24.902
41.0;12;sell;09:51:53.121
41.01;1;buy;09:51:56.512
41.0;50;sell;09:52:06.965
41.01;1;buy;09:52:08.094
41.01;1;buy;09:52:28.958
41.01;10;buy;09:52:37.336
41.01;1;buy;09:52:53.291
41.0;40;sell;09:53:01.849
41.01;5;buy;09:53:02.107
41.01;1;buy;09:53:11.608
41.01;497;buy;09:53:21.047
41.015;1;buy;09:54:08.743
41.015;2;buy;09:54:22.692
41.015;1;buy;09:54:22.949
41.01;3;sell;09:54:30.342
41.015;50;buy;09:54:45.085
41.015;2;buy;09:54:45.540
41.01;12;sell;09:54:48.631
41.015;2;buy;09:54:57.703
41.015;1;buy;09:55:00.636
41.015;14;buy;09:55:03.731
41.015;1;buy;09:55:06.642
41.015;5;buy;09:55:09.771
41.015;1;buy;09:55:09.861
41.015;31;buy;09:55:14.495
41.015;105;buy;09:55:14.752
41.015;683;buy;09:55:14.772
41.015;415;buy;09:55:14.782
41.015;122;buy;09:55:14.881
41.015;14;buy;09:55:15.760
41.015;92;buy;09:55:15.765
41.015;30;buy;09:55:15.941
41.015;160;buy;09:55:16.071
41.015;1;buy;09:55:17.320
41.01;1;sell;09:55:21.109
41.015;432;buy;09:55:24.070
41.015;1;buy;09:55:39.770
41.015;31;buy;09:55:39.793
41.015;31;buy;09:55:39.842
41.015;22;buy;09:55:39.918
41.015;439;buy;09:55:39.921
41.015;22;buy;09:55:39.922
41.015;180;buy;09:55:39.933
41.015;56;buy;09:55:39.960
41.015;171;buy;09:55:39.981
41.015;180;buy;09:55:39.986
41.015;11;buy;09:55:40.019
41.015;180;buy;09:55:40.020
41.015;200;buy;09:55:40.022
41.015;31;buy;09:55:40.028
41.015;431;buy;09:55:40.036
41.015;179;buy;09:55:40.070
41.015;194;buy;09:55:40.120
41.015;29;buy;09:55:40.181
41.025;4;buy;09:55:40.182
41.03;2;buy;09:55:40.221
41.035;2;buy;09:55:40.273
41.04;25;buy;09:55:40.282
41.05;19;buy;09:55:40.523
41.055;16;buy;09:55:40.774
41.06;2;buy;09:55:41.025
41.065;3;buy;09:55:41.275
41.07;2;buy;09:55:41.526
41.075;20;buy;09:55:41.666
41.08;200;buy;09:55:41.776
41.085;5;buy;09:55:42.030
41.09;200;buy;09:55:42.282
41.095;200;buy;09:55:42.535
41.095;10;buy;09:55:42.546
41.095;20;buy;09:55:42.574
41.09;4;sell;09:55:46.398
41.09;200;sell;09:55:55.070
41.095;22;buy;09:56:00.937
41.08;179;sell;09:56:02.120
41.09;72;buy;09:56:06.808
41.075;183;sell;09:56:12.873
41.065;20;sell;09:56:17.510
41.055;150;sell;09:56:17.536
41.045;53;sell;09:56:17.603
41.045;10;sell;09:56:27.946
41.045;100;sell;09:56:31.414
41.045;100;sell;09:56:44.220
41.065;13;buy;09:56:47.252
41.055;108;sell;09:56:54.771
41.05;1;sell;09:56:55.070
41.05;13;sell;09:57:02.839
41.055;3;buy;09:57:03.094
41.05;500;sell;09:57:04.070
41.05;31;sell;09:57:04.852
41.05;266;sell;09:57:04.873
41.055;15;buy;09:57:06.073
41.055;11;buy;09:57:10.789
41.045;119;sell;09:57:33.821
41.03;43;sell;09:57:39.735
41.05;8;buy;09:57:46.737
41.05;2;buy;09:57:50.116
41.03;53;sell;09:57:54.191
41.025;65;buy;09:57:58.648
41.02;30;sell;09:58:00.572
41.02;1;buy;09:58:12.048
41.02;1;buy;09:58:13.673
41.01;65;sell;09:58:35.375
41.01;3;buy;09:58:48.638
41.01;10;buy;09:58:54.298
41.0;20;sell;09:58:56.422
41.01;10;buy;09:58:59.195
41.015;3;buy;09:59:00.111
41.02;1;buy;09:59:00.232
41.02;3;buy;09:59:03.162
41.02;2;buy;09:59:11.255
41.01;35;sell;09:59:24.556
41.02;1;buy;09:59:40.697
41.02;333;buy;09:59:48.736
41.03;209;buy;10:00:01.108
41.02;1;sell;10:00:02.836
41.02;1;sell;10:00:13.047
41.02;1;sell;10:00:16.842
41.01;1;sell;10:00:23.042
41.035;10;buy;10:00:23.668
41.015;1;sell;10:00:25.978
41.015;1;sell;10:00:27.207
41.015;1;sell;10:00:27.997
41.035;2;buy;10:00:29.943
41.015;3740;sell;10:00:32.898
40.975;6;sell;10:00:34.968
40.995;2;buy;10:00:41.753
40.995;1;buy;10:00:42.053
40.99;2;buy;10:00:44.069
40.99;2;buy;10:00:44.613
40.99;2;buy;10:00:44.976
40.99;2;buy;10:00:45.256
40.99;2;buy;10:00:45.481
40.99;1;buy;10:00:45.742
40.97;50;sell;10:00:54.286
40.98;1;buy;10:00:54.893
40.97;50;sell;10:00:56.172
40.97;901;sell;10:00:56.604
40.965;70;sell;10:00:57.071
40.97;5;buy;10:00:59.786
40.97;2;buy;10:01:01.457
40.96;298;sell;10:01:01.981
40.96;1500;sell;10:01:01.982
40.96;500;sell;10:01:02.660
40.955;12;sell;10:01:04.511
40.955;12;sell;10:01:05.542
40.955;21;sell;10:01:07.563
40.955;12;sell;10:01:08.626
40.955;12;sell;10:01:09.646
40.955;43;sell;10:01:11.182
40.95;79;sell;10:01:11.382
40.95;3200;sell;10:01:11.906
40.91;200;sell;10:01:12.045
40.925;25;buy;10:01:12.102
40.91;1;sell;10:01:12.432
40.915;50;sell;10:01:14.420
40.915;1;sell;10:01:23.467
40.915;1;sell;10:01:23.703
40.915;1;sell;10:01:23.733
40.915;1;sell;10:01:23.771
40.915;1;sell;10:01:23.791
40.915;1;sell;10:01:23.802
40.915;1;sell;10:01:23.837
40.915;1;sell;10:01:23.849
40.915;1;sell;10:01:23.874
40.915;1;sell;10:01:23.908
40.915;1;sell;10:01:23.913
40.915;1;sell;10:01:23.922
40.915;1;sell;10:01:23.957
40.915;1;sell;10:01:23.962
40.915;1;sell;10:01:23.995
40.915;1;sell;10:01:24.000
40.915;1;sell;10:01:24.025
40.915;1;sell;10:01:24.033
40.915;1;sell;10:01:24.037
40.915;1;sell;10:01:24.048
40.915;1;sell;10:01:24.112
40.915;1;sell;10:01:24.117
40.915;1;sell;10:01:24.130
40.915;1;sell;10:01:24.186
40.915;1;sell;10:01:24.226
40.915;1;sell;10:01:24.233
40.915;1;sell;10:01:24.252
40.915;1;sell;10:01:24.268
40.915;1;sell;10:01:24.279
40.915;1;sell;10:01:24.291
40.915;1;sell;10:01:24.309
40.915;1;sell;10:01:24.347
40.915;1;sell;10:01:24.371
40.915;1;sell;10:01:24.375
40.915;1;sell;10:01:24.417
40.915;1;sell;10:01:24.464
40.915;1;sell;10:01:24.468
40.915;1;sell;10:01:24.528
40.915;1;sell;10:01:24.540
40.915;1;sell;10:01:24.549
40.915;1;sell;10:01:24.553
40.915;1;sell;10:01:24.572
40.915;1;sell;10:01:24.598
40.915;1;sell;10:01:24.604
40.915;1;sell;10:01:24.735
40.915;1;sell;10:01:24.736
40.915;1;sell;10:01:24.737
40.915;1;sell;10:01:24.739
40.915;1;sell;10:01:24.740
40.915;1;sell;10:01:24.741
40.915;1;sell;10:01:24.742
40.915;1;sell;10:01:24.743
40.915;1;sell;10:01:24.744
40.915;1;sell;10:01:24.804
40.915;2;sell;10:01:24.809
40.915;1;sell;10:01:24.811
40.915;1;sell;10:01:24.812
40.915;1;sell;10:01:24.883
40.915;1;sell;10:01:24.888
40.915;1;sell;10:01:24.889
40.915;1;sell;10:01:24.892
40.915;1;sell;10:01:24.959
40.915;1;sell;10:01:24.973
40.915;1;sell;10:01:25.034
40.915;1;sell;10:01:25.065
40.915;1;sell;10:01:29.941
40.915;1;sell;10:01:29.956
40.915;1;sell;10:01:29.975
40.915;1;sell;10:01:29.994
40.915;1;sell;10:01:30.050
40.92;2;buy;10:01:30.860
40.92;1;buy;10:01:34.693
40.915;5;sell;10:01:38.826
40.92;4;buy;10:01:39.653
40.92;361;buy;10:01:40.671
40.925;3;buy;10:01:41.571
40.92;58;sell;10:01:49.537
40.92;251;sell;10:01:56.624
40.935;194;buy;10:01:57.774
40.935;500;buy;10:02:07.870
40.93;12;sell;10:02:09.763
40.95;20;buy;10:02:16.234
40.945;30;buy;10:02:27.108
40.935;5;sell;10:02:35.136
40.94;20;buy;10:02:35.215
40.94;5;buy;10:02:36.414
40.94;37;buy;10:02:44.206
40.925;71;sell;10:02:45.960
40.925;7;sell;10:02:45.967
40.935;1;buy;10:02:52.046
40.925;3;sell;10:02:53.511
40.935;24;buy;10:02:54.991
40.935;40;buy;10:02:55.442
40.925;100;sell;10:02:56.805
40.935;1;buy;10:02:58.740
40.925;30;sell;10:02:58.940
40.925;8;sell;10:02:59.314
40.93;1000;buy;10:03:00.076
40.93;50;buy;10:03:01.236
40.93;1;buy;10:03:06.093
40.925;84;sell;10:03:06.334
40.93;710;buy;10:03:06.631
40.935;47;sell;10:03:06.893
40.935;10;sell;10:03:10.632
40.935;30;sell;10:03:24.746
40.94;5;buy;10:03:27.865
40.94;52;buy;10:03:33.954
40.94;12;sell;10:03:37.998
40.945;10000;buy;10:03:40.790
40.97;2;sell;10:03:48.414
40.985;11;buy;10:03:49.811
40.985;1;buy;10:03:53.334
40.985;18;buy;10:03:55.160
40.985;2;sell;10:04:00.407
40.99;50;buy;10:04:02.755
40.99;1475;buy;10:04:03.055
41.02;300;buy;10:04:03.463
41.005;50;sell;10:04:10.906
41.005;2;sell;10:04:12.158
41.005;292;sell;10:04:16.436
40.985;100;sell;10:04:25.852
41.01;1;buy;10:04:26.209
40.985;100;sell;10:04:26.577
41.01;20;buy;10:04:27.345
40.985;1;sell;10:04:39.899
41.01;26;buy;10:04:41.160
41.01;2;buy;10:04:42.216
40.98;36;sell;10:04:57.136
40.98;100;sell;10:04:57.690
40.995;2;buy;10:04:59.494
40.995;1;buy;10:05:00.892
40.995;100;buy;10:05:04.488
40.99;1;sell;10:05:05.471
40.99;1;sell;10:05:14.471
40.995;1;buy;10:05:20.744
40.995;1;buy;10:05:21.919
40.99;285;sell;10:05:47.371
40.98;54;sell;10:05:52.053
40.97;51;sell;10:05:52.087
40.965;53;sell;10:05:53.979
40.95;54;sell;10:05:54.077
40.945;5;sell;10:05:54.110
40.94;289;sell;10:05:54.888
40.94;3;sell;10:05:56.252
40.955;4;buy;10:06:04.568
40.95;1;sell;10:06:06.660
40.97;10;buy;10:06:09.907
40.965;2;sell;10:06:12.488
40.985;1;buy;10:06:13.623
40.985;1;buy;10:06:15.177
40.995;1;buy;10:06:38.478
40.965;23;sell;10:06:40.365
40.995;1;buy;10:06:41.725
41.015;4;buy;10:06:56.605
41.015;5;sell;10:06:57.919
41.02;236;buy;10:07:04.919
41.02;10;buy;10:07:05.506
41.02;1;buy;10:07:18.532
41.02;10;buy;10:07:20.533
41.0;5;sell;10:07:20.533
41.02;1;buy;10:07:20.720
41.02;120;buy;10:07:28.797
41.02;30;buy;10:07:29.435
41.015;20;sell;10:07:38.205
41.04;10;buy;10:08:12.445
41.035;23;sell;10:08:14.259
41.035;14;sell;10:08:23.462
41.04;10;buy;10:08:28.891
41.04;500;buy;10:08:35.406
41.045;4;buy;10:08:45.548
41.045;4;buy;10:08:59.240
41.035;9;sell;10:09:02.012
41.045;2;buy;10:09:02.226
41.035;26;sell;10:09:06.656
41.035;400;sell;10:09:06.845
41.045;1;buy;10:09:08.457
41.055;300;buy;10:09:12.004
41.055;53;buy;10:09:14.196
41.055;147;buy;10:09:15.181
41.055;100;buy;10:09:17.565
41.055;10;buy;10:09:20.582
41.055;5;buy;10:09:30.398
41.055;97;buy;10:09:32.481
41.05;10;sell;10:09:36.861
41.05;1;sell;10:09:41.484
41.055;1;buy;10:09:42.072
41.055;1;buy;10:09:42.440
41.055;1;buy;10:09:44.388
41.055;4;buy;10:09:47.107
41.055;118;buy;10:09:47.223
41.055;122;buy;10:09:47.282
41.055;41;buy;10:09:47.381
41.055;196;sell;10:09:47.382
41.055;304;buy;10:09:48.023
41.06;4;buy;10:09:53.306
41.06;1;buy;10:09:53.813
41.06;59;buy;10:10:08.121
41.055;1;sell;10:10:10.033
41.06;165;buy;10:10:10.059
41.06;460;buy;10:10:10.063
41.06;415;sell;10:10:10.065
41.06;85;buy;10:10:10.065
41.06;200;sell;10:10:10.068
41.075;10;sell;10:10:16.513
41.08;1;buy;10:10:16.881
41.085;552;buy;10:10:17.106
41.095;17;sell;10:10:17.470
41.1;500;buy;10:10:17.615
41.12;2;buy;10:10:17.780
41.105;8;sell;10:10:17.783
41.11;1;sell;10:10:20.587
41.12;12;buy;10:10:22.590
41.12;477;buy;10:10:22.612
41.125;44;buy;10:10:23.598
41.125;166;buy;10:10:23.619
41.135;12;buy;10:10:23.706
41.135;100;buy;10:10:23.713
41.14;150;buy;10:10:23.881
41.145;137;buy;10:10:24.136
41.15;69;buy;10:10:24.281
41.16;124;buy;10:10:24.389
41.16;1400;buy;10:10:24.522
41.175;126;buy;10:10:24.640
41.165;121;sell;10:10:24.882
41.175;152;buy;10:10:24.891
41.175;223;buy;10:10:25.036
41.175;138;buy;10:10:25.141
41.175;126;buy;10:10:25.401
41.17;114;sell;10:10:25.682
41.17;104;sell;10:10:25.982
41.16;1;sell;10:10:26.182
41.15;3;sell;10:10:29.447
41.15;6;sell;10:10:31.403
41.15;93;sell;10:10:36.171
41.155;50;buy;10:10:38.062
41.165;10;buy;10:10:40.021
41.165;2000;buy;10:10:42.599
41.175;20;buy;10:10:44.425
41.175;27;sell;10:10:47.540
41.17;8;sell;10:10:54.736
41.16;23;sell;10:11:01.406
41.16;50;sell;10:11:01.592
41.16;27;sell;10:11:01.671
41.155;145;sell;10:11:08.461
41.16;90;buy;10:11:08.642
41.15;3;buy;10:11:27.069
41.14;40;buy;10:11:30.921
41.135;1;sell;10:11:37.522
41.155;1;buy;10:11:38.066
41.155;509;buy;10:11:39.309
41.18;80;buy;10:11:48.279
41.18;29;buy;10:11:48.378
41.18;243;buy;10:11:48.389
41.17;7;sell;10:11:49.416
41.17;99;sell;10:11:49.421
41.17;610;sell;10:11:49.436
41.14;15;sell;10:11:53.214
41.14;30;sell;10:11:54.711
41.14;3;sell;10:11:56.158
41.165;400;buy;10:11:56.658
41.14;10;sell;10:12:00.150
41.16;3;buy;10:12:14.567
41.16;10;buy;10:12:17.954
41.16;1;buy;10:12:20.346
41.15;509;sell;10:12:32.238
41.125;100;sell;10:12:33.913
41.13;5;buy;10:12:35.762
41.125;2975;sell;10:12:36.546
41.1;1;buy;10:12:38.055
41.1;1;buy;10:12:45.022
41.1;21;sell;10:12:51.487
41.12;1;buy;10:12:52.955
41.12;56;buy;10:13:03.247
41.1;200;sell;10:13:07.001
41.115;1;buy;10:13:07.690
41.11;10;buy;10:13:14.361
41.1;201;sell;10:13:17.690
41.105;1;buy;10:13:19.844
41.095;5;sell;10:13:23.719
41.105;1;buy;10:13:25.989
41.115;3;buy;10:13:35.394
41.13;1;buy;10:13:51.519
41.125;10;buy;10:13:56.533
41.13;4;buy;10:13:57.895
41.135;10;buy;10:14:07.816
41.13;666;sell;10:14:21.632
41.11;4;sell;10:14:24.767
41.12;50;buy;10:14:25.365
41.11;72;buy;10:14:36.147
41.115;2;buy;10:14:52.562
41.105;1;sell;10:14:53.752
41.105;20;sell;10:14:55.855
41.115;121;sell;10:15:03.049
41.12;40;buy;10:15:05.112
41.12;618;buy;10:15:07.136
41.12;11;buy;10:15:07.181
41.12;339;buy;10:15:07.182
41.12;1;buy;10:15:09.984
41.12;60;buy;10:15:09.994
41.12;681;buy;10:15:10.170
41.12;22;buy;10:15:10.256
41.12;5;buy;10:15:10.336
41.12;22;buy;10:15:10.337
41.12;201;buy;10:15:10.363
41.12;404;buy;10:15:10.390
41.12;736;buy;10:15:10.406
41.12;10;buy;10:15:10.418
41.115;797;sell;10:15:10.446
41.12;180;buy;10:15:10.463
41.12;1;buy;10:15:10.472
41.12;7;buy;10:15:10.483
41.12;25;buy;10:15:10.487
41.12;2;buy;10:15:10.505
41.12;44;buy;10:15:10.518
41.12;3;buy;10:15:10.544
41.12;1;buy;10:15:10.570
41.12;6;buy;10:15:10.571
41.12;89;buy;10:15:10.581
41.12;850;buy;10:15:10.584
41.12;24;buy;10:15:10.600
41.12;2;buy;10:15:10.647
41.12;32;buy;10:15:10.929
41.12;94;buy;10:15:10.941
41.12;73;buy;10:15:10.954
41.12;11;buy;10:15:10.965
41.12;6;buy;10:15:10.985
41.12;5;buy;10:15:11.035
41.12;2;buy;10:15:11.041
41.12;243;buy;10:15:11.043
41.12;53;buy;10:15:11.470
41.12;3;buy;10:15:11.474
41.12;45;buy;10:15:11.486
41.12;11;buy;10:15:11.534
41.12;36;buy;10:15:11.737
41.12;184;buy;10:15:11.739
41.12;37;buy;10:15:11.837
41.12;195;buy;10:15:11.872
41.12;217;buy;10:15:11.937
41.12;38;buy;10:15:12.041
41.12;11;buy;10:15:12.924
41.12;22;buy;10:15:13.102
41.12;2;buy;10:15:13.157
41.12;127;buy;10:15:13.266
41.12;115;buy;10:15:13.526
41.12;30;buy;10:15:13.537
41.12;104;buy;10:15:13.780
41.12;2;buy;10:15:13.950
41.12;3;buy;10:15:14.031
41.12;214;buy;10:15:14.071
41.12;1;buy;10:15:15.237
41.12;34;buy;10:15:15.433
41.12;95;buy;10:15:19.395
41.115;89;sell;10:15:23.412
41.12;40;buy;10:15:28.692
41.12;9;buy;10:15:29.806
41.12;250;buy;10:15:31.575
41.115;123;sell;10:15:34.012
41.12;3;buy;10:15:38.506
41.12;220;buy;10:15:39.411
41.12;1;buy;10:15:39.680
41.12;10;buy;10:15:41.183
41.12;25;buy;10:15:42.643
41.12;11;buy;10:15:43.178
41.12;4;buy;10:15:43.346
41.12;27;buy;10:15:45.894
41.12;2;buy;10:15:46.484
41.12;17;buy;10:15:46.902
41.12;1;buy;10:15:47.543
41.12;1;buy;10:15:48.623
41.12;1;buy;10:15:49.963
41.115;18;sell;10:15:57.682
41.115;12;buy;10:15:58.185
41.105;137;sell;10:15:59.782
41.105;4;buy;10:16:03.584
41.11;133;sell;10:16:07.023
41.105;134;sell;10:16:07.082
41.1;151;sell;10:16:07.723
41.1;12;sell;10:16:10.523
41.095;142;sell;10:16:12.523
41.095;15;sell;10:16:12.582
41.09;2;sell;10:16:13.782
41.1;70;buy;10:16:15.431
41.09;2;buy;10:16:17.083
41.09;18;buy;10:16:18.311
41.09;1;buy;10:16:22.980
41.085;223;sell;10:16:30.826
41.09;1;buy;10:16:32.543
41.095;1000;buy;10:16:33.190
41.105;8;buy;10:16:37.845
41.105;1216;buy;10:16:39.286
41.12;1216;buy;10:16:45.372
41.115;1;buy;10:16:45.737
41.12;5;buy;10:16:46.484
41.115;100;buy;10:16:51.638
41.12;1216;buy;10:16:53.477
41.12;1216;buy;10:16:57.206
41.11;58;sell;10:16:58.920
41.1;344;sell;10:16:58.938
41.1;57;sell;10:16:58.970
41.09;38;sell;10:16:59.019
41.085;200;buy;10:16:59.029
41.095;169;buy;10:16:59.693
41.1;2;buy;10:17:04.400
41.095;105;sell;10:17:04.564
41.09;552;sell;10:17:05.221
41.08;1;buy;10:17:14.806
41.08;8;buy;10:17:20.003
41.08;1000;buy;10:17:21.647
41.075;16;sell;10:17:22.858
41.075;33;sell;10:17:26.462
41.075;46;sell;10:17:26.468
41.075;46;sell;10:17:26.473
41.075;46;sell;10:17:26.479
41.075;46;sell;10:17:26.484
41.075;46;sell;10:17:26.489
41.07;24;sell;10:17:31.466
41.07;800;buy;10:17:34.241
41.08;200;buy;10:17:34.567
41.07;21;sell;10:17:35.196
41.07;200;buy;10:17:37.410
41.07;245;sell;10:17:42.534
41.06;22;sell;10:17:47.821
41.055;179;sell;10:17:48.449
41.055;214;sell;10:17:49.071
41.055;7;sell;10:17:51.732
41.065;25;buy;10:17:54.063
41.06;223;sell;10:17:54.221
41.06;57;sell;10:17:54.378
41.065;7;buy;10:17:54.500
41.06;1;buy;10:18:02.803
41.06;1;buy;10:18:03.548
41.06;100;buy;10:18:07.670
41.055;1500;sell;10:18:13.608
41.055;21;sell;10:18:14.982
41.055;11;sell;10:18:17.522
41.055;16;sell;10:18:17.682
41.055;11;sell;10:18:17.846
41.055;179;sell;10:18:18.102
41.05;366;sell;10:18:18.182
41.05;22;sell;10:18:18.815
41.045;51;sell;10:18:18.860
41.04;122;sell;10:18:19.481
41.04;360;sell;10:18:19.490
41.04;111;sell;10:18:19.491
41.025;202;sell;10:18:19.494
41.025;23;sell;10:18:22.704
41.02;67;sell;10:18:23.524
41.025;5000;buy;10:18:25.352
41.04;8;sell;10:18:26.306
41.05;1;sell;10:18:30.923
41.065;225;buy;10:18:39.319
41.07;134;buy;10:18:42.797
41.08;192;buy;10:18:43.048
41.075;1;sell;10:18:43.178
41.08;133;buy;10:18:43.298
41.08;59;buy;10:18:43.299
41.08;192;buy;10:18:43.549
41.08;192;buy;10:18:43.800
41.08;750;buy;10:18:43.969
41.08;192;buy;10:18:44.050
41.08;192;buy;10:18:44.301
41.08;1;buy;10:18:45.572
41.08;1;buy;10:18:45.674
41.08;1;buy;10:18:45.736
41.08;20;buy;10:18:46.559
41.08;122;buy;10:18:48.181
41.08;24;buy;10:18:48.837
41.08;20;buy;10:18:49.834
41.08;85;buy;10:18:50.070
41.08;2;buy;10:18:50.073
41.08;206;buy;10:18:51.070
41.08;208;buy;10:18:52.070
41.08;20;buy;10:18:52.813
41.08;100;buy;10:18:53.071
41.115;64;buy;10:18:53.372
41.12;322;buy;10:18:54.070
41.12;223;buy;10:18:54.123
41.13;215;buy;10:18:54.423
41.145;33;buy;10:18:54.972
41.15;294;buy;10:18:55.070
41.15;170;buy;10:18:55.082
41.15;2;buy;10:18:55.182
41.15;1000;buy;10:18:55.476
41.15;170;buy;10:18:55.882
41.15;60;buy;10:18:58.788
41.15;1216;buy;10:18:59.435
41.15;10;buy;10:19:00.700
41.15;2;buy;10:19:02.415
41.15;21;buy;10:19:02.570
41.15;50;buy;10:19:04.895
41.15;30;buy;10:19:07.454
41.15;90;buy;10:19:09.768
41.15;1;buy;10:19:13.660
41.145;12;sell;10:19:19.836
41.12;2;sell;10:19:19.992
41.135;163;buy;10:19:21.875
41.13;5;sell;10:19:25.000
41.145;5;sell;10:19:48.612
41.15;2;buy;10:19:49.635
41.15;25;buy;10:19:53.646
41.15;1;buy;10:19:53.801
41.15;25;buy;10:19:56.667
41.15;25;buy;10:19:59.188
41.145;10;sell;10:20:05.566
41.145;1;sell;10:20:07.169
41.15;1;buy;10:20:09.483
41.15;20;buy;10:20:09.612
41.15;1;buy;10:20:12.544
41.15;1;buy;10:20:12.631
41.15;1;buy;10:20:12.718
41.15;1;buy;10:20:12.813
41.15;1;buy;10:20:12.896
41.15;32;buy;10:20:12.979
41.15;1;buy;10:20:12.987
41.15;1;buy;10:20:13.040
41.15;1;buy;10:20:13.131
41.15;1;buy;10:20:13.223
41.15;1;buy;10:20:13.294
41.15;1;buy;10:20:13.367
41.15;1;buy;10:20:13.459
41.145;1;sell;10:20:14.622
41.145;1;sell;10:20:14.648
41.15;8;buy;10:20:15.888
41.145;134;sell;10:20:21.344
41.15;174;buy;10:20:22.189
41.145;400;sell;10:20:24.364
41.145;100;sell;10:20:32.342
41.145;46;sell;10:20:33.041
41.14;10;buy;10:20:45.268
41.145;10;buy;10:20:45.646
41.145;1;buy;10:20:46.986
41.14;29;buy;10:21:02.455
41.14;2;buy;10:21:02.729
41.14;211;buy;10:21:09.213
41.14;12;sell;10:21:10.290
41.145;283;buy;10:21:12.332
41.15;404;buy;10:21:13.121
41.15;167;buy;10:21:21.125
41.15;20801;buy;10:21:22.608
41.155;108;buy;10:21:22.722
41.155;108;buy;10:21:22.772
41.155;17;buy;10:21:22.820
41.155;16;sell;10:21:22.821
41.155;18;buy;10:21:22.821
41.16;46;buy;10:21:22.822
41.165;200;buy;10:21:22.858
41.165;110;buy;10:21:22.872
41.165;23;buy;10:21:22.921
41.17;106;buy;10:21:22.937
41.17;104;buy;10:21:22.972
41.17;84;buy;10:21:22.982
41.175;1;buy;10:21:23.037
41.175;1;buy;10:21:23.072
41.175;955;buy;10:21:23.121
41.19;4;buy;10:21:23.236
41.19;220;buy;10:21:23.253
41.19;11;buy;10:21:23.274
41.19;12;buy;10:21:23.323
41.19;1;buy;10:21:23.337
41.19;17;buy;10:21:23.370
41.19;109;buy;10:21:23.437
41.19;1;buy;10:21:23.537
41.19;1;buy;10:21:23.737
41.19;1;buy;10:21:23.937
41.19;108;buy;10:21:24.121
41.195;1;buy;10:21:24.137
41.195;20;buy;10:21:24.258
41.195;1;buy;10:21:24.437
41.195;1;buy;10:21:24.637
41.19;4;buy;10:21:25.637
41.195;1;buy;10:21:25.737
41.185;201;sell;10:21:28.939
41.185;537;sell;10:21:29.016
41.185;220;sell;10:21:29.034
41.185;8;sell;10:21:29.035
41.185;242;sell;10:21:29.081
41.18;1;buy;10:21:29.347
41.17;40;buy;10:21:33.269
41.17;1;buy;10:21:40.407
41.17;1000;buy;10:21:41.373
41.17;22;sell;10:21:41.374
41.17;18;buy;10:21:41.374
41.17;1;buy;10:21:47.323
41.165;200;sell;10:21:47.985
41.165;110;buy;10:21:53.144
41.16;1;buy;10:21:55.121
41.155;353;sell;10:22:10.859
41.16;1;buy;10:22:16.964
41.155;200;sell;10:22:18.951
41.155;5;buy;10:22:20.042
41.15;220;sell;10:22:23.203
41.155;120;buy;10:22:24.108
41.155;68;buy;10:22:24.337
41.155;107;sell;10:22:25.462
41.155;248;sell;10:22:25.572
41.16;84;buy;10:22:25.637
41.16;1;buy;10:22:25.961
41.16;1;buy;10:22:26.237
41.16;1;buy;10:22:26.937
41.16;1;buy;10:22:27.637
41.16;1;buy;10:22:28.237
41.16;1;buy;10:22:28.937
41.16;1;buy;10:22:29.637
41.16;1;buy;10:22:30.337
41.16;1;buy;10:22:31.037
41.16;1;buy;10:22:31.737
41.16;1;buy;10:22:32.637
41.155;100;sell;10:22:32.641
41.16;1;buy;10:22:33.637
41.16;1;buy;10:22:34.037
41.16;1;buy;10:22:34.937
41.16;1;buy;10:22:35.937
41.16;1;buy;10:22:36.637
41.16;1;buy;10:22:37.637
41.16;1;buy;10:22:38.637
41.16;1;buy;10:22:39.637
41.155;100;sell;10:22:39.677
41.16;1;buy;10:22:40.637
41.16;1;buy;10:22:41.077
41.16;1;buy;10:22:41.637
41.16;45;buy;10:22:42.132
41.16;1;buy;10:22:42.437
41.16;1;buy;10:22:43.637
41.16;1;buy;10:22:44.637
41.155;200;sell;10:22:44.959
41.16;1;buy;10:22:46.637
41.16;1;buy;10:22:47.037
41.16;1;buy;10:22:48.237
41.155;100;sell;10:22:48.646
41.16;1;buy;10:22:49.637
41.16;1;buy;10:22:51.637
41.16;1;buy;10:22:52.637
41.16;150;buy;10:22:53.373
41.155;10;sell;10:22:54.900
41.155;100;sell;10:22:56.231
41.16;26;buy;10:22:59.338
41.16;7;buy;10:22:59.427
41.16;1;buy;10:23:01.118
41.16;6;buy;10:23:03.514
41.16;24;buy;10:23:06.311
41.155;100;sell;10:23:07.756
41.155;15;sell;10:23:08.050
41.155;83;sell;10:23:11.148
41.155;1;buy;10:23:16.905
41.155;50;buy;10:23:20.979
41.155;6;buy;10:23:22.237
41.15;12;sell;10:23:30.116
41.15;248;sell;10:23:30.117
41.155;3;buy;10:23:30.201
41.15;12;sell;10:23:30.738
41.15;3;sell;10:23:36.046
41.155;10;buy;10:23:49.396
41.155;1;buy;10:23:52.786
41.15;30;sell;10:23:52.834
41.155;2;buy;10:24:00.507
41.155;3;buy;10:24:02.271
41.15;100;sell;10:24:05.681
41.155;3000;buy;10:24:06.962
41.165;2;buy;10:24:12.245
41.155;500;sell;10:24:12.974
41.155;150;sell;10:24:15.712
41.155;100;sell;10:24:23.255
41.155;2;sell;10:24:23.831
41.155;100;sell;10:24:24.204
41.16;2;buy;10:24:30.205
41.155;100;sell;10:24:31.556
41.155;100;sell;10:24:40.009
41.16;192;buy;10:24:41.408
41.17;100;buy;10:24:41.597
41.17;144;buy;10:24:41.658
41.175;150;buy;10:24:41.909
41.18;164;buy;10:24:42.161
41.19;200;buy;10:24:42.411
41.19;192;buy;10:24:42.662
41.19;192;buy;10:24:42.912
41.19;2473;buy;10:24:43.055
41.195;293;buy;10:24:43.121
41.2;200;buy;10:24:43.163
41.2;30;buy;10:24:43.371
41.2;65;buy;10:24:43.472
41.205;65;buy;10:24:44.121
41.21;66;buy;10:24:44.183
41.21;66;buy;10:24:44.283
41.21;21;buy;10:24:44.313
41.21;66;buy;10:24:44.383
41.21;66;buy;10:24:45.083
41.21;980;buy;10:24:47.054
41.215;4;buy;10:24:47.272
41.215;53;buy;10:24:47.372
41.215;200;buy;10:24:47.443
41.215;303;sell;10:24:50.316
41.215;200;sell;10:24:51.534
41.215;2;sell;10:24:52.514
41.22;173;buy;10:24:53.767
41.215;200;sell;10:24:54.667
41.215;7762;sell;10:24:57.735
41.18;28;buy;10:24:57.735
41.175;17;sell;10:24:57.971
41.165;200;sell;10:24:58.380
41.18;110;buy;10:24:59.135
41.18;117;buy;10:24:59.797
41.18;192;buy;10:25:00.802
41.18;192;buy;10:25:01.052
41.18;192;buy;10:25:01.304
41.18;174;buy;10:25:01.556
41.18;18;buy;10:25:01.556
41.18;192;buy;10:25:01.809
41.185;100;sell;10:25:06.027
41.195;1;buy;10:25:13.051
41.2;125;sell;10:25:13.053
41.195;150;sell;10:25:13.487
41.195;50;buy;10:25:14.532
41.195;10;buy;10:25:14.713
41.195;10;buy;10:25:14.875
41.195;10;buy;10:25:15.272
41.195;10;buy;10:25:15.425
41.19;1;sell;10:25:16.979
41.19;150;sell;10:25:20.372
41.19;150;sell;10:25:27.258
41.195;43;buy;10:25:27.381
41.2;78;buy;10:25:27.481
41.2;47;buy;10:25:27.581
41.205;125;buy;10:25:30.819
41.205;127;buy;10:25:31.071
41.21;125;sell;10:25:31.072
41.215;192;buy;10:25:31.332
41.215;125;buy;10:25:31.606
41.215;125;buy;10:25:31.856
41.22;300;buy;10:25:32.004
41.215;150;sell;10:25:34.184
41.215;200;sell;10:25:35.249
41.215;1;sell;10:25:37.299
41.22;192;buy;10:25:38.418
41.22;200;buy;10:25:38.669
41.22;192;buy;10:25:38.920
41.22;192;buy;10:25:39.170
41.22;140;buy;10:25:39.421
41.22;150;sell;10:25:40.995
41.22;83;sell;10:25:44.250
41.225;462;buy;10:25:44.564
41.23;200;sell;10:25:45.199
41.235;1;buy;10:25:45.473
41.235;60;buy;10:25:47.173
41.23;1;sell;10:25:49.781
41.23;1;sell;10:25:50.759
41.235;900;buy;10:25:51.904
41.23;105;sell;10:25:54.444
41.23;179;sell;10:25:56.081
41.23;22;sell;10:25:56.109
41.23;121;sell;10:25:56.181
41.23;8;sell;10:25:56.933
41.23;18;sell;10:25:57.220
41.205;200;sell;10:26:01.270
41.215;10;buy;10:26:05.328
41.22;7;buy;10:26:08.620
41.22;1089;buy;10:26:09.192
41.225;200;sell;10:26:10.172
41.235;5;buy;10:26:14.575
41.225;14;sell;10:26:15.852
41.22;200;sell;10:26:17.023
41.22;101;sell;10:26:19.070
41.235;3;buy;10:26:19.373
41.21;6;sell;10:26:23.070
41.2;200;sell;10:26:24.336
41.22;8;buy;10:26:27.299
41.2;200;sell;10:26:31.778
41.2;267;sell;10:26:32.070
41.21;1;buy;10:26:32.695
41.195;243;sell;10:26:33.036
41.195;113;sell;10:26:33.070
41.19;1;sell;10:26:34.336
41.17;106;sell;10:26:35.619
41.165;63;sell;10:26:35.709
41.165;243;sell;10:26:35.715
41.155;200;sell;10:26:38.561
41.155;248;sell;10:26:53.043
41.16;30;buy;10:26:56.476
41.155;4;sell;10:26:58.368
41.155;11;sell;10:27:01.918
41.165;200;buy;10:27:10.478
41.16;1;sell;10:27:11.326
41.155;10;sell;10:27:14.041
41.155;90;sell;10:27:17.411
41.15;201;sell;10:27:29.851
41.15;11;sell;10:27:30.220
41.15;52;sell;10:27:31.070
41.155;200;buy;10:27:31.374
41.155;200;buy;10:27:31.625
41.155;200;buy;10:27:31.875
41.155;196;buy;10:27:32.126
41.165;200;buy;10:27:32.377
41.165;185;buy;10:27:32.627
41.17;125;buy;10:27:32.878
41.175;20;buy;10:27:34.678
41.175;1;buy;10:27:38.086
41.175;6;buy;10:27:39.680
41.175;250;buy;10:27:40.206
41.175;125;buy;10:27:40.207
41.175;201;sell;10:27:42.684
41.175;47;sell;10:27:42.781
41.175;18;sell;10:27:42.821
41.175;265;sell;10:27:44.792
41.16;1;sell;10:27:45.975
41.165;1;buy;10:27:47.065
41.165;1;buy;10:27:48.744
41.155;100;sell;10:27:49.649
41.165;50;buy;10:27:53.335
41.165;156;buy;10:27:55.326
41.165;9;buy;10:27:57.301
41.16;2019;sell;10:28:00.295
41.165;20;buy;10:28:00.496
41.175;13;buy;10:28:16.615
41.175;5;buy;10:28:20.208
41.16;3104;sell;10:28:20.677
41.155;2777;buy;10:28:22.879
41.155;3269;buy;10:28:22.927
41.155;1;buy;10:28:38.301
41.15;1942;sell;10:28:40.198
41.145;1;sell;10:28:42.396
41.15;3275;buy;10:28:47.601
41.155;100;buy;10:28:47.605
41.15;2781;buy;10:28:47.657
41.17;4;buy;10:28:48.962
41.15;100;buy;10:28:51.249
41.175;206;sell;10:28:57.015
41.16;103;sell;10:28:57.078
41.155;40;sell;10:28:57.128
41.155;10;buy;10:28:57.166
41.15;100;sell;10:28:57.172
41.155;200;buy;10:29:04.623
41.155;200;buy;10:29:04.874
41.15;200;sell;10:29:08.268
41.155;1;buy;10:29:09.202
41.155;1;buy;10:29:09.908
41.15;2;sell;10:29:10.611
41.15;12;sell;10:29:10.705
41.155;51;buy;10:29:11.166
41.175;109;buy;10:29:11.417
41.18;30;buy;10:29:11.668
41.185;125;buy;10:29:11.919
41.19;117;buy;10:29:12.169
41.19;122;buy;10:29:12.420
41.19;125;buy;10:29:12.671
41.195;43;buy;10:29:12.983
41.2;200;buy;10:29:13.372
41.195;200;sell;10:29:15.152
41.195;5;sell;10:29:16.282
41.19;200;sell;10:29:22.243
41.19;248;sell;10:29:23.340
41.195;20;buy;10:29:28.973
41.18;200;sell;10:29:29.001
41.18;10;sell;10:29:35.287
41.17;200;sell;10:29:38.022
41.16;100;sell;10:29:45.018
41.16;100;sell;10:29:52.932
41.17;100;sell;10:30:00.135
41.155;85;sell;10:30:00.592
41.145;7;sell;10:30:00.643
41.15;141;sell;10:30:02.891
41.15;6;sell;10:30:03.240
41.165;1;buy;10:30:04.132
41.165;1;buy;10:30:05.050
41.16;6;sell;10:30:05.306
41.16;50;sell;10:30:05.725
41.16;125;sell;10:30:06.070
41.165;1;buy;10:30:06.483
41.16;285;sell;10:30:06.485
41.16;121;sell;10:30:06.571
41.165;1;buy;10:30:06.845
41.165;1;buy;10:30:07.134
41.155;100;sell;10:30:07.226
41.165;5;buy;10:30:08.905
41.155;3;sell;10:30:10.276
41.165;1;buy;10:30:11.731
41.16;5;buy;10:30:13.171
41.16;1;buy;10:30:13.243
41.16;1;buy;10:30:14.306
41.145;100;sell;10:30:15.119
41.15;1;buy;10:30:15.123
41.145;100;sell;10:30:16.507
41.15;7;buy;10:30:20.547
41.15;1;buy;10:30:21.360
41.145;100;sell;10:30:22.754
41.15;7;buy;10:30:22.809
41.145;158;sell;10:30:24.070
41.14;110;sell;10:30:24.071
41.145;1;buy;10:30:24.144
41.14;90;sell;10:30:25.165
41.145;13;buy;10:30:25.656
41.145;5;buy;10:30:28.715
41.145;1;buy;10:30:29.159
41.145;400;buy;10:30:29.190
41.145;5;buy;10:30:30.038
41.145;1;buy;10:30:30.560
41.145;2;buy;10:30:30.972
41.145;18;buy;10:30:31.819
41.145;2;buy;10:30:32.927
41.145;1;buy;10:30:33.456
41.145;3;buy;10:30:34.436
41.145;11;buy;10:30:38.160
41.145;1;buy;10:30:42.699
41.145;1;buy;10:30:43.219
41.145;3;buy;10:30:43.547
41.145;1;buy;10:30:47.353
41.145;1;buy;10:30:48.022
41.145;4;buy;10:30:50.055
41.145;3;buy;10:30:51.156
41.145;699;buy;10:30:51.215
41.15;200;buy;10:30:51.903
41.155;8;buy;10:30:52.418
41.155;117;buy;10:30:52.925
41.16;125;buy;10:30:53.175
41.17;2;buy;10:30:54.197
41.17;3;buy;10:30:56.691
41.17;3;buy;10:30:58.073
41.175;76;buy;10:30:58.493
41.175;8;sell;10:30:58.756
41.185;3;buy;10:31:00.177
41.19;84;sell;10:31:00.688
41.195;2;buy;10:31:01.979
41.2;4;buy;10:31:04.181
41.2;1;buy;10:31:05.833
41.2;240;buy;10:31:06.946
41.19;100;sell;10:31:07.906
41.195;1;buy;10:31:11.073
41.195;5;buy;10:31:12.679
41.195;4;buy;10:31:12.868
41.19;200;sell;10:31:14.578
41.195;1;buy;10:31:16.191
41.195;1;buy;10:31:17.299
41.195;19;buy;10:31:18.290
41.195;1;buy;10:31:19.106
41.195;2;buy;10:31:20.881
41.19;200;sell;10:31:21.895
41.195;4;buy;10:31:23.343
41.185;3;sell;10:31:23.343
41.195;25;buy;10:31:24.400
41.195;1;buy;10:31:24.665
41.195;1;buy;10:31:24.876
41.195;1;buy;10:31:26.009
41.195;1;buy;10:31:27.436
41.185;150;sell;10:31:28.987
41.195;1;buy;10:31:29.685
41.195;1;buy;10:31:31.354
41.18;500;sell;10:31:31.693
41.195;1;buy;10:31:35.118
41.18;200;sell;10:31:35.851
41.195;1;buy;10:31:38.450
41.195;1;buy;10:31:39.048
41.19;3;buy;10:31:42.419
41.19;5;buy;10:31:42.601
41.19;1;buy;10:31:43.505
41.19;3;buy;10:31:45.884
41.19;4;buy;10:31:46.355
41.17;200;sell;10:31:48.233
41.185;1;buy;10:31:48.636
41.17;30;sell;10:31:48.665
41.185;2;buy;10:31:49.458
41.175;2;buy;10:31:51.002
41.18;1;buy;10:31:55.333
41.17;75;sell;10:31:55.645
41.175;2;buy;10:31:56.725
41.16;80;sell;10:31:57.172
41.175;1;buy;10:31:57.378
41.17;14;buy;10:31:59.606
41.155;40;sell;10:32:01.446
41.155;74;sell;10:32:02.549
41.15;10;buy;10:32:04.965
41.15;1;buy;10:32:06.388
41.15;1;buy;10:32:09.434
41.15;2;buy;10:32:09.523
41.15;5;buy;10:32:10.236
41.15;1;buy;10:32:12.870
41.15;5;buy;10:32:13.407
41.15;4;buy;10:32:14.027
41.145;52;sell;10:32:14.313
41.145;5000;sell;10:32:15.405
41.14;4;sell;10:32:15.561
41.14;5000;sell;10:32:16.697
41.14;75;sell;10:32:16.702
41.145;514;buy;10:32:16.705
41.165;986;buy;10:32:16.707
41.155;12;sell;10:32:16.870
41.17;1;buy;10:32:16.929
41.17;100;buy;10:32:17.004
41.17;149;buy;10:32:17.005
41.18;200;buy;10:32:17.255
41.175;200;buy;10:32:17.506
41.18;132;buy;10:32:17.756
41.195;2;buy;10:32:17.974
41.195;200;buy;10:32:18.007
41.195;200;buy;10:32:18.257
41.195;200;buy;10:32:18.508
41.195;200;buy;10:32:18.758
41.195;200;buy;10:32:19.009
41.195;6;buy;10:32:19.110
41.195;200;buy;10:32:19.259
41.195;200;buy;10:32:19.510
41.195;200;buy;10:32:19.760
41.195;200;buy;10:32:20.011
41.2;200;buy;10:32:20.261
41.2;200;buy;10:32:20.535
41.2;200;buy;10:32:20.786
41.195;120;sell;10:32:20.787
41.2;200;buy;10:32:21.037
41.2;2;buy;10:32:25.133
41.2;20;buy;10:32:27.060
41.2;2;buy;10:32:27.960
41.2;1;buy;10:32:30.003
41.195;6;sell;10:32:30.530
41.2;2;buy;10:32:35.101
41.195;1;sell;10:32:35.178
41.2;2900;buy;10:32:38.295
41.2;300;buy;10:32:38.296
41.2;200;buy;10:32:38.546
41.2;200;buy;10:32:38.796
41.2;200;buy;10:32:39.047
41.2;119;buy;10:32:39.071
41.2;200;buy;10:32:39.297
41.2;200;buy;10:32:39.548
41.2;200;buy;10:32:39.798
41.2;200;buy;10:32:40.049
41.2;200;buy;10:32:40.299
41.2;200;buy;10:32:40.549
41.2;200;buy;10:32:40.800
41.2;10;buy;10:32:40.831
41.2;1;buy;10:32:40.851
41.2;200;buy;10:32:41.050
41.2;200;buy;10:32:41.301
41.2;200;buy;10:32:41.551
41.2;3;buy;10:32:41.797
41.2;200;buy;10:32:41.802
41.2;200;buy;10:32:42.052
41.2;200;buy;10:32:42.303
41.2;22;buy;10:32:44.390
41.195;5000;sell;10:32:44.795
41.18;113;sell;10:32:44.932
41.18;307;sell;10:32:44.942
41.185;2;buy;10:32:48.207
41.185;10;buy;10:32:51.010
41.185;10;buy;10:32:51.506
41.185;10;buy;10:32:51.927
41.185;10;buy;10:32:52.091
41.185;1;buy;10:32:53.264
41.185;445;buy;10:32:54.564
41.195;185;buy;10:32:54.815
41.195;108;buy;10:32:55.065
41.195;117;buy;10:32:55.322
41.195;200;buy;10:32:55.574
41.195;200;buy;10:32:55.824
41.2;200;buy;10:32:56.075
41.2;200;buy;10:32:56.326
41.2;200;buy;10:32:56.577
41.2;2500;buy;10:33:09.152
41.2;200;buy;10:33:09.153
41.2;200;buy;10:33:09.404
41.2;200;buy;10:33:09.655
41.2;200;buy;10:33:09.906
41.215;5;buy;10:33:10.037
41.225;200;buy;10:33:10.157
41.23;200;buy;10:33:10.407
41.23;200;buy;10:33:10.658
41.225;24;sell;10:33:10.736
41.22;888;buy;10:33:10.742
41.23;1;buy;10:33:10.872
41.23;200;buy;10:33:10.909
41.23;119;buy;10:33:10.972
41.23;2447;buy;10:33:11.055
41.235;1;buy;10:33:11.072
41.235;200;buy;10:33:11.159
41.24;17;buy;10:33:11.321
41.24;4;buy;10:33:11.337
41.24;200;buy;10:33:11.410
41.24;66;buy;10:33:11.437
41.24;10;buy;10:33:11.483
41.235;54;sell;10:33:11.531
41.24;1;buy;10:33:11.572
41.24;1;buy;10:33:11.737
41.24;1;buy;10:33:11.837
41.24;1;buy;10:33:11.872
41.24;242;buy;10:33:12.036
41.24;613;buy;10:33:12.071
41.245;70;sell;10:33:12.172
41.245;5;sell;10:33:12.238
41.25;3;buy;10:33:12.737
41.25;2;buy;10:33:12.772
41.25;1;buy;10:33:12.872
41.25;1;buy;10:33:13.037
41.25;206;buy;10:33:13.071
41.25;2;buy;10:33:13.337
41.25;2;buy;10:33:13.472
41.25;1;buy;10:33:13.637
41.25;1;buy;10:33:13.672
41.25;1;buy;10:33:13.872
41.25;1;buy;10:33:13.937
41.25;1;buy;10:33:14.172
41.25;1;buy;10:33:14.237
41.25;1;buy;10:33:14.437
41.25;1;buy;10:33:14.472
41.25;1;buy;10:33:14.637
41.25;1;buy;10:33:14.672
41.25;1;buy;10:33:14.937
41.25;1;buy;10:33:14.972
41.25;1;buy;10:33:15.172
41.245;11;sell;10:33:15.198
41.25;1;buy;10:33:15.337
41.25;1;buy;10:33:15.437
41.25;1;buy;10:33:15.472
41.25;1;buy;10:33:15.737
41.25;1;buy;10:33:15.772
41.25;1;buy;10:33:15.972
41.25;1;buy;10:33:16.037
41.25;1;buy;10:33:16.272
41.25;1;buy;10:33:16.337
41.25;1;buy;10:33:16.537
41.25;1;buy;10:33:16.572
41.25;1;buy;10:33:16.772
41.25;1;buy;10:33:17.037
41.25;1;buy;10:33:17.072
41.25;2;buy;10:33:17.707
41.25;4;buy;10:33:18.037
41.245;106;sell;10:33:18.240
41.25;2;buy;10:33:19.522
41.25;9;buy;10:33:19.672
41.25;6;buy;10:33:19.737
41.25;1;buy;10:33:19.972
41.25;1;buy;10:33:20.037
41.25;1;buy;10:33:20.337
41.25;1;buy;10:33:20.537
41.25;2;buy;10:33:20.672
41.25;1;buy;10:33:20.772
41.25;1;buy;10:33:20.837
41.25;1;buy;10:33:21.072
41.25;1;buy;10:33:21.337
41.25;1;buy;10:33:21.437
41.25;1;buy;10:33:21.573
41.25;1;buy;10:33:21.672
41.25;1;buy;10:33:21.737
41.25;1;buy;10:33:21.972
41.25;1;buy;10:33:22.037
41.25;3;buy;10:33:23.037
41.25;5;buy;10:33:23.672
41.25;855;buy;10:33:23.999
41.245;248;sell;10:33:25.309
41.25;200;buy;10:33:27.109
41.245;201;sell;10:33:27.254
41.245;201;sell;10:33:27.290
41.245;1;sell;10:33:27.622
41.245;75;sell;10:33:27.746
41.245;579;sell;10:33:28.121
41.245;1;sell;10:33:28.666
41.245;16;sell;10:33:28.927
41.245;194;sell;10:33:29.221
41.245;1;sell;10:33:29.846
41.245;500;sell;10:33:30.644
41.245;1;sell;10:33:30.992
41.245;1;sell;10:33:32.337
41.245;50;sell;10:33:34.777
41.245;1;sell;10:33:36.186
41.245;1;sell;10:33:37.248
41.245;5;sell;10:33:37.421
41.245;5;sell;10:33:38.845
41.245;1000;sell;10:33:39.793
41.245;180;sell;10:33:39.794
41.245;200;sell;10:33:39.813
41.225;2259;buy;10:33:39.818
41.245;8;sell;10:33:39.820
41.21;40;sell;10:33:39.983
41.215;211;sell;10:33:41.070
41.2;200;sell;10:33:41.371
41.205;1;buy;10:33:42.651
41.205;29;buy;10:33:44.039
41.205;44;sell;10:33:54.761
41.22;150;buy;10:33:55.600
41.215;2;sell;10:33:58.266
41.23;100;buy;10:33:58.687
41.22;1;sell;10:34:06.096
41.23;600;buy;10:34:08.952
41.235;300;buy;10:34:10.272
41.24;100;buy;10:34:13.102
41.225;50;sell;10:34:14.466
41.24;1;buy;10:34:16.479
41.235;5000;buy;10:34:25.820
41.245;600;buy;10:34:31.557
41.25;10;buy;10:34:33.471
41.25;199;buy;10:34:33.871
41.245;1;sell;10:34:35.151
41.25;25;buy;10:34:43.525
41.25;10;buy;10:34:43.628
41.25;10;buy;10:34:45.119
41.25;1;buy;10:34:46.879
41.25;2000;buy;10:34:49.135
41.25;41;buy;10:34:49.668
41.25;3000;buy;10:34:50.784
41.25;4;buy;10:34:54.064
41.245;3071;sell;10:34:58.259
41.245;30;buy;10:34:58.508
41.23;1940;sell;10:35:01.826
41.225;2;buy;10:35:01.874
41.205;18;buy;10:35:02.036
41.21;50;buy;10:35:02.345
41.2;248;sell;10:35:02.350
41.185;325;sell;10:35:09.502
41.175;201;sell;10:35:13.076
41.175;189;sell;10:35:13.126
41.18;4;buy;10:35:14.428
41.18;18;buy;10:35:14.577
41.18;20;buy;10:35:16.596
41.18;500;buy;10:35:18.623
41.2;1;buy;10:35:25.600
41.2;23;buy;10:35:27.696
41.195;23;buy;10:35:37.170
41.185;5;buy;10:35:41.737
41.18;100;buy;10:35:46.766
41.175;20;sell;10:35:47.577
41.175;51;sell;10:35:47.594
41.175;10;sell;10:35:50.859
41.175;1;sell;10:35:51.012
41.185;3;buy;10:35:52.435
41.185;1;buy;10:35:53.077
41.2;1;buy;10:35:55.320
41.2;3;buy;10:36:00.777
41.195;23;buy;10:36:16.120
41.19;2;sell;10:36:21.805
41.19;3;sell;10:36:23.337
41.2;1;buy;10:36:23.710
41.19;2356;sell;10:36:25.129
41.185;539;sell;10:36:25.739
41.185;680;sell;10:36:43.336
41.185;1108;sell;10:36:44.121
41.185;654;buy;10:36:44.140
41.18;2;sell;10:36:44.236
41.19;5;buy;10:36:46.200
41.18;15;sell;10:36:47.544
41.195;1;buy;10:36:49.793
41.19;1;buy;10:36:50.279
41.195;1;buy;10:36:51.081
41.195;1;buy;10:36:51.725
41.18;3;sell;10:36:53.004
41.195;1;buy;10:36:55.493
41.195;1;buy;10:36:57.246
41.18;1;sell;10:36:58.944
41.19;102;buy;10:37:00.373
41.19;1;sell;10:37:09.394
41.19;114;sell;10:37:14.140
41.2;3000;buy;10:37:14.410
41.235;3000;buy;10:37:17.468
41.24;20;buy;10:37:20.719
41.225;20;sell;10:37:26.471
41.225;5;sell;10:37:34.896
41.245;1;buy;10:37:35.232
41.225;1;sell;10:37:35.598
41.245;1320;buy;10:37:39.054
41.25;12;buy;10:37:40.382
41.25;1;buy;10:37:45.216
41.24;4;sell;10:37:45.606
41.24;12;sell;10:37:58.738
41.24;10;sell;10:38:02.763
41.245;400;sell;10:38:05.965
41.25;21;buy;10:38:07.325
41.245;10;sell;10:38:12.035
41.245;500;sell;10:38:16.505
41.25;16;buy;10:38:16.593
41.245;3;sell;10:38:27.736
41.245;412;sell;10:38:29.182
41.245;436;sell;10:38:29.223
41.24;2;sell;10:38:29.282
41.24;8;sell;10:38:29.320
41.24;2;sell;10:38:29.323
41.245;1;buy;10:38:29.942
41.24;4;sell;10:38:31.320
41.245;2;buy;10:38:32.051
41.24;126;sell;10:38:32.121
41.235;50;sell;10:38:32.732
41.24;2;buy;10:38:47.960
41.24;1;buy;10:38:53.846
41.24;909;buy;10:38:59.432
41.25;3;buy;10:39:09.666
41.25;40;buy;10:39:10.147
41.245;1;sell;10:39:11.073
41.25;24;buy;10:39:16.573
41.245;2;sell;10:39:17.816
41.245;10;sell;10:39:18.353
41.245;10;sell;10:39:18.448
41.245;201;sell;10:39:19.124
41.245;1;sell;10:39:25.596
41.25;15;buy;10:39:29.295
41.245;10;sell;10:39:31.365
41.245;238;sell;10:39:36.013
41.25;3;buy;10:39:41.046
41.25;4500;buy;10:39:41.940
41.245;10;sell;10:39:41.956
41.25;1000;buy;10:39:42.825
41.25;170;buy;10:39:43.182
41.25;436;buy;10:39:43.223
41.245;2;sell;10:39:45.042
41.245;2;sell;10:39:46.423
41.25;100;buy;10:39:49.308
41.25;500;buy;10:39:49.591
41.25;679;buy;10:39:50.036
41.245;1;sell;10:39:53.103
41.25;50;buy;10:39:54.581
41.25;1;buy;10:39:56.770
41.25;4;buy;10:39:59.031
41.25;2;buy;10:40:01.198
41.245;7;sell;10:40:05.144
41.25;121;buy;10:40:12.602
41.245;37;sell;10:40:15.251
41.245;255;sell;10:40:17.121
41.245;170;sell;10:40:17.182
41.245;436;sell;10:40:17.223
41.245;291;sell;10:40:17.282
41.245;45;sell;10:40:17.322
41.245;436;sell;10:40:17.323
41.245;121;sell;10:40:17.381
41.245;48;sell;10:40:17.422
41.245;121;sell;10:40:17.481
41.245;121;sell;10:40:17.482
41.245;48;sell;10:40:17.522
41.245;37;sell;10:40:17.571
41.245;677;buy;10:40:17.576
41.245;219;sell;10:40:17.582
41.24;100;sell;10:40:17.593
41.23;1220;buy;10:40:17.596
41.24;49;sell;10:40:17.622
41.235;1;sell;10:40:18.381
41.225;2;sell;10:40:19.161
41.225;10;sell;10:40:36.376
41.225;1;sell;10:40:42.178
41.225;500;sell;10:40:51.035
41.235;10;buy;10:40:53.372
41.24;1;buy;10:40:56.787
41.24;1;buy;10:40:58.024
41.225;13;sell;10:41:04.733
41.225;250;sell;10:41:05.786
41.245;17;buy;10:41:06.891
41.225;9;sell;10:41:07.403
41.225;12;sell;10:41:07.965
41.25;1004;buy;10:41:08.055
41.25;7532;buy;10:41:09.054
41.255;11;buy;10:41:09.077
41.255;485;buy;10:41:09.128
41.255;150;buy;10:41:09.146
41.255;37;buy;10:41:09.171
41.255;121;buy;10:41:09.181
41.255;412;buy;10:41:09.182
41.255;194;buy;10:41:09.221
41.255;3185;buy;10:41:09.223
41.26;29;buy;10:41:09.225
41.265;887;buy;10:41:09.240
41.27;30;buy;10:41:09.242
41.275;30;buy;10:41:09.281
41.28;121;buy;10:41:09.282
41.28;7;buy;10:41:09.311
41.28;21;buy;10:41:09.381
41.285;121;buy;10:41:09.382
41.28;90;buy;10:41:09.395
41.275;1100;sell;10:41:09.402
41.285;436;buy;10:41:09.423
41.29;100;buy;10:41:09.481
41.29;170;buy;10:41:09.482
41.28;200;sell;10:41:09.490
41.29;2;buy;10:41:09.537
41.29;212;buy;10:41:09.581
41.29;270;buy;10:41:09.582
41.29;255;buy;10:41:09.621
41.29;12;buy;10:41:09.624
41.29;46;buy;10:41:09.636
41.29;4;buy;10:41:09.646
41.29;121;buy;10:41:09.681
41.29;12;buy;10:41:09.683
41.29;10;buy;10:41:09.736
41.29;210;buy;10:41:10.071
41.285;224;sell;10:41:11.157
41.285;24;sell;10:41:11.237
41.29;2;buy;10:41:14.164
41.29;1;buy;10:41:14.341
41.29;300;buy;10:41:16.654
41.285;25;sell;10:41:17.865
41.29;300;buy;10:41:19.466
41.29;38;buy;10:41:21.171
41.29;121;buy;10:41:21.281
41.295;121;buy;10:41:21.282
41.295;27;buy;10:41:21.471
41.295;1116;buy;10:41:21.635
41.3;1046;sell;10:41:21.636
41.3;3;buy;10:41:21.711
41.3;120;buy;10:41:21.751
41.3;1000;buy;10:41:22.451
41.3;13;buy;10:41:22.687
41.295;8;sell;10:41:22.694
41.295;25;sell;10:41:26.541
41.3;518;buy;10:41:26.574
41.305;5;buy;10:41:26.883
41.31;3;buy;10:41:26.951
41.31;20;buy;10:41:27.266
41.305;11;sell;10:41:27.290
41.31;5000;buy;10:41:27.814
41.325;3000;buy;10:41:27.815
41.325;1;buy;10:41:27.818
41.325;70;buy;10:41:27.823
41.33;1000;sell;10:41:27.943
41.335;1000;sell;10:41:27.964
41.34;105;buy;10:41:27.979
41.35;8;buy;10:41:27.983
41.34;140;sell;10:41:27.993
41.34;500;buy;10:41:28.124
41.335;7;sell;10:41:28.335
41.335;611;sell;10:41:28.715
41.335;56;sell;10:41:28.861
41.34;100;buy;10:41:28.897
41.34;7;buy;10:41:28.990
41.335;25;sell;10:41:29.551
41.34;7;buy;10:41:30.007
41.335;24;sell;10:41:31.966
41.335;25;sell;10:41:32.597
41.335;356;sell;10:41:32.940
41.335;1;sell;10:41:33.428
41.34;14;buy;10:41:36.538
41.34;1;buy;10:41:37.758
41.335;25;sell;10:41:38.628
41.34;10;buy;10:41:39.453
41.34;2;buy;10:41:40.737
41.34;600;buy;10:41:42.475
41.34;104;buy;10:41:44.201
41.335;25;sell;10:41:46.717
41.335;1;sell;10:41:49.342
41.335;25;sell;10:41:53.340
41.335;1;sell;10:41:53.901
41.335;3;sell;10:41:54.809
41.335;21;sell;10:41:55.298
41.335;36;sell;10:41:58.370
41.335;29;sell;10:41:58.470
41.34;1;buy;10:41:59.330
41.335;33;sell;10:42:01.536
41.335;23;sell;10:42:01.636
41.335;242;sell;10:42:02.282
41.335;737;sell;10:42:02.413
41.335;169;sell;10:42:02.482
41.335;435;sell;10:42:02.523
41.335;411;sell;10:42:02.582
41.335;1;sell;10:42:02.623
41.335;49;sell;10:42:03.544
41.335;14;sell;10:42:03.553
41.335;363;sell;10:42:03.581
41.335;170;sell;10:42:03.582
41.335;194;sell;10:42:03.621
41.335;2;sell;10:42:04.211
41.335;435;sell;10:42:04.523
41.335;243;sell;10:42:04.582
41.34;292;buy;10:42:04.899
41.335;121;sell;10:42:07.981
41.335;169;sell;10:42:08.182
41.34;5;buy;10:42:08.786
41.34;1000;buy;10:42:09.339
41.335;60;sell;10:42:10.321
41.335;121;sell;10:42:10.482
41.335;195;sell;10:42:10.621
41.335;135;sell;10:42:11.183
41.335;135;sell;10:42:11.383
41.335;136;sell;10:42:11.483
41.335;136;sell;10:42:11.582
41.34;20;buy;10:42:12.292
41.335;121;sell;10:42:12.881
41.335;10;sell;10:42:15.904
41.335;133;sell;10:42:16.822
41.335;677;sell;10:42:16.871
41.335;2;sell;10:42:16.971
41.335;135;sell;10:42:17.623
41.335;2000;sell;10:42:17.959
41.335;919;sell;10:42:18.036
41.335;150;sell;10:42:18.037
41.31;5;sell;10:42:19.666
41.31;2;buy;10:42:19.741
41.3;20;sell;10:42:19.759
41.31;2;buy;10:42:19.806
41.31;2;buy;10:42:19.908
41.3;27;sell;10:42:20.295
41.305;210;buy;10:42:27.048
41.315;27;buy;10:42:27.605
41.305;5;sell;10:42:31.740
41.305;1;sell;10:42:32.538
41.31;2;buy;10:42:34.291
41.305;15;sell;10:42:34.506
41.305;7;sell;10:42:35.684
41.305;201;sell;10:42:36.179
41.305;550;sell;10:42:36.190
41.305;98;sell;10:42:36.198
41.305;77;sell;10:42:36.205
41.305;21;sell;10:42:36.222
41.305;200;sell;10:42:36.289
41.3;11;sell;10:42:36.337
41.3;200;sell;10:42:36.551
41.3;200;sell;10:42:36.801
41.3;200;sell;10:42:37.052
41.3;24;sell;10:42:37.397
41.3;8;sell;10:42:38.662
41.305;35;buy;10:42:42.319
41.3;1;sell;10:42:44.823
41.3;30;sell;10:42:45.417
41.3;8;sell;10:42:46.035
41.3;1966;sell;10:42:47.412
41.3;25;sell;10:42:52.558
41.305;240;buy;10:42:53.355
41.305;1;buy;10:42:56.960
41.3;180;sell;10:43:03.689
41.3;1;sell;10:43:03.702
41.29;1;sell;10:43:03.711
41.29;167;buy;10:43:03.712
41.29;291;sell;10:43:03.712
41.27;2;buy;10:43:03.824
41.26;650;sell;10:43:03.931
41.25;2;buy;10:43:03.976
41.24;121;sell;10:43:04.037
41.245;2;buy;10:43:04.039
41.245;2;buy;10:43:04.150
41.245;2;buy;10:43:04.264
41.24;3;sell;10:43:16.581
41.23;106;buy;10:43:16.594
41.23;200;sell;10:43:16.594
41.235;677;buy;10:43:16.836
41.235;70;buy;10:43:17.916
41.235;1;buy;10:43:18.381
41.24;8;buy;10:43:22.738
41.235;500;sell;10:43:26.812
41.24;2;buy;10:43:28.424
41.24;50;buy;10:43:37.593
41.24;2;buy;10:43:37.739
41.24;1;buy;10:43:40.131
41.24;70;buy;10:43:40.301
41.24;1;buy;10:43:42.629
41.235;238;sell;10:43:47.557
41.24;1;buy;10:43:51.072
41.24;5;buy;10:43:54.612
41.24;2;buy;10:44:00.175
41.235;348;sell;10:44:02.538
41.235;107;sell;10:44:26.352
41.225;250;sell;10:44:26.961
41.235;20;buy;10:44:27.463
41.235;1;buy;10:44:29.496
41.235;10;buy;10:44:31.807
41.22;12;sell;10:44:33.852
41.24;1;buy;10:44:42.894
41.235;114;sell;10:44:47.112
41.24;2000;buy;10:44:48.110
41.24;2000;buy;10:44:52.133
41.24;2740;buy;10:44:55.456
41.24;8;buy;10:45:00.664
41.24;3650;buy;10:45:01.102
41.235;3;sell;10:45:04.545
41.24;1;buy;10:45:09.216
41.24;390;buy;10:45:10.001
41.24;2;buy;10:45:17.072
41.24;1;buy;10:45:18.074
41.24;22;buy;10:45:18.999
41.235;242;sell;10:45:25.079
41.24;100;buy;10:45:25.759
41.24;218;buy;10:45:39.195
41.24;1;buy;10:45:40.980
41.24;2;buy;10:45:43.871
41.24;390;buy;10:45:47.616
41.24;679;buy;10:45:48.471
41.24;1;buy;10:45:48.500
41.24;64;buy;10:45:48.682
41.27;121;buy;10:45:48.982
41.27;104;buy;10:45:49.023
41.275;171;buy;10:45:49.036
41.29;25;buy;10:45:49.282
41.295;27;buy;10:45:49.337
41.3;396;buy;10:45:49.382
41.3;78;buy;10:45:49.472
41.3;240;buy;10:45:49.481
41.31;25;buy;10:45:49.482
41.315;9;buy;10:45:49.537
41.315;18;buy;10:45:49.572
41.32;146;buy;10:45:49.621
41.325;65;buy;10:45:49.672
41.32;24;sell;10:45:49.795
41.32;24;sell;10:45:50.067
41.32;48;sell;10:45:50.195
41.32;6;sell;10:45:50.325
41.33;920;buy;10:45:58.746
41.335;10;buy;10:46:01.314
41.33;1;sell;10:46:02.016
41.335;1;buy;10:46:05.497
41.33;677;sell;10:46:05.936
41.33;677;sell;10:46:05.971
41.33;169;sell;10:46:05.982
41.33;103;sell;10:46:06.023
41.33;848;sell;10:46:06.036
41.33;2554;sell;10:46:06.054
41.315;345;buy;10:46:06.065
41.27;20;sell;10:46:18.839
41.295;1;sell;10:46:31.070
41.27;5;sell;10:46:33.489
41.27;133;buy;10:46:42.050
41.285;1;buy;10:46:45.847
41.285;12;buy;10:46:46.478
41.285;3;buy;10:46:53.148
41.27;1067;sell;10:46:57.070
41.255;2;sell;10:47:05.940
41.255;1;sell;10:47:06.149
41.255;30;buy;10:47:10.418
41.255;10;buy;10:47:13.067
41.255;1;buy;10:47:14.740
41.25;7;sell;10:47:24.070
41.245;250;sell;10:47:24.241
41.23;100;sell;10:47:32.941
41.23;2146;sell;10:47:33.047
41.215;100;sell;10:47:34.672
41.215;55;sell;10:47:38.114
41.215;11;sell;10:47:40.343
41.215;485;sell;10:47:55.358
41.225;1;buy;10:47:56.276
41.22;50;buy;10:48:05.806
41.22;10;buy;10:48:18.678
41.22;198;buy;10:48:25.233
41.22;72;sell;10:48:28.714
41.215;50;sell;10:48:29.964
41.225;33;buy;10:48:30.741
41.225;92;buy;10:48:41.555
41.225;4;sell;10:48:43.020
41.23;1;buy;10:48:46.366
41.225;200;sell;10:48:47.994
41.215;10;sell;10:48:51.642
41.215;1;sell;10:48:53.595
41.215;9;sell;10:48:58.228
41.215;1;sell;10:49:01.337
41.215;12;sell;10:49:11.490
41.215;27;sell;10:49:12.303
41.215;12;sell;10:49:12.528
41.22;1;buy;10:49:14.349
41.22;35;buy;10:49:18.036
41.23;200;sell;10:49:46.966
41.225;5;sell;10:49:53.194
41.225;10;sell;10:49:56.291
41.245;4;buy;10:50:03.284
41.225;3;sell;10:50:04.925
41.235;1;sell;10:50:08.242
41.25;2;buy;10:50:18.738
41.25;20;buy;10:50:27.462
41.255;17;buy;10:50:36.336
41.27;5;buy;10:50:36.454
41.275;3;buy;10:50:39.171
41.255;78;sell;10:50:39.500
41.27;1;buy;10:50:44.397
41.265;100;buy;10:50:50.816
41.25;23;sell;10:50:51.484
41.25;1;buy;10:50:58.261
41.25;12;buy;10:51:08.736
41.255;100;buy;10:51:14.493
41.26;1;buy;10:51:16.357
41.26;3;buy;10:51:16.700
41.26;20;buy;10:51:18.845
41.24;4;sell;10:51:31.296
41.25;1;buy;10:51:33.583
41.24;120;sell;10:51:38.952
41.25;4;buy;10:51:40.436
41.25;35;buy;10:51:47.520
41.255;1212;sell;10:51:58.023
41.255;3;sell;10:51:58.290
41.25;1212;sell;10:51:59.551
41.24;1532;sell;10:52:00.091
41.235;175;sell;10:52:02.884
41.25;17;buy;10:52:08.314
41.25;1000;buy;10:52:11.534
41.25;10;buy;10:52:16.399
41.25;4;buy;10:52:27.517
41.245;1;buy;10:52:35.445
41.23;8;sell;10:52:47.503
41.23;10;sell;10:52:52.070
41.225;1;sell;10:52:53.553
41.225;126;sell;10:52:54.070
41.245;1218;buy;10:52:56.551
41.225;10;buy;10:53:10.605
41.225;2;buy;10:53:20.747
41.22;160;sell;10:53:30.238
41.225;10;buy;10:53:34.850
41.225;1;buy;10:53:36.838
41.225;1;buy;10:53:38.874
41.22;399;sell;10:53:40.213
41.225;13;buy;10:53:41.063
41.215;1;sell;10:53:49.213
41.215;2455;sell;10:53:56.300
41.21;5;buy;10:53:56.388
41.21;100;buy;10:53:57.072
41.21;8;buy;10:53:57.837
41.205;3313;sell;10:53:59.542
41.195;2;sell;10:53:59.571
41.195;27;sell;10:53:59.771
41.19;5;sell;10:53:59.795
41.19;100;sell;10:53:59.921
41.19;1035;sell;10:54:00.593
41.185;22;sell;10:54:04.390
41.19;2;buy;10:54:06.752
41.185;100;sell;10:54:10.226
41.19;50;buy;10:54:11.954
41.19;3;buy;10:54:12.349
41.19;40;buy;10:54:14.956
41.185;50;sell;10:54:20.168
41.19;201;buy;10:54:20.732
41.205;100;buy;10:54:30.151
41.215;1;buy;10:54:33.773
41.225;1;buy;10:54:34.326
41.22;250;sell;10:54:42.439
41.225;5;buy;10:54:45.468
41.225;50;buy;10:54:47.620
41.225;2;buy;10:54:47.699
41.225;3;buy;10:54:49.278
41.225;1200;buy;10:54:53.130
41.225;123;buy;10:54:53.217
41.215;19;sell;10:54:53.676
41.225;1;buy;10:55:04.055
41.225;1;buy;10:55:05.222
41.225;12;buy;10:55:09.620
41.22;5;sell;10:55:17.109
41.225;10;buy;10:55:18.207
41.225;674;buy;10:55:23.746
41.23;43;sell;10:55:26.641
41.235;2;buy;10:55:30.727
41.225;652;sell;10:55:37.171
41.225;33;sell;10:55:37.472
41.225;33;sell;10:55:39.472
41.225;33;sell;10:55:39.572
41.225;33;sell;10:55:39.672
41.225;4;sell;10:55:39.772
41.22;106;sell;10:55:39.866
41.22;2;sell;10:55:39.923
41.22;119;sell;10:55:39.982
41.215;475;buy;10:55:40.008
41.205;1;sell;10:55:42.537
41.21;1;buy;10:55:43.454
41.21;1;buy;10:55:51.155
41.21;1;buy;10:55:52.278
41.205;1046;sell;10:56:05.612
41.185;201;sell;10:56:08.976
41.185;22;sell;10:56:10.488
41.185;44;sell;10:56:13.937
41.19;180;buy;10:56:14.413
41.19;1;buy;10:56:17.654
41.19;34;buy;10:56:18.274
41.19;36;buy;10:56:20.629
41.19;32;buy;10:56:23.078
41.19;8;buy;10:56:24.078
41.185;10;sell;10:56:25.522
41.19;133;buy;10:56:26.657
41.19;26;buy;10:56:28.764
41.19;447;buy;10:56:30.271
41.19;169;buy;10:56:30.284
41.205;232;buy;10:56:30.371
41.22;46;sell;10:56:39.433
41.235;1;buy;10:56:53.118
41.235;1;buy;10:56:53.219
41.235;1;buy;10:56:53.375
41.235;1;buy;10:56:53.536
41.235;1;buy;10:56:53.642
41.235;1;buy;10:56:53.803
41.235;1;buy;10:56:53.931
41.235;1;buy;10:56:54.109
41.235;1;buy;10:56:54.239
41.235;1;buy;10:56:54.553
41.235;1;buy;10:56:54.709
41.235;1;buy;10:56:54.930
41.235;1;buy;10:56:55.003
41.235;1;buy;10:56:55.178
41.235;1;buy;10:56:55.304
41.235;1;buy;10:56:55.476
41.235;1;buy;10:56:55.587
41.235;1;buy;10:56:55.701
41.235;1;buy;10:56:55.794
41.235;1;buy;10:56:55.968
41.235;1;buy;10:56:56.075
41.235;1;buy;10:56:56.285
41.235;1;buy;10:56:56.427
41.235;1;buy;10:56:56.542
41.235;1;buy;10:56:56.727
41.235;1;buy;10:56:56.896
41.235;1;buy;10:56:57.065
41.235;1;buy;10:56:57.193
41.235;60;buy;10:56:57.274
41.235;1;buy;10:56:57.325
41.235;1;buy;10:56:57.495
41.235;1;buy;10:56:57.753
41.235;1;buy;10:56:57.836
41.235;1;buy;10:56:57.958
41.235;1;buy;10:56:58.176
41.235;1;buy;10:56:58.371
41.235;1;buy;10:56:58.477
41.235;1;buy;10:56:58.588
41.235;1;buy;10:56:58.810
41.235;1;buy;10:56:58.946
41.235;1;buy;10:56:59.134
41.22;100;sell;10:56:59.283
41.235;1;buy;10:57:00.242
41.235;1;buy;10:57:00.435
41.235;1;buy;10:57:00.607
41.235;1;buy;10:57:00.744
41.235;1;buy;10:57:00.984
41.24;1;buy;10:57:01.365
41.24;1;buy;10:57:01.478
41.24;1;buy;10:57:01.689
41.235;679;sell;10:57:06.671
41.235;1;buy;10:57:09.816
41.235;1;buy;10:57:10.000
41.235;1;buy;10:57:10.112
41.235;1;buy;10:57:10.283
41.235;1;buy;10:57:10.428
41.235;1;buy;10:57:10.620
41.235;1;buy;10:57:10.732
41.235;1;buy;10:57:10.896
41.235;1;buy;10:57:11.092
41.235;1;buy;10:57:11.233
41.235;1;buy;10:57:12.022
41.235;1;buy;10:57:12.265
41.235;1;buy;10:57:12.817
41.235;1;buy;10:57:12.989
41.235;1;buy;10:57:13.205
41.22;6;sell;10:57:13.211
41.235;1;buy;10:57:13.314
41.235;1;buy;10:57:13.495
41.235;1;buy;10:57:13.687
41.23;1;buy;10:57:14.461
41.23;1;buy;10:57:15.068
41.23;201;buy;10:57:18.282
41.23;125;buy;10:57:18.326
41.235;114;buy;10:57:19.080
41.24;1;buy;10:57:21.742
41.24;1;buy;10:57:21.872
41.24;1;buy;10:57:22.047
41.24;1;buy;10:57:22.173
41.24;1;buy;10:57:22.339
41.24;1;buy;10:57:22.534
41.24;1;buy;10:57:22.636
41.24;1;buy;10:57:22.847
41.24;1;buy;10:57:22.912
41.24;1;buy;10:57:23.051
41.24;1;buy;10:57:23.203
41.24;1;buy;10:57:23.504
41.24;103;buy;10:57:24.360
41.24;242;buy;10:57:24.481
41.24;1;buy;10:57:24.517
41.24;48;buy;10:57:24.521
41.24;242;buy;10:57:24.582
41.245;145;buy;10:57:24.618
41.245;201;buy;10:57:24.619
41.245;35;buy;10:57:24.654
41.245;201;buy;10:57:24.655
41.245;105;buy;10:57:24.677
41.245;123;buy;10:57:24.694
41.245;77;buy;10:57:24.711
41.245;679;buy;10:57:24.721
41.245;242;buy;10:57:24.742
41.245;121;buy;10:57:24.743
41.245;32;buy;10:57:24.745
41.245;145;buy;10:57:24.774
41.245;7;buy;10:57:24.793
41.245;255;buy;10:57:24.795
41.245;45;buy;10:57:24.797
41.245;1;buy;10:57:24.819
41.245;8;buy;10:57:24.823
41.245;679;buy;10:57:24.824
41.245;11;buy;10:57:24.840
41.245;132;buy;10:57:24.875
41.245;37;buy;10:57:24.886
41.245;67;buy;10:57:24.899
41.245;67;buy;10:57:24.915
41.245;67;buy;10:57:24.926
41.245;10;buy;10:57:24.928
41.245;123;buy;10:57:24.940
41.245;11;buy;10:57:24.951
41.245;679;buy;10:57:24.953
41.245;78;buy;10:57:24.954
41.245;64;buy;10:57:24.984
41.245;13;buy;10:57:24.989
41.245;679;buy;10:57:24.991
41.245;137;buy;10:57:24.998
41.245;121;buy;10:57:25.006
41.245;30;buy;10:57:25.032
41.245;13;buy;10:57:25.038
41.245;13;buy;10:57:25.056
41.245;611;buy;10:57:25.057
41.245;14;buy;10:57:25.119
41.245;120;buy;10:57:25.136
41.245;49;buy;10:57:25.188
41.245;200;buy;10:57:25.196
41.245;18;buy;10:57:25.199
41.245;201;buy;10:57:25.229
41.245;112;buy;10:57:25.243
41.245;33;buy;10:57:25.272
41.245;22;buy;10:57:25.284
41.245;137;buy;10:57:25.310
41.245;118;buy;10:57:25.323
41.245;20;buy;10:57:25.339
41.245;21;buy;10:57:25.357
41.245;21;buy;10:57:25.385
41.245;21;buy;10:57:25.394
41.245;109;buy;10:57:25.397
41.245;22;buy;10:57:25.414
41.245;55;buy;10:57:25.422
41.245;22;buy;10:57:25.454
41.245;56;buy;10:57:25.505
41.245;22;buy;10:57:25.525
41.245;31;buy;10:57:25.580
41.245;31;buy;10:57:25.651
41.245;96;buy;10:57:25.763
41.245;1;buy;10:57:25.824
41.245;1;buy;10:57:26.115
41.245;1;buy;10:57:26.274
41.245;99;buy;10:57:26.414
41.245;1;buy;10:57:26.489
41.245;1;buy;10:57:26.713
41.245;48;buy;10:57:26.714
41.245;1;buy;10:57:26.944
41.24;2916;sell;10:57:27.055
41.24;242;sell;10:57:27.082
41.245;1;buy;10:57:27.193
41.245;1;buy;10:57:27.480
41.245;158;buy;10:57:27.493
41.245;1;buy;10:57:27.698
41.245;658;buy;10:57:27.700
41.245;143;buy;10:57:27.746
41.245;1;buy;10:57:27.986
41.245;130;buy;10:57:27.997
41.245;1;buy;10:57:28.123
41.245;118;buy;10:57:28.248
41.245;2;buy;10:57:28.407
41.245;107;buy;10:57:28.650
41.245;966;buy;10:57:28.746
41.245;97;buy;10:57:29.307
41.245;89;buy;10:57:30.282
41.245;106;buy;10:57:31.375
41.245;1;buy;10:57:32.644
41.245;1;buy;10:57:32.865
41.245;1;buy;10:57:33.007
41.245;70;buy;10:57:33.008
41.245;1;buy;10:57:33.209
41.245;25;buy;10:57:34.195
41.245;1;buy;10:57:34.319
41.24;2298;sell;10:57:35.054
41.235;25;sell;10:57:43.581
41.245;1;buy;10:57:43.926
41.245;1;buy;10:57:44.118
41.245;300;buy;10:57:44.176
41.235;29;sell;10:57:44.220
41.245;1;buy;10:57:44.277
41.245;1;buy;10:57:44.366
41.245;1;buy;10:57:44.521
41.245;1;buy;10:57:44.656
41.245;1;buy;10:57:44.833
41.245;1;buy;10:57:44.971
41.245;1;buy;10:57:45.121
41.245;1;buy;10:57:45.260
41.245;1;buy;10:57:45.476
41.245;1;buy;10:57:45.650
41.245;1;buy;10:57:46.392
41.245;1;buy;10:57:46.562
41.245;1;buy;10:57:46.723
41.245;1;buy;10:57:46.902
41.245;1;buy;10:57:46.993
41.245;1;buy;10:57:47.165
41.245;1;buy;10:57:47.313
41.245;1;buy;10:57:47.474
41.245;1;buy;10:57:47.637
41.24;1;buy;10:57:51.090
41.24;1;buy;10:57:51.264
41.24;1;buy;10:57:51.478
41.235;31;sell;10:57:56.475
41.235;69;sell;10:57:56.982
41.235;8;sell;10:57:57.736
41.23;1233;sell;10:58:01.055
41.24;3;buy;10:58:01.194
41.225;8;sell;10:58:02.320
41.22;144;sell;10:58:05.682
41.235;3;buy;10:58:06.995
41.215;8;sell;10:58:07.682
41.21;500;sell;10:58:08.935
41.23;10;buy;10:58:12.693
41.23;5;buy;10:58:12.859
41.215;1;sell;10:58:14.682
41.225;5;buy;10:58:19.189
41.215;102;sell;10:58:23.682
41.205;5;sell;10:58:25.002
41.205;8;sell;10:58:26.236
41.2;14;sell;10:58:26.320
41.21;2000;buy;10:58:27.215
41.21;2000;buy;10:58:27.989
41.235;2000;buy;10:58:28.943
41.23;31;sell;10:58:34.687
41.23;1000;sell;10:58:37.396
41.235;700;buy;10:58:38.190
41.235;1000;sell;10:58:42.966
41.245;5;buy;10:58:46.147
41.235;700;sell;10:58:51.341
41.235;1000;sell;10:58:58.712
41.23;1000;sell;10:59:01.333
41.225;1000;sell;10:59:03.808
41.22;1000;sell;10:59:05.266
41.215;79;sell;10:59:09.808
41.21;13;sell;10:59:17.035
41.205;1000;sell;10:59:30.207
41.195;1000;sell;10:59:40.640
41.185;1500;sell;10:59:42.405
41.185;16;sell;10:59:43.882
41.185;51;sell;10:59:43.982
41.195;3;buy;10:59:53.845
41.195;400;buy;11:00:04.869
41.205;2;sell;11:00:06.141
41.205;8;sell;11:00:11.620
41.2;10;sell;11:00:14.420
41.2;10;sell;11:00:14.520
41.19;9;sell;11:00:14.920
41.19;8;sell;11:00:15.620
41.185;9;sell;11:00:16.620
41.185;9;sell;11:00:16.720
41.185;9;sell;11:00:16.820
41.185;9;sell;11:00:16.920
41.185;9;sell;11:00:17.820
41.185;6;sell;11:00:17.920
41.205;100;buy;11:00:18.684
41.205;1;buy;11:00:20.768
41.19;8;buy;11:00:28.334
41.185;6;sell;11:00:36.470
41.185;6;sell;11:00:36.570
41.185;6;sell;11:00:36.970
41.185;6;sell;11:00:37.070
41.185;6;sell;11:00:37.170
41.185;92;sell;11:00:37.171
41.18;6;sell;11:00:38.170
41.18;6;sell;11:00:38.470
41.18;6;sell;11:00:38.570
41.18;6;sell;11:00:38.670
41.18;2;sell;11:00:38.970
41.18;42;sell;11:00:39.171
41.19;250;buy;11:00:48.498
41.175;116;sell;11:00:50.313
41.195;1;buy;11:01:00.268
41.18;3;buy;11:01:04.748
41.175;1707;sell;11:01:10.743
41.155;266;buy;11:01:10.744
41.15;10;sell;11:01:10.770
41.15;17;sell;11:01:10.770
41.155;28;buy;11:01:10.862
41.15;1000;sell;11:01:12.950
41.145;1000;sell;11:01:13.837
41.145;1000;sell;11:01:14.667
41.14;11;sell;11:01:14.813
41.155;1;buy;11:01:15.014
41.155;90;buy;11:01:16.444
41.14;1000;sell;11:01:16.471
41.155;2;buy;11:01:17.347
41.155;50;buy;11:01:18.896
41.155;115;buy;11:01:27.658
41.155;104;buy;11:01:27.912
41.155;192;buy;11:01:27.947
41.155;8;buy;11:01:27.950
41.155;94;buy;11:01:33.661
41.155;24;buy;11:01:35.319
41.155;10;buy;11:01:39.675
41.15;100;sell;11:01:46.330
41.15;100;sell;11:01:58.856
41.15;6;buy;11:02:33.904
41.15;30;buy;11:02:38.810
41.145;1;sell;11:02:39.288
41.155;500;buy;11:02:58.145
41.15;500;sell;11:02:58.486
41.155;3;buy;11:03:01.226
41.155;2000;buy;11:03:16.497
41.155;2;buy;11:03:29.538
41.155;3;buy;11:03:36.892
41.155;8;buy;11:03:45.114
41.15;35;sell;11:03:46.329
41.155;2;buy;11:03:46.454
41.155;240;buy;11:03:54.266
41.155;11;buy;11:03:54.891
41.155;2;buy;11:03:59.645
41.155;2;buy;11:04:00.825
41.155;2;buy;11:04:04.962
41.155;1;buy;11:04:08.054
41.155;1;buy;11:04:25.130
41.155;11;buy;11:04:28.494
41.155;1;buy;11:04:42.734
41.155;25;buy;11:04:50.037
41.15;250;sell;11:04:50.673
41.15;250;sell;11:04:51.349
41.15;100;sell;11:04:53.060
41.155;1;buy;11:04:54.082
41.15;23;sell;11:05:02.712
41.15;100;sell;11:05:05.376
41.155;1;buy;11:05:08.692
41.15;10;buy;11:05:12.978
41.15;2;buy;11:05:13.241
41.15;26;buy;11:05:15.086
41.15;4;buy;11:05:16.612
41.15;1;buy;11:05:17.093
41.15;1;buy;11:05:18.269
41.145;1;sell;11:05:22.686
41.15;1;buy;11:05:33.693
41.15;86;buy;11:05:45.760
41.15;363;buy;11:05:46.593
41.15;63;buy;11:05:49.727
41.15;300;buy;11:05:51.516
41.15;1;buy;11:05:52.363
41.15;365;buy;11:05:53.251
41.155;1;buy;11:05:55.984
41.155;500;buy;11:06:07.067
41.155;1;buy;11:06:08.757
41.155;1;buy;11:06:10.371
41.155;4;buy;11:06:15.643
41.155;3;buy;11:06:22.215
41.155;10;buy;11:06:22.876
41.155;70;buy;11:06:24.333
41.155;2;buy;11:06:26.552
41.155;3;buy;11:06:30.745
41.15;2500;sell;11:06:33.631
41.155;1;buy;11:06:36.699
41.155;10;buy;11:06:38.862
41.155;4;buy;11:06:40.256
41.15;74;sell;11:06:44.647
41.15;150;sell;11:06:55.001
41.155;33;buy;11:06:56.866
41.155;10;buy;11:07:01.818
41.155;500;buy;11:07:05.056
41.155;124;buy;11:07:13.283
41.155;175;buy;11:07:13.538
41.155;168;buy;11:07:13.789
41.15;100;sell;11:07:13.915
41.155;153;buy;11:07:14.040
41.155;139;buy;11:07:14.293
41.155;126;buy;11:07:14.544
41.155;114;buy;11:07:14.794
41.155;1;buy;11:07:14.870
41.155;104;buy;11:07:15.044
41.155;135;buy;11:07:15.371
41.155;2;buy;11:07:15.985
41.155;95;buy;11:07:16.133
41.155;24;buy;11:07:17.748
41.15;5;sell;11:07:23.920
41.15;850;sell;11:07:24.990
41.155;2;buy;11:07:29.296
41.155;4;buy;11:07:31.486
41.155;1;buy;11:07:36.392
41.155;1;buy;11:07:39.178
41.15;1;sell;11:07:44.074
41.15;1;buy;11:07:48.393
41.15;1;buy;11:08:05.883
41.15;2;buy;11:08:05.962
41.15;3;buy;11:08:10.525
41.15;1;buy;11:08:14.979
41.15;100;buy;11:08:15.811
41.15;243;buy;11:08:20.207
41.15;29;sell;11:08:22.876
41.155;15;buy;11:08:32.642
41.155;1;buy;11:08:33.643
41.155;1;buy;11:08:36.302
41.155;1;buy;11:08:38.160
41.15;312;sell;11:08:39.527
41.155;16;buy;11:08:42.095
41.155;1309;buy;11:08:42.537
41.155;5;buy;11:08:44.189
41.155;14;buy;11:08:47.492
41.155;203;buy;11:09:01.071
41.155;248;buy;11:09:02.070
41.16;227;buy;11:09:03.036
41.175;3;sell;11:09:05.939
41.195;8;buy;11:09:13.871
41.205;1;buy;11:09:26.315
41.21;1;buy;11:09:27.288
41.21;4;buy;11:09:29.741
41.21;75;buy;11:09:30.063
41.21;33;buy;11:09:30.966
41.22;10;buy;11:09:32.598
41.22;3;buy;11:09:47.165
41.22;30;buy;11:09:49.902
41.22;5;buy;11:09:54.159
41.22;150;buy;11:09:55.868
41.21;2;sell;11:09:56.493
41.22;2;buy;11:10:00.849
41.21;1;sell;11:10:01.078
41.22;1;buy;11:10:05.369
41.22;50;buy;11:10:10.325
41.21;59;sell;11:10:13.421
41.21;76;sell;11:10:14.688
41.21;3;sell;11:10:14.694
41.21;242;sell;11:10:14.781
41.21;121;sell;11:10:15.781
41.21;194;sell;11:10:15.921
41.205;8;sell;11:10:15.935
41.21;100;buy;11:10:16.263
41.205;200;sell;11:10:16.465
41.205;424;sell;11:10:16.478
41.205;139;sell;11:10:16.546
41.205;46;buy;11:10:16.597
41.205;242;sell;11:10:16.598
41.205;256;buy;11:10:16.726
41.2;272;sell;11:10:16.852
41.21;1;buy;11:10:19.279
41.2;1213;sell;11:10:24.403
41.205;1;buy;11:10:24.796
41.205;1;buy;11:10:26.789
41.205;16;buy;11:10:29.036
41.205;2;buy;11:10:29.913
41.2;1228;sell;11:10:30.897
41.205;100;buy;11:10:31.052
41.21;1;buy;11:10:40.513
41.2;50;sell;11:10:40.528
41.205;200;sell;11:10:45.218
41.21;19;buy;11:10:46.070
41.21;1;buy;11:10:56.872
41.21;1;buy;11:11:09.751
41.21;4;buy;11:11:14.324
41.205;363;sell;11:11:18.218
41.205;150;sell;11:11:20.538
41.205;8;buy;11:11:28.779
41.205;10;buy;11:11:29.920
41.2;500;sell;11:11:30.267
41.18;5;sell;11:11:32.687
41.185;14;buy;11:11:38.215
41.18;1609;sell;11:11:41.629
41.165;7;sell;11:11:43.836
41.165;7;sell;11:11:43.936
41.165;250;sell;11:11:44.036
41.165;8;sell;11:11:44.736
41.165;8;sell;11:11:44.836
41.165;8;sell;11:11:44.936
41.16;5;buy;11:11:45.378
41.16;140;buy;11:11:49.735
41.155;4;sell;11:11:50.060
41.155;219;sell;11:11:50.064
41.155;67;sell;11:11:50.181
41.155;2085;buy;11:11:52.054
41.155;87;buy;11:11:52.054
41.16;85;buy;11:11:54.043
41.145;5;sell;11:11:57.904
41.165;3;buy;11:11:58.324
41.155;12;sell;11:12:07.081
41.175;9;buy;11:12:11.820
41.175;27;buy;11:12:16.482
41.155;6;sell;11:12:18.157
41.175;97;buy;11:12:18.679
41.175;2;buy;11:12:18.751
41.175;1;buy;11:12:19.430
41.175;27;buy;11:12:27.020
41.175;3;buy;11:12:31.413
41.175;65;buy;11:12:37.536
41.175;27;buy;11:12:38.022
41.175;27;buy;11:12:49.015
41.175;65;buy;11:12:52.020
41.175;21;buy;11:12:59.314
41.175;27;buy;11:13:00.027
41.175;64;buy;11:13:07.026
41.175;27;buy;11:13:11.024
41.17;2400;sell;11:13:13.335
41.175;3;buy;11:13:17.076
41.175;9;buy;11:13:18.322
41.175;27;buy;11:13:22.029
41.175;65;buy;11:13:22.037
41.17;44;sell;11:13:25.986
41.175;1;buy;11:13:29.797
41.175;26;buy;11:13:33.028
41.175;2;buy;11:13:34.854
41.175;64;buy;11:13:37.039
41.175;30;buy;11:13:39.442
41.175;240;buy;11:13:44.006
41.175;27;buy;11:13:44.028
41.175;1;buy;11:13:46.088
41.175;65;buy;11:13:52.040
41.175;27;buy;11:13:55.045
41.175;4620;buy;11:14:03.105
41.21;1500;buy;11:14:04.777
41.21;185;buy;11:14:04.823
41.225;27;buy;11:14:06.053
41.225;65;buy;11:14:07.042
41.235;25;buy;11:14:07.383
41.22;4940;sell;11:14:09.410
41.215;127;buy;11:14:09.423
41.215;1;buy;11:14:10.611
41.215;10;buy;11:14:11.688
41.215;1;buy;11:14:14.335
41.215;1;buy;11:14:14.408
41.215;1;buy;11:14:16.370
41.215;27;buy;11:14:17.039
41.215;5;buy;11:14:19.588
41.215;64;buy;11:14:22.062
41.215;14;buy;11:14:23.687
41.215;1;buy;11:14:25.618
41.215;27;buy;11:14:28.048
41.215;44;buy;11:14:28.300
41.205;6;sell;11:14:34.625
41.215;65;buy;11:14:37.068
41.215;2769;buy;11:14:38.184
41.215;27;buy;11:14:39.048
41.215;1;buy;11:14:42.569
41.215;27;buy;11:14:50.051
41.215;64;buy;11:14:52.069
41.215;27;buy;11:15:01.041
41.215;65;buy;11:15:07.073
41.205;100;sell;11:15:07.473
41.205;10;sell;11:15:09.990
41.215;27;buy;11:15:12.052
41.205;2;sell;11:15:13.637
41.215;1;buy;11:15:15.557
41.215;1;buy;11:15:15.857
41.205;302;sell;11:15:17.765
41.215;65;buy;11:15:22.078
41.215;27;buy;11:15:23.059
41.21;2;buy;11:15:30.428
41.215;1;buy;11:15:31.973
41.215;27;buy;11:15:34.050
41.215;4;buy;11:15:34.086
41.215;27;buy;11:15:34.752
41.215;3;buy;11:15:35.857
41.215;72;buy;11:15:36.833
41.215;64;buy;11:15:37.090
41.215;72;buy;11:15:38.448
41.215;250;buy;11:15:42.861
41.215;26;buy;11:15:45.064
41.215;14;buy;11:15:48.846
41.215;120;buy;11:15:51.412
41.215;65;buy;11:15:52.093
41.215;1;buy;11:15:53.028
41.21;3334;sell;11:15:56.028
41.2;27;buy;11:15:56.055
41.2;17;buy;11:16:05.030
41.195;8;sell;11:16:06.071
41.2;27;buy;11:16:07.064
41.2;65;buy;11:16:07.098
41.2;104;buy;11:16:08.925
41.19;42;sell;11:16:12.070
41.185;37;sell;11:16:13.070
41.18;37;sell;11:16:15.074
41.19;27;buy;11:16:18.059
41.19;1;buy;11:16:21.201
41.19;64;buy;11:16:22.098
41.19;27;buy;11:16:29.069
41.175;1205;sell;11:16:31.146
41.16;270;sell;11:16:32.070
41.165;4;buy;11:16:35.508
41.165;65;buy;11:16:37.104
41.155;20;sell;11:16:39.496
41.165;27;buy;11:16:40.073
41.165;3;buy;11:16:40.292
41.165;68;buy;11:16:45.698
41.165;1;buy;11:16:46.515
41.155;15;sell;11:16:47.109
41.165;27;buy;11:16:51.072
41.16;64;buy;11:16:52.117
41.155;2;sell;11:16:59.327
41.155;1;sell;11:17:00.344
41.16;27;buy;11:17:02.074
41.16;5;buy;11:17:05.600
41.16;65;buy;11:17:07.120
41.16;27;buy;11:17:13.073
41.165;3;buy;11:17:15.193
41.165;65;buy;11:17:22.128
41.165;68;buy;11:17:23.460
41.165;27;buy;11:17:24.079
41.165;1;buy;11:17:24.687
41.165;120;buy;11:17:27.351
41.165;27;buy;11:17:35.074
41.165;64;buy;11:17:37.129
41.165;27;buy;11:17:46.082
41.16;1;sell;11:17:50.024
41.165;5;buy;11:17:52.123
41.165;65;buy;11:17:52.139
41.165;2;buy;11:17:54.060
41.165;1382;buy;11:17:55.824
41.16;1297;sell;11:17:56.872
41.15;26;buy;11:17:57.090
41.145;1;sell;11:17:58.948
41.15;5;buy;11:17:59.435
41.15;64;buy;11:18:07.139
41.15;27;buy;11:18:08.095
41.15;6;buy;11:18:08.246
41.145;1900;sell;11:18:13.154
41.145;1;buy;11:18:16.497
41.145;4;buy;11:18:16.520
41.145;27;buy;11:18:19.106
41.145;65;buy;11:18:22.146
41.15;27;buy;11:18:30.086
41.15;65;buy;11:18:37.148
41.15;1;buy;11:18:38.508
41.15;27;buy;11:18:41.095
41.15;10;buy;11:18:41.382
41.15;5;buy;11:18:42.330
41.165;27;buy;11:18:52.161
41.165;64;buy;11:18:52.171
41.165;165;buy;11:18:55.278
41.165;4;buy;11:18:58.959
41.165;10;buy;11:18:59.257
41.165;27;buy;11:19:03.106
41.165;10;buy;11:19:04.435
41.165;5;buy;11:19:04.460
41.155;212;sell;11:19:04.903
41.165;5;buy;11:19:07.080
41.165;65;buy;11:19:07.160
41.165;10;buy;11:19:11.481
41.165;115;buy;11:19:12.887
41.165;104;buy;11:19:13.147
41.165;27;buy;11:19:14.108
41.16;212;sell;11:19:16.823
41.155;14;sell;11:19:18.112
41.165;64;buy;11:19:22.165
41.165;27;buy;11:19:25.104
41.16;212;sell;11:19:29.643
41.165;300;buy;11:19:31.276
41.165;95;buy;11:19:31.982
41.165;3;buy;11:19:33.335
41.165;27;buy;11:19:36.100
41.165;65;buy;11:19:37.173
41.155;30;sell;11:19:42.261
41.155;212;sell;11:19:42.464
41.155;2;sell;11:19:44.785
41.165;27;buy;11:19:47.111
41.155;2443;sell;11:19:49.252
41.14;500;buy;11:19:49.253
41.135;61;sell;11:19:50.071
41.14;6;buy;11:19:50.288
41.14;65;buy;11:19:52.183
41.13;212;sell;11:19:55.285
41.13;186;sell;11:19:57.923
41.13;1;sell;11:19:57.982
41.14;27;buy;11:19:58.109
41.14;2;buy;11:19:59.230
41.13;1500;sell;11:19:59.701
41.13;212;sell;11:20:00.162
41.13;11;sell;11:20:01.763
41.13;4990;sell;11:20:02.208
41.135;1500;buy;11:20:02.214
41.135;308;buy;11:20:02.220
41.14;1192;buy;11:20:02.221
41.14;1036;buy;11:20:02.226
41.145;102;buy;11:20:02.228
41.155;267;buy;11:20:02.234
41.16;717;buy;11:20:02.239
41.165;783;buy;11:20:02.240
41.165;1500;buy;11:20:02.246
41.165;1500;buy;11:20:02.251
41.16;25;sell;11:20:02.294
41.16;1;sell;11:20:02.316
41.16;6;sell;11:20:02.377
41.16;1250;sell;11:20:02.922
41.165;291;buy;11:20:03.282
41.165;437;buy;11:20:03.323
41.16;200;sell;11:20:03.363
41.165;91;buy;11:20:05.895
41.16;53;sell;11:20:06.054
41.165;64;buy;11:20:07.185
41.16;212;sell;11:20:08.106
41.165;26;buy;11:20:09.108
41.165;1;buy;11:20:11.114
41.165;1;buy;11:20:11.282
41.165;1;buy;11:20:12.604
41.16;212;sell;11:20:12.656
41.165;1;buy;11:20:13.568
41.165;118;buy;11:20:13.808
41.165;175;buy;11:20:14.064
41.165;159;buy;11:20:14.317
41.165;144;buy;11:20:14.567
41.165;1;buy;11:20:14.678
41.165;131;buy;11:20:14.818
41.165;119;buy;11:20:15.068
41.165;108;buy;11:20:15.319
41.165;1;buy;11:20:16.250
41.165;1250;buy;11:20:16.597
41.165;1;buy;11:20:17.559
41.165;1;buy;11:20:19.889
41.165;27;buy;11:20:20.108
41.16;212;sell;11:20:20.926
41.165;1;buy;11:20:21.996
41.16;5000;sell;11:20:22.051
41.165;65;buy;11:20:22.194
41.16;8;sell;11:20:23.071
41.15;1;sell;11:20:23.127
41.16;1;buy;11:20:24.040
41.15;7;sell;11:20:24.071
41.16;2;buy;11:20:24.703
41.15;2044;sell;11:20:25.055
41.145;8;sell;11:20:25.082
41.14;1;sell;11:20:25.282
41.135;212;sell;11:20:25.309
41.13;509;sell;11:20:25.671
41.125;171;sell;11:20:25.971
41.145;1;buy;11:20:26.159
41.125;329;sell;11:20:27.771
41.135;1;buy;11:20:27.859
41.125;352;sell;11:20:27.874
41.125;148;sell;11:20:27.882
41.125;53;sell;11:20:28.601
41.13;1;buy;11:20:29.447
41.13;1;buy;11:20:30.648
41.125;53;sell;11:20:30.764
41.13;27;buy;11:20:31.118
41.13;2;buy;11:20:31.829
41.125;394;sell;11:20:31.923
41.125;123;sell;11:20:31.972
41.125;123;sell;11:20:32.072
41.125;124;sell;11:20:32.172
41.125;124;sell;11:20:32.272
41.125;6;sell;11:20:32.372
41.125;500;buy;11:20:32.373
41.125;1464;sell;11:20:33.055
41.125;500;sell;11:20:33.071
41.13;1;buy;11:20:35.264
41.125;28;sell;11:20:36.706
41.13;1;buy;11:20:36.733
41.13;64;buy;11:20:37.191
41.13;1;buy;11:20:37.795
41.13;10;buy;11:20:38.249
41.13;1;buy;11:20:38.857
41.135;1;buy;11:20:40.010
41.14;27;buy;11:20:42.111
41.14;1;buy;11:20:42.311
41.14;3;buy;11:20:43.902
41.14;4;buy;11:20:44.329
41.14;1;buy;11:20:45.678
41.14;1;buy;11:20:47.065
41.14;1;buy;11:20:47.982
41.14;9;buy;11:20:48.082
41.14;395;buy;11:20:48.123
41.14;269;buy;11:20:48.182
41.14;2;buy;11:20:48.223
41.165;1;buy;11:20:48.838
41.165;65;buy;11:20:52.199
41.165;27;buy;11:20:53.123
41.165;5;buy;11:20:53.143
41.165;5;buy;11:20:54.056
41.165;5;buy;11:20:55.282
41.165;5;buy;11:20:57.253
41.165;5;buy;11:20:58.858
41.16;2;sell;11:20:59.876
41.165;27;buy;11:21:04.128
41.165;65;buy;11:21:07.207
41.165;2;buy;11:21:08.924
41.165;27;buy;11:21:15.124
41.19;4992;buy;11:21:18.933
41.21;10;buy;11:21:19.241
41.21;64;buy;11:21:22.221
41.21;27;buy;11:21:26.120
41.21;2;buy;11:21:29.585
41.195;1;sell;11:21:32.023
41.21;2;buy;11:21:36.025
41.21;27;buy;11:21:37.134
41.21;65;buy;11:21:37.226
41.21;2;buy;11:21:38.917
41.195;1000;sell;11:21:40.680
41.205;121;buy;11:21:41.788
41.205;1;buy;11:21:43.920
41.195;1300;sell;11:21:45.794
41.2;5;buy;11:21:47.501
41.195;27;buy;11:21:48.137
41.18;65;buy;11:21:52.230
41.18;27;buy;11:21:59.137
41.195;7;buy;11:22:00.217
41.175;500;sell;11:22:01.208
41.185;242;buy;11:22:02.041
41.185;200;buy;11:22:06.550
41.185;64;buy;11:22:07.228
41.185;859;buy;11:22:08.399
41.21;27;buy;11:22:10.131
41.205;3;buy;11:22:12.920
41.21;300;buy;11:22:13.466
41.21;2937;buy;11:22:13.713
41.21;4;buy;11:22:20.436
41.21;26;buy;11:22:21.140
41.21;65;buy;11:22:22.238
41.21;5;buy;11:22:24.611
41.2;210;sell;11:22:28.505
41.205;24;buy;11:22:31.802
41.205;27;buy;11:22:32.146
41.2;1;sell;11:22:32.219
41.2;5;buy;11:22:34.518
41.195;64;buy;11:22:37.238
41.19;210;sell;11:22:40.948
41.205;27;buy;11:22:43.136
41.205;23;buy;11:22:43.968
41.2;1;sell;11:22:49.905
41.205;65;buy;11:22:52.259
41.2;210;sell;11:22:53.894
41.205;27;buy;11:22:54.150
41.2;1631;sell;11:22:56.578
41.17;72;sell;11:22:57.523
41.15;121;sell;11:22:57.539
41.13;8;sell;11:22:57.632
41.135;588;sell;11:22:59.417
41.135;855;sell;11:22:59.417
41.13;135;buy;11:22:59.422
41.125;1858;sell;11:23:01.167
41.115;1500;buy;11:23:01.167
41.115;497;buy;11:23:01.168
41.12;250;sell;11:23:01.266
41.12;250;sell;11:23:01.268
41.15;27;buy;11:23:05.151
41.135;210;sell;11:23:06.840
41.135;17;sell;11:23:07.114
41.17;65;buy;11:23:07.255
41.165;100;buy;11:23:08.910
41.16;4985;sell;11:23:12.724
41.14;27;buy;11:23:16.157
41.12;210;sell;11:23:19.787
41.135;11;buy;11:23:20.622
41.135;8;buy;11:23:20.917
41.135;64;buy;11:23:22.277
41.12;4657;sell;11:23:26.058
41.105;10;buy;11:23:26.257
41.105;27;buy;11:23:27.291
41.1;750;sell;11:23:29.102
41.105;2;buy;11:23:29.553
41.09;210;sell;11:23:32.736
41.085;242;sell;11:23:33.229
41.105;106;buy;11:23:33.381
41.095;2;sell;11:23:34.923
41.105;3;buy;11:23:36.188
41.09;2488;sell;11:23:37.055
41.105;65;buy;11:23:37.292
41.105;27;buy;11:23:38.161
41.085;1250;sell;11:23:38.489
41.07;1089;sell;11:23:38.626
41.07;67;sell;11:23:38.786
41.095;1;buy;11:23:38.812
41.09;1;buy;11:23:43.635
41.07;209;sell;11:23:45.679
41.09;27;buy;11:23:49.155
41.09;64;buy;11:23:52.280
41.075;210;sell;11:23:58.626
41.075;1;sell;11:23:59.697
41.09;27;buy;11:24:00.159
41.075;27;sell;11:24:03.333
41.09;20;buy;11:24:07.072
41.09;65;buy;11:24:07.278
41.07;1;sell;11:27:49.036
41.065;28;sell;11:27:49.136
41.06;570;sell;11:27:50.036
41.055;28;sell;11:27:50.136
41.065;27;buy;11:27:51.202
41.05;210;sell;11:27:51.658
41.06;64;buy;11:27:52.363
41.06;2;buy;11:27:57.839
41.06;1;buy;11:27:58.603
41.05;15;sell;11:27:58.756
41.055;250;buy;11:27:59.243
41.05;1;buy;11:28:00.713
41.06;27;buy;11:28:02.207
41.045;210;sell;11:28:04.604
41.06;11;buy;11:28:05.139
41.06;65;buy;11:28:07.371
41.06;3;buy;11:28:08.944
41.055;27;buy;11:28:13.213
41.04;210;sell;11:28:17.551
41.05;243;buy;11:28:18.153
41.05;22;buy;11:28:20.336
41.035;1119;sell;11:28:20.623
41.03;500;buy;11:28:20.623
41.03;18;buy;11:28:21.529
41.03;64;buy;11:28:22.389
41.03;27;buy;11:28:24.214
41.03;5;buy;11:28:25.285
41.03;3;buy;11:28:25.309
41.03;5;buy;11:28:25.315
41.03;2;buy;11:28:25.318
41.03;4;buy;11:28:25.324
41.03;6;buy;11:28:25.325
41.03;2;buy;11:28:25.328
41.03;4;buy;11:28:25.329
41.03;9;buy;11:28:25.333
41.03;5;buy;11:28:25.334
41.03;32;buy;11:28:25.343
41.03;3;buy;11:28:25.348
41.03;5;buy;11:28:25.363
41.03;5;buy;11:28:25.367
41.03;3;buy;11:28:25.372
41.03;1;buy;11:28:25.393
41.03;6;buy;11:28:25.394
41.03;32;buy;11:28:25.397
41.03;6;buy;11:28:25.403
41.03;11;buy;11:28:25.405
41.03;8;buy;11:28:25.421
41.03;1;buy;11:28:25.424
41.03;6;buy;11:28:25.425
41.03;10;buy;11:28:25.427
41.03;5;buy;11:28:25.430
41.03;1;buy;11:28:25.432
41.03;7;buy;11:28:25.438
41.03;2;buy;11:28:25.444
41.03;5;buy;11:28:25.446
41.03;5;buy;11:28:25.474
41.03;12;buy;11:28:25.477
41.03;6;buy;11:28:25.486
41.03;9;buy;11:28:25.492
41.03;8;buy;11:28:25.516
41.03;5;buy;11:28:25.520
41.03;39;buy;11:28:25.523
41.03;5;buy;11:28:25.530
41.03;6;buy;11:28:25.533
41.03;1;buy;11:28:25.541
41.03;1;buy;11:28:25.542
41.03;8;buy;11:28:25.544
41.03;1;buy;11:28:25.548
41.03;3;buy;11:28:25.551
41.03;2;buy;11:28:25.562
41.03;5;buy;11:28:25.576
41.03;28;buy;11:28:25.578
41.03;1;buy;11:28:25.579
41.03;14;buy;11:28:25.581
41.03;18;buy;11:28:25.582
41.03;12;buy;11:28:25.588
41.03;4;buy;11:28:25.591
41.03;7;buy;11:28:25.598
41.03;21;buy;11:28:25.604
41.03;13;buy;11:28:25.610
41.03;17;buy;11:28:25.613
41.03;6;buy;11:28:25.615
41.03;2;buy;11:28:25.616
41.03;5;buy;11:28:25.618
41.03;9;buy;11:28:25.627
41.03;7;buy;11:28:25.628
41.03;4;buy;11:28:25.636
41.03;10;buy;11:28:25.656
41.03;4;buy;11:28:25.658
41.03;15;buy;11:28:25.675
41.03;2;buy;11:28:25.683
41.03;4;buy;11:28:25.691
41.03;3;buy;11:28:25.695
41.03;13;buy;11:28:25.703
41.03;2;buy;11:28:25.706
41.03;1;buy;11:28:25.709
41.03;2;buy;11:28:25.718
41.03;12;buy;11:28:25.728
41.03;2;buy;11:28:25.738
41.03;5;buy;11:28:25.743
41.03;2;buy;11:28:25.763
41.03;10;buy;11:28:25.769
41.03;129;buy;11:28:25.779
41.03;2;buy;11:28:25.785
41.03;13;buy;11:28:25.794
41.03;12;buy;11:28:25.795
41.03;31;buy;11:28:25.803
41.03;25;buy;11:28:25.804
41.03;1;buy;11:28:25.807
41.03;8;buy;11:28:25.811
41.03;1;buy;11:28:25.824
41.03;4;buy;11:28:25.825
41.03;14;buy;11:28:25.830
41.03;7;buy;11:28:25.835
41.03;5;buy;11:28:25.839
41.03;44;buy;11:28:25.855
41.03;12;buy;11:28:25.857
41.03;5;buy;11:28:25.858
41.03;7;buy;11:28:25.870
41.03;4;buy;11:28:25.871
41.03;5;buy;11:28:25.874
41.03;8;buy;11:28:25.884
41.03;5;buy;11:28:25.901
41.03;5;buy;11:28:25.906
41.03;7;buy;11:28:25.910
41.03;2;buy;11:28:25.925
41.03;7;buy;11:28:25.929
41.03;51;buy;11:28:25.930
41.03;5;buy;11:28:25.931
41.03;4;buy;11:28:25.934
41.03;1;buy;11:28:25.941
41.03;29;buy;11:28:25.960
41.03;17;buy;11:28:25.968
41.03;9;buy;11:28:25.971
41.03;11;buy;11:28:25.973
41.03;22;buy;11:28:25.976
41.03;5;buy;11:28:25.979
41.03;9;buy;11:28:25.982
41.03;27;buy;11:28:25.984
41.03;4;buy;11:28:25.992
41.03;1;buy;11:28:26.004
41.03;2;buy;11:28:26.005
41.03;2;buy;11:28:26.006
41.03;2;buy;11:28:26.011
41.03;6;buy;11:28:26.019
41.03;1;buy;11:28:26.027
41.03;5;buy;11:28:26.030
41.03;1;buy;11:28:26.041
41.03;17;buy;11:28:26.048
41.03;12;buy;11:28:26.051
41.03;12;buy;11:28:26.059
41.03;5;buy;11:28:26.067
41.03;5;buy;11:28:26.070
41.03;12;buy;11:28:26.071
41.03;6;buy;11:28:26.078
41.03;13;buy;11:28:26.084
41.03;27;buy;11:28:26.087
41.03;32;buy;11:28:26.093
41.03;42;buy;11:28:26.100
41.06;4;buy;11:28:26.107
41.065;6;buy;11:28:26.111
41.065;21;buy;11:28:26.113
41.065;5;buy;11:28:26.114
41.065;2;buy;11:28:26.120
41.065;6;buy;11:28:26.143
41.065;4;buy;11:28:26.144
41.065;5;buy;11:28:26.149
41.065;29;buy;11:28:26.151
41.065;8;buy;11:28:26.159
41.065;11;buy;11:28:26.160
41.065;5;buy;11:28:26.161
41.065;23;buy;11:28:26.171
41.065;30;buy;11:28:26.194
41.065;7;buy;11:28:26.196
41.07;8;buy;11:28:26.199
41.07;4;buy;11:28:26.200
41.07;4;buy;11:28:26.203
41.07;32;buy;11:28:26.215
41.07;10;buy;11:28:26.217
41.075;14;buy;11:28:26.218
41.08;5;buy;11:28:26.223
41.085;14;buy;11:28:26.228
41.085;26;buy;11:28:26.234
41.085;7;buy;11:28:26.250
41.085;70;buy;11:28:26.263
41.085;9;buy;11:28:26.264
41.085;2;buy;11:28:26.269
41.085;6;buy;11:28:26.297
41.085;2;buy;11:28:26.300
41.085;14;buy;11:28:26.310
41.085;3;buy;11:28:26.315
41.085;5;buy;11:28:26.321
41.085;10;buy;11:28:26.325
41.085;10;buy;11:28:26.338
41.085;1;buy;11:28:26.343
41.085;6;buy;11:28:26.377
41.085;8;buy;11:28:26.380
41.085;5;buy;11:28:26.382
41.085;7;buy;11:28:26.398
41.085;20;buy;11:28:26.409
41.085;18;buy;11:28:26.421
41.085;9;buy;11:28:26.422
41.085;8;buy;11:28:26.445
41.085;9;buy;11:28:26.446
41.085;18;buy;11:28:26.447
41.085;6;buy;11:28:26.448
41.085;34;buy;11:28:26.465
41.085;6;buy;11:28:26.499
41.085;12;buy;11:28:26.520
41.085;5;buy;11:28:26.540
41.085;4;buy;11:28:26.561
41.085;29;buy;11:28:26.562
41.1;1;buy;11:28:26.571
41.1;6;buy;11:28:26.573
41.1;10;buy;11:28:26.583
41.1;2;buy;11:28:26.593
41.1;1;buy;11:28:26.605
41.1;1;buy;11:28:26.634
41.1;1;buy;11:28:26.642
41.1;9;buy;11:28:26.649
41.1;1;buy;11:28:26.653
41.1;2;buy;11:28:26.687
41.1;1;buy;11:28:26.702
41.105;4;buy;11:28:26.709
41.105;1;buy;11:28:26.711
41.11;6;buy;11:28:26.751
41.11;2;buy;11:28:26.756
41.11;1;buy;11:28:26.767
41.095;4;buy;11:28:26.783
41.11;1;buy;11:28:26.786
41.11;1;buy;11:28:26.917
41.11;8;buy;11:28:27.043
41.11;4;buy;11:28:27.101
41.11;1;buy;11:28:27.336
41.105;1;buy;11:28:27.603
41.07;20;sell;11:28:29.327
41.07;2;sell;11:28:29.778
41.07;209;sell;11:28:30.497
41.07;14;buy;11:28:33.583
41.07;27;buy;11:28:35.213
41.07;65;buy;11:28:37.374
41.07;1;buy;11:28:38.084
41.055;210;sell;11:28:43.444
41.06;50;sell;11:28:43.882
41.07;1;buy;11:28:45.393
41.07;27;buy;11:28:46.216
41.07;25;buy;11:28:49.912
41.055;25;sell;11:28:52.219
41.07;65;buy;11:28:52.390
41.055;210;sell;11:28:56.390
41.07;27;buy;11:28:57.213
41.055;1;sell;11:29:02.375
41.055;20;sell;11:29:05.298
41.07;64;buy;11:29:07.396
41.07;26;buy;11:29:08.229
41.055;210;sell;11:29:09.336
41.055;50;sell;11:29:10.208
41.075;2;buy;11:29:13.850
41.09;27;buy;11:29:19.217
41.07;210;sell;11:29:22.283
41.095;65;buy;11:29:22.403
41.095;100;buy;11:29:24.395
41.07;13;sell;11:29:28.178
41.095;27;buy;11:29:30.218
41.09;210;sell;11:29:35.229
41.095;64;buy;11:29:37.400
41.095;27;buy;11:29:41.231
41.075;210;sell;11:29:48.175
41.095;1;buy;11:29:48.789
41.095;27;buy;11:29:52.223
41.095;65;buy;11:29:52.419
41.095;330;buy;11:29:59.210
41.095;190;buy;11:29:59.343
41.075;210;sell;11:30:01.121
41.09;27;buy;11:30:03.242
41.09;1;buy;11:30:03.996
41.09;65;buy;11:30:07.426
41.09;1;buy;11:30:08.539
41.09;8;buy;11:30:11.106
41.09;9;buy;11:30:11.124
41.09;43;buy;11:30:11.127
41.09;18;buy;11:30:11.161
41.09;15;buy;11:30:11.167
41.09;10;buy;11:30:11.171
41.09;9;buy;11:30:11.173
41.09;9;buy;11:30:11.203
41.09;9;buy;11:30:11.204
41.09;8;buy;11:30:11.213
41.09;18;buy;11:30:11.220
41.09;10;buy;11:30:11.222
41.09;28;buy;11:30:11.248
41.09;8;buy;11:30:11.263
41.09;7;buy;11:30:11.300
41.075;210;sell;11:30:14.067
41.09;14;buy;11:30:14.166
41.095;27;buy;11:30:14.240
41.1;60;buy;11:30:20.899
41.1;51;buy;11:30:21.986
41.1;64;buy;11:30:22.421
41.105;27;buy;11:30:25.232
41.105;210;sell;11:30:27.013
41.11;1;sell;11:30:30.932
41.115;27;buy;11:30:36.234
41.12;65;buy;11:30:37.427
41.115;210;sell;11:30:39.962
41.12;266;sell;11:30:42.136
41.125;27;buy;11:30:47.253
41.125;10;buy;11:30:48.689
41.125;50;buy;11:30:48.957
41.125;64;buy;11:30:52.440
41.12;210;sell;11:30:52.906
41.125;18;buy;11:30:57.361
41.125;1;buy;11:30:57.976
41.125;27;buy;11:30:58.243
41.12;209;sell;11:31:05.853
41.125;65;buy;11:31:07.437
41.125;27;buy;11:31:09.250
41.12;210;sell;11:31:18.802
41.12;2215;sell;11:31:20.055
41.115;11;sell;11:31:20.082
41.105;10;sell;11:31:20.136
41.1;115;sell;11:31:20.236
41.105;26;buy;11:31:20.255
41.095;1;sell;11:31:21.136
41.08;4;sell;11:31:22.136
41.08;65;buy;11:31:22.439
41.075;10;sell;11:31:27.136
41.075;2;buy;11:31:29.612
41.075;27;buy;11:31:31.251
41.05;210;sell;11:31:31.745
41.075;64;buy;11:31:37.457
41.055;50;sell;11:31:38.990
41.055;704;sell;11:31:39.492
41.075;5;buy;11:31:41.841
41.075;27;buy;11:31:42.244
41.055;210;sell;11:31:44.692
41.07;1;buy;11:31:50.203
41.07;65;buy;11:31:52.464
41.07;27;buy;11:31:53.257
41.06;210;sell;11:31:57.637
41.085;27;buy;11:32:04.253
41.095;64;buy;11:32:07.465
41.075;210;sell;11:32:10.584
41.07;153;sell;11:32:11.216
41.06;27;sell;11:32:12.867
41.08;27;buy;11:32:15.264
41.08;21;buy;11:32:19.326
41.07;65;buy;11:32:22.462
41.07;2;buy;11:32:22.831
41.07;300;buy;11:32:22.872
41.05;210;sell;11:32:23.533
41.07;500;buy;11:32:24.015
41.07;8;buy;11:32:25.055
41.07;27;buy;11:32:26.261
41.07;2;buy;11:32:27.672
41.075;1;buy;11:32:33.201
41.075;1;buy;11:32:33.832
41.06;210;sell;11:32:36.480
41.075;27;buy;11:32:37.256
41.075;65;buy;11:32:37.568
41.07;27;buy;11:32:48.267
41.07;10;buy;11:32:48.640
41.06;210;sell;11:32:49.422
41.08;3;buy;11:32:49.895
41.085;64;buy;11:32:52.482
41.09;10;buy;11:32:54.607
41.065;1;sell;11:32:55.658
41.075;27;buy;11:32:59.263
41.07;210;sell;11:33:02.369
41.09;5;buy;11:33:04.105
41.095;2;buy;11:33:04.942
41.095;65;buy;11:33:07.508
41.095;27;buy;11:33:10.277
41.09;210;sell;11:33:15.314
41.095;27;buy;11:33:21.279
41.095;65;buy;11:33:22.483
41.08;992;sell;11:33:26.230
41.095;5;buy;11:33:27.909
41.095;2;buy;11:33:27.988
41.075;209;sell;11:33:28.262
41.095;25;buy;11:33:30.682
41.095;26;buy;11:33:32.275
41.095;25;buy;11:33:32.592
41.095;64;buy;11:33:37.490
41.09;210;sell;11:33:41.207
41.095;27;buy;11:33:43.276
41.095;7;buy;11:33:43.451
41.095;65;buy;11:33:52.502
41.085;210;sell;11:33:54.154
41.095;27;buy;11:33:54.290
41.095;1882;buy;11:33:58.658
41.1;144;buy;11:33:59.586
41.1;5;buy;11:34:04.017
41.1;27;buy;11:34:05.290
41.095;210;sell;11:34:07.100
41.1;64;buy;11:34:07.505
41.1;27;buy;11:34:16.284
41.08;210;sell;11:34:20.046
41.1;215;buy;11:34:20.211
41.1;65;buy;11:34:22.508
41.075;50;sell;11:34:23.017
41.1;100;buy;11:34:26.313
41.1;27;buy;11:34:27.293
41.085;210;sell;11:34:32.993
41.105;65;buy;11:34:37.527
41.115;27;buy;11:34:38.291
41.12;5;buy;11:34:39.757
41.095;130;sell;11:34:45.112
41.12;20;buy;11:34:45.845
41.095;210;sell;11:34:45.939
41.125;27;buy;11:34:49.288
41.1;5;sell;11:34:49.979
41.125;64;buy;11:34:52.518
41.125;530;buy;11:34:52.548
41.125;210;sell;11:34:58.885
41.13;27;buy;11:35:00.299
41.135;1;buy;11:35:00.710
41.12;65;buy;11:35:07.539
41.1;2;sell;11:35:11.082
41.115;27;buy;11:35:11.291
41.1;210;sell;11:35:11.832
41.115;193;buy;11:35:17.410
41.115;300;buy;11:35:18.762
41.115;27;buy;11:35:22.291
41.115;64;buy;11:35:22.535
41.11;210;sell;11:35:24.778
41.11;2;buy;11:35:25.876
41.11;27;buy;11:35:33.291
41.11;65;buy;11:35:37.550
41.1;210;sell;11:35:37.724
41.09;105;sell;11:35:40.127
41.105;26;buy;11:35:44.293
41.105;28;buy;11:35:49.252
41.1;209;sell;11:35:50.670
41.115;65;buy;11:35:52.550
41.115;27;buy;11:35:55.301
41.115;20;buy;11:35:56.676
41.115;7;buy;11:36:01.293
41.11;210;sell;11:36:03.616
41.115;1;buy;11:36:04.505
41.11;1000;sell;11:36:05.892
41.115;27;buy;11:36:06.306
41.115;64;buy;11:36:07.548
41.115;10;buy;11:36:13.594
41.1;2794;sell;11:36:14.194
41.095;32;sell;11:36:15.705
41.09;210;sell;11:36:16.563
41.095;27;buy;11:36:17.320
41.095;65;buy;11:36:22.560
41.095;27;buy;11:36:28.307
41.08;210;sell;11:36:29.509
41.095;20;buy;11:36:31.129
41.095;64;buy;11:36:37.561
41.095;27;buy;11:36:39.307
41.095;997;buy;11:36:40.202
41.09;210;sell;11:36:42.455
41.12;27;buy;11:36:50.313
41.125;65;buy;11:36:52.564
41.105;210;sell;11:36:55.401
41.12;27;buy;11:37:01.318
41.12;65;buy;11:37:07.570
41.105;210;sell;11:37:08.348
41.12;27;buy;11:37:12.333
41.12;122;buy;11:37:12.986
41.125;84;buy;11:37:19.438
41.11;210;sell;11:37:21.295
41.125;64;buy;11:37:22.587
41.12;27;buy;11:37:23.319
41.125;100;buy;11:37:31.514
41.115;210;sell;11:37:34.241
41.13;27;buy;11:37:34.329
41.135;65;buy;11:37:37.593
41.13;7;buy;11:37:41.282
41.13;1;buy;11:37:44.778
41.13;3;buy;11:37:45.223
41.13;27;buy;11:37:45.338
41.13;10;buy;11:37:46.692
41.115;210;sell;11:37:47.190
41.14;64;buy;11:37:52.589
41.15;3;buy;11:37:53.344
41.15;50;buy;11:37:55.251
41.15;50;buy;11:37:55.929
41.15;27;buy;11:37:56.336
41.15;50;buy;11:37:56.575
41.15;50;buy;11:37:57.233
41.15;50;buy;11:37:57.952
41.145;210;sell;11:38:00.133
41.145;5;sell;11:38:01.460
41.15;104;buy;11:38:05.481
41.155;1;buy;11:38:06.081
41.16;26;buy;11:38:07.330
41.175;50;buy;11:38:07.430
41.175;65;buy;11:38:07.594
41.175;2;buy;11:38:07.694
41.18;1091;buy;11:38:08.382
41.165;209;sell;11:38:13.079
41.18;29;buy;11:38:14.993
41.165;1;sell;11:38:16.106
41.17;27;buy;11:38:18.333
41.17;65;buy;11:38:22.607
41.17;500;buy;11:38:23.070
41.18;322;buy;11:38:24.406
41.18;210;sell;11:38:26.026
41.185;27;buy;11:38:29.336
41.18;14;sell;11:38:33.601
41.185;200;buy;11:38:35.200
41.185;200;buy;11:38:35.451
41.185;200;buy;11:38:35.701
41.185;200;buy;11:38:35.952
41.19;200;buy;11:38:36.202
41.195;200;buy;11:38:36.454
41.2;15;buy;11:38:36.706
41.205;1000;buy;11:38:36.860
41.205;200;buy;11:38:36.956
41.205;16;buy;11:38:36.981
41.2;10;sell;11:38:37.405
41.205;11;buy;11:38:37.582
41.205;64;buy;11:38:37.614
41.205;9;buy;11:38:38.371
41.205;210;sell;11:38:38.973
41.21;27;buy;11:38:40.353
41.215;250;buy;11:38:44.008
41.225;250;buy;11:38:44.783
41.235;10;buy;11:38:44.858
41.225;1;sell;11:38:48.553
41.225;1;sell;11:38:48.765
41.225;1;sell;11:38:48.958
41.225;1;sell;11:38:49.168
41.225;1;sell;11:38:49.375
41.225;3000;sell;11:38:49.536
41.225;645;sell;11:38:49.537
41.2;1;sell;11:38:49.586
41.195;1;sell;11:38:49.787
41.195;1;sell;11:38:51.032
41.2;100;buy;11:38:51.094
41.195;1;sell;11:38:51.235
41.2;27;buy;11:38:51.338
41.195;1;sell;11:38:51.431
41.195;1;sell;11:38:51.618
41.195;1;sell;11:38:51.823
41.195;210;sell;11:38:51.918
41.195;1;sell;11:38:52.014
41.195;1;sell;11:38:52.217
41.195;1;sell;11:38:52.419
41.195;1;sell;11:38:52.604
41.2;65;buy;11:38:52.614
41.195;1;sell;11:38:52.799
41.195;1;sell;11:38:53.003
41.195;1;sell;11:38:53.435
41.195;1;sell;11:38:53.645
41.195;1;sell;11:38:54.918
41.195;1;sell;11:38:55.129
41.195;1;sell;11:38:55.415
41.195;1;sell;11:38:55.603
41.195;5;buy;11:38:59.569
41.195;27;buy;11:39:02.348
41.19;6;buy;11:39:03.119
41.19;1;buy;11:39:03.371
41.19;1;buy;11:39:04.071
41.19;1;buy;11:39:04.171
41.19;1;buy;11:39:04.371
41.185;210;sell;11:39:04.864
41.19;2;buy;11:39:05.171
41.19;65;buy;11:39:07.627
41.19;1;sell;11:39:08.708
41.19;1;sell;11:39:09.557
41.195;27;buy;11:39:13.338
41.195;3;buy;11:39:15.207
41.19;210;sell;11:39:17.810
41.2;64;buy;11:39:22.626
41.205;27;buy;11:39:24.342
41.195;190;sell;11:39:25.682
41.195;7;sell;11:39:26.010
41.19;23;buy;11:39:29.103
41.185;210;sell;11:39:30.760
41.185;10;buy;11:39:34.897
41.19;27;buy;11:39:35.404
41.19;65;buy;11:39:37.641
41.195;306;buy;11:39:38.619
41.205;9;sell;11:39:41.725
41.205;210;sell;11:39:43.706
41.205;1;sell;11:39:43.990
41.205;1;sell;11:39:44.174
41.205;1;sell;11:39:44.375
41.205;1;sell;11:39:44.561
41.205;1;sell;11:39:44.980
41.21;1;buy;11:39:45.011
41.215;5;buy;11:39:45.067
41.21;1;sell;11:39:45.209
41.21;1;sell;11:39:45.414
41.21;1;sell;11:39:45.852
41.21;1;sell;11:39:46.061
41.21;1;sell;11:39:46.266
41.215;27;buy;11:39:46.351
41.21;1;sell;11:39:46.477
41.21;1;sell;11:39:46.685
41.21;1;sell;11:39:46.893
41.21;1;sell;11:39:47.109
41.21;1;sell;11:39:47.522
41.21;1;sell;11:39:47.731
41.21;1;sell;11:39:47.946
41.21;1;sell;11:39:48.153
41.21;1;sell;11:39:48.341
41.205;1;sell;11:39:48.553
41.205;1;sell;11:39:48.765
41.205;1;sell;11:39:48.986
41.205;1;sell;11:39:49.608
41.205;1;sell;11:39:49.852
41.205;1;sell;11:39:50.305
41.205;1;sell;11:39:50.487
41.205;1;sell;11:39:50.669
41.215;1;buy;11:39:50.800
41.215;64;buy;11:39:52.645
41.205;210;sell;11:39:56.650
41.22;27;buy;11:39:57.354
41.205;446;sell;11:40:00.471
41.2;3;sell;11:40:00.807
41.205;1;buy;11:40:00.813
41.2;262;sell;11:40:01.000
41.2;4045;sell;11:40:04.054
41.185;56;buy;11:40:04.059
41.19;10;buy;11:40:04.548
41.17;20;sell;11:40:04.725
41.17;20;sell;11:40:05.401
41.175;500;buy;11:40:07.598
41.185;65;buy;11:40:07.666
41.185;27;buy;11:40:08.384
41.17;6;sell;11:40:09.580
41.17;210;sell;11:40:09.596
41.17;1;sell;11:40:09.761
41.175;11;buy;11:40:10.642
41.17;1;sell;11:40:10.645
41.17;1;sell;11:40:10.827
41.17;1;sell;11:40:11.021
41.17;1;sell;11:40:11.202
41.17;1;sell;11:40:11.379
41.17;1;sell;11:40:11.558
41.17;1;sell;11:40:13.723
41.17;1;sell;11:40:13.909
41.17;1;sell;11:40:14.104
41.17;1;sell;11:40:14.319
41.17;45;sell;11:40:14.408
41.17;11;sell;11:40:14.413
41.155;27;buy;11:40:14.425
41.155;73;sell;11:40:14.446
41.155;136;sell;11:40:14.457
41.15;20;buy;11:40:14.465
41.145;1;sell;11:40:14.502
41.145;1;sell;11:40:14.723
41.145;1;sell;11:40:14.922
41.145;1;sell;11:40:15.132
41.145;1;sell;11:40:15.329
41.145;1;sell;11:40:15.530
41.145;1;sell;11:40:15.742
41.145;1;sell;11:40:15.944
41.145;1;sell;11:40:16.161
41.145;1;sell;11:40:16.383
41.14;45;sell;11:40:16.601
41.14;484;buy;11:40:17.221
41.155;26;buy;11:40:19.362
41.155;1;buy;11:40:20.619
41.135;210;sell;11:40:22.542
41.155;65;buy;11:40:22.656
41.135;218;sell;11:40:26.921
41.125;66;sell;11:40:28.036
41.125;112;sell;11:40:28.040
41.135;27;buy;11:40:30.366
41.135;5;buy;11:40:33.461
41.125;209;sell;11:40:35.488
41.135;38;buy;11:40:36.260
41.135;64;buy;11:40:37.654
41.13;27;buy;11:40:41.363
41.13;100;buy;11:40:44.316
41.13;23;buy;11:40:45.319
41.12;210;sell;11:40:48.434
41.13;27;buy;11:40:52.369
41.13;10;buy;11:40:52.591
41.13;65;buy;11:40:52.657
41.145;1;buy;11:40:54.755
41.13;210;sell;11:41:01.381
41.145;3;buy;11:41:01.532
41.15;27;buy;11:41:03.367
41.15;64;buy;11:41:07.680
41.145;1;sell;11:41:13.957
41.125;5;sell;11:41:13.971
41.12;5;sell;11:41:13.981
41.12;210;sell;11:41:14.327
41.125;27;buy;11:41:14.373
41.115;65;buy;11:41:22.674
41.11;112;sell;11:41:25.009
41.115;27;buy;11:41:25.367
41.11;210;sell;11:41:27.274
41.115;38;buy;11:41:27.950
41.115;1;buy;11:41:32.243
41.115;2;buy;11:41:32.832
41.115;27;buy;11:41:36.378
41.12;65;buy;11:41:37.675
41.12;1;buy;11:41:37.923
41.11;210;sell;11:41:40.219
41.11;33;sell;11:41:41.853
41.11;98;sell;11:41:43.774
41.11;7;sell;11:41:43.776
41.115;27;buy;11:41:47.381
41.115;64;buy;11:41:52.680
41.115;3;buy;11:41:52.783
41.11;210;sell;11:41:53.169
41.1;500;sell;11:41:53.845
41.1;500;sell;11:41:55.510
41.105;27;buy;11:41:58.381
41.105;1;buy;11:42:00.949
41.1;210;sell;11:42:06.112
41.105;65;buy;11:42:07.688
41.1;210;sell;11:42:08.819
41.105;27;buy;11:42:09.400
41.1;210;sell;11:42:19.059
41.105;27;buy;11:42:20.381
41.105;2;buy;11:42:20.997
41.105;3;buy;11:42:22.653
41.105;64;buy;11:42:22.701
41.105;26;buy;11:42:31.391
41.1;210;sell;11:42:32.004
41.105;65;buy;11:42:37.704
41.105;1;buy;11:42:40.234
41.105;27;buy;11:42:42.391
41.1;210;sell;11:42:44.951
41.1;14;sell;11:42:49.871
41.105;65;buy;11:42:52.708
41.105;27;buy;11:42:53.386
41.1;209;sell;11:42:57.897
41.105;1;buy;11:43:00.708
41.105;27;buy;11:43:04.394
41.105;5;buy;11:43:05.974
41.1;270;sell;11:43:06.036
41.095;7;sell;11:43:07.288
41.095;94;sell;11:43:07.289
41.095;99;sell;11:43:07.295
41.09;122;sell;11:43:07.381
41.09;64;buy;11:43:07.725
41.09;5;buy;11:43:10.030
41.085;34;sell;11:43:10.117
41.085;11;sell;11:43:10.127
41.085;11;sell;11:43:10.233
41.085;56;sell;11:43:10.245
41.085;210;sell;11:43:10.843
41.08;152;sell;11:43:11.881
41.07;42;sell;11:43:12.030
41.075;10;buy;11:43:14.204
41.075;27;buy;11:43:15.395
41.08;65;buy;11:43:22.716
41.07;210;sell;11:43:23.790
41.08;685;buy;11:43:24.668
41.085;27;buy;11:43:26.405
41.08;1;buy;11:43:28.195
41.08;100;buy;11:43:29.013
41.08;1;buy;11:43:34.130
41.07;210;sell;11:43:36.735
41.085;27;buy;11:43:37.404
41.09;64;buy;11:43:37.724
41.09;10;buy;11:43:44.348
41.09;27;buy;11:43:48.401
41.07;210;sell;11:43:49.682
41.085;1;buy;11:43:49.938
41.085;31;buy;11:43:52.337
41.085;65;buy;11:43:52.739
41.09;20;buy;11:43:58.857
41.09;27;buy;11:43:59.408
41.09;210;sell;11:44:02.629
41.1;16;buy;11:44:06.082
41.1;65;buy;11:44:07.733
41.09;27;buy;11:44:10.517
41.085;1;sell;11:44:12.910
41.08;210;sell;11:44:15.575
41.09;7;buy;11:44:17.468
41.085;31;buy;11:44:19.020
41.085;1;buy;11:44:19.565
41.08;46;sell;11:44:20.409
41.09;27;buy;11:44:21.418
41.09;64;buy;11:44:22.736
41.085;1;buy;11:44:24.554
41.08;210;sell;11:44:28.521
41.08;27;buy;11:44:32.402
41.08;562;buy;11:44:34.736
41.085;5;sell;11:44:35.392
41.09;65;buy;11:44:37.757
41.085;210;sell;11:44:41.467
41.095;26;buy;11:44:43.414
41.09;65;buy;11:44:52.768
41.09;1;buy;11:44:53.363
41.09;27;buy;11:44:54.410
41.085;210;sell;11:44:54.413
41.085;1;sell;11:44:54.452
41.085;2;sell;11:44:59.765
41.085;56;sell;11:45:00.902
41.085;55;sell;11:45:01.538
41.09;2;buy;11:45:04.128
41.09;27;buy;11:45:05.422
41.085;210;sell;11:45:07.360
41.09;64;buy;11:45:07.768
41.085;61;sell;11:45:11.021
41.085;7;sell;11:45:11.081
41.085;26;sell;11:45:11.122
41.085;261;sell;11:45:11.181
41.085;318;sell;11:45:11.182
41.085;26;sell;11:45:11.222
41.085;618;sell;11:45:11.223
41.085;60;sell;11:45:11.282
41.075;2;buy;11:45:13.695
41.07;1178;sell;11:45:16.186
41.06;6279;sell;11:45:16.186
41.035;1091;sell;11:45:16.315
41.045;27;buy;11:45:16.411
41.03;210;sell;11:45:20.309
41.04;65;buy;11:45:22.780
41.04;27;buy;11:45:27.424
41.035;209;sell;11:45:33.256
41.045;1;buy;11:45:35.162
41.045;64;buy;11:45:37.770
41.045;27;buy;11:45:38.427
41.04;210;sell;11:45:46.199
41.04;12;sell;11:45:47.039
41.045;27;buy;11:45:49.423
41.045;4;buy;11:45:50.853
41.045;65;buy;11:45:52.780
41.05;4;buy;11:45:55.060
41.04;210;sell;11:45:59.147
41.05;27;buy;11:46:00.440
41.055;65;buy;11:46:07.781
41.04;1926;sell;11:46:09.517
41.04;27;buy;11:46:11.423
41.04;122;buy;11:46:11.481
41.04;244;buy;11:46:11.481
41.035;210;sell;11:46:12.096
41.04;1;buy;11:46:15.386
41.035;1;sell;11:46:17.397
41.04;75;buy;11:46:18.021
41.04;40;buy;11:46:18.313
41.04;1;buy;11:46:20.400
41.04;27;buy;11:46:22.437
41.04;64;buy;11:46:22.792
41.04;2;buy;11:46:24.484
41.04;81;buy;11:46:24.500
41.035;210;sell;11:46:25.038
41.04;120;buy;11:46:29.856
41.04;27;buy;11:46:33.429
41.04;65;buy;11:46:37.788
41.035;210;sell;11:46:37.984
41.04;100;buy;11:46:41.627
41.04;27;buy;11:46:44.435
41.035;210;sell;11:46:50.930
41.04;1;buy;11:46:51.302
41.04;64;buy;11:46:52.796
41.04;6;buy;11:46:54.494
41.04;26;buy;11:46:55.435
41.04;60;buy;11:47:01.850
41.035;210;sell;11:47:03.877
41.04;31;buy;11:47:05.459
41.04;27;buy;11:47:06.441
41.04;65;buy;11:47:07.806
41.035;210;sell;11:47:16.822
41.04;4000;buy;11:47:17.122
41.04;27;buy;11:47:17.447
41.04;100;buy;11:47:20.730
41.04;65;buy;11:47:22.812
41.04;27;buy;11:47:28.443
41.035;210;sell;11:47:29.769
41.04;366;buy;11:47:30.967
41.04;48;buy;11:47:32.354
41.04;1;buy;11:47:32.826
41.035;5;sell;11:47:33.745
41.04;64;buy;11:47:37.822
41.035;10;sell;11:47:38.076
41.04;27;buy;11:47:39.445
41.035;210;sell;11:47:42.715
41.035;424;sell;11:47:49.497
41.035;27;buy;11:47:50.457
41.035;65;buy;11:47:52.819
41.04;32;buy;11:47:53.010
41.03;209;sell;11:47:55.662
41.03;157;sell;11:47:56.116
41.04;27;buy;11:48:01.455
41.04;50;buy;11:48:06.040
41.04;64;buy;11:48:07.826
41.03;210;sell;11:48:08.607
41.04;100;buy;11:48:10.467
41.04;27;buy;11:48:12.454
41.03;210;sell;11:48:21.557
41.04;65;buy;11:48:22.837
41.04;27;buy;11:48:23.451
41.04;27;buy;11:48:34.461
41.03;210;sell;11:48:34.503
41.04;65;buy;11:48:37.848
41.025;10;sell;11:48:38.140
41.025;30;sell;11:48:38.674
41.04;38;buy;11:48:40.377
41.04;27;buy;11:48:45.457
41.025;12;sell;11:48:46.844
41.025;210;sell;11:48:47.447
41.035;1;buy;11:48:52.305
41.035;64;buy;11:48:52.844
41.025;83;sell;11:48:53.509
41.02;142;sell;11:48:54.138
41.02;244;sell;11:48:55.282
41.02;8493;sell;11:48:55.398
40.98;500;buy;11:48:55.399
40.975;243;sell;11:48:55.407
40.975;539;sell;11:48:55.411
40.975;500;buy;11:48:55.415
40.97;95;sell;11:48:55.496
40.97;232;sell;11:48:55.500
40.97;500;sell;11:48:55.520
40.96;500;sell;11:48:55.530
40.96;560;sell;11:48:55.536
40.96;500;sell;11:48:55.546
40.96;500;sell;11:48:55.581
40.95;2000;sell;11:48:55.605
40.96;2;buy;11:48:55.862
40.95;123;sell;11:48:55.871
40.95;34;sell;11:48:55.872
40.95;839;sell;11:48:56.253
40.935;450;sell;11:48:56.254
40.935;74;buy;11:48:56.382
40.94;22;buy;11:48:56.417
40.94;438;buy;11:48:56.423
40.94;27;buy;11:48:56.455
40.94;340;buy;11:48:56.482
40.94;8;buy;11:48:56.492
40.94;440;buy;11:48:56.523
40.94;464;buy;11:48:56.582
40.94;101;buy;11:48:56.583
40.94;394;buy;11:48:56.636
40.94;169;buy;11:48:56.677
40.94;122;buy;11:48:56.681
40.94;3;buy;11:48:56.682
40.945;10;buy;11:48:56.774
40.945;115;buy;11:48:56.782
40.945;16;buy;11:48:56.836
40.945;112;buy;11:48:56.982
40.945;20;buy;11:48:58.336
40.95;8;buy;11:48:59.336
40.95;210;sell;11:49:00.393
40.965;3;buy;11:49:00.857
40.97;11;buy;11:49:01.061
40.95;10;sell;11:49:01.078
40.95;7420;sell;11:49:07.135
40.95;26;buy;11:49:07.473
40.95;65;buy;11:49:07.860
40.935;210;sell;11:49:13.339
40.945;27;buy;11:49:18.471
40.935;200;sell;11:49:18.871
40.93;54;sell;11:49:19.466
40.93;250;sell;11:49:21.392
40.93;64;buy;11:49:22.852
40.925;210;sell;11:49:26.286
40.92;11;sell;11:49:29.236
40.92;168;sell;11:49:29.347
40.93;27;buy;11:49:29.470
40.925;362;buy;11:49:34.962
40.925;1;buy;11:49:35.134
40.925;1;buy;11:49:37.028
40.925;10;buy;11:49:37.634
40.925;65;buy;11:49:37.872
40.92;210;sell;11:49:39.232
40.92;49;sell;11:49:40.174
40.925;27;buy;11:49:40.473
40.94;27;buy;11:49:51.478
40.925;400;sell;11:49:51.724
40.925;210;sell;11:49:52.178
40.93;65;buy;11:49:52.874
40.925;1;buy;11:50:01.165
40.92;300;sell;11:50:02.279
40.92;244;sell;11:50:02.382
40.925;27;buy;11:50:02.476
40.925;30;buy;11:50:03.524
40.92;210;sell;11:50:05.128
40.92;130;sell;11:50:07.742
40.925;64;buy;11:50:07.883
40.925;10;buy;11:50:08.898
40.925;10;buy;11:50:08.915
40.925;27;buy;11:50:13.472
40.925;2;sell;11:50:17.129
40.925;209;sell;11:50:18.075
40.93;65;buy;11:50:22.887
40.925;22;sell;11:50:24.240
40.94;27;buy;11:50:24.484
40.93;210;sell;11:50:31.016
40.92;21;sell;11:50:34.075
40.93;1;buy;11:50:35.182
40.935;27;buy;11:50:35.483
40.93;65;buy;11:50:37.891
40.935;244;buy;11:50:37.988
40.935;1;buy;11:50:40.394
40.935;31;buy;11:50:42.459
40.925;210;sell;11:50:43.963
40.925;300;sell;11:50:45.258
40.935;27;buy;11:50:46.505
40.93;64;buy;11:50:52.892
40.925;210;sell;11:50:56.909
40.93;27;buy;11:50:57.488
40.93;122;buy;11:50:57.866
40.925;28;sell;11:51:00.536
40.925;2;sell;11:51:02.461
40.925;2;sell;11:51:03.507
40.93;122;buy;11:51:07.525
40.93;65;buy;11:51:07.906
40.93;27;buy;11:51:08.498
40.93;4886;buy;11:51:09.276
40.955;6550;buy;11:51:09.646
40.985;210;sell;11:51:09.856
41.0;350;buy;11:51:10.145
41.01;500;buy;11:51:10.667
41.025;500;buy;11:51:10.879
41.025;500;buy;11:51:11.509
41.0;675;sell;11:51:14.621
41.015;200;buy;11:51:15.419
41.015;1;buy;11:51:15.831
41.01;32;buy;11:51:16.297
41.01;244;buy;11:51:16.576
41.01;6022;sell;11:51:17.312
41.005;2;buy;11:51:17.857
40.99;609;buy;11:51:19.267
40.99;27;buy;11:51:19.496
40.955;210;sell;11:51:22.801
40.98;64;buy;11:51:22.908
40.98;488;buy;11:51:23.914
40.985;488;buy;11:51:26.644
40.97;31;sell;11:51:27.095
40.975;26;buy;11:51:30.498
40.96;16;sell;11:51:31.466
40.96;177;sell;11:51:31.896
40.975;300;buy;11:51:33.326
40.975;24;buy;11:51:33.490
40.975;500;buy;11:51:34.241
40.96;210;sell;11:51:35.747
40.975;500;buy;11:51:36.202
40.975;65;buy;11:51:37.913
40.975;200;buy;11:51:40.958
40.975;27;buy;11:51:41.501
40.96;210;sell;11:51:48.695
40.955;100;buy;11:51:49.874
40.955;9;buy;11:51:50.146
40.955;151;buy;11:51:51.478
40.96;27;buy;11:51:52.499
40.96;65;buy;11:51:52.921
40.96;1;buy;11:51:54.766
40.96;75;buy;11:51:55.225
40.96;93;buy;11:51:56.650
40.96;7;sell;11:51:57.033
40.945;886;sell;11:51:57.969
40.93;210;sell;11:52:01.640
40.95;60;buy;11:52:02.954
40.95;27;buy;11:52:03.504
40.94;8;buy;11:52:05.210
40.94;100;sell;11:52:05.982
40.95;11;buy;11:52:07.118
40.95;2;buy;11:52:07.198
40.95;64;buy;11:52:07.931
40.94;1;sell;11:52:13.495
40.95;27;buy;11:52:14.498
40.94;210;sell;11:52:14.587
40.945;5;buy;11:52:14.630
40.935;32;buy;11:52:16.813
40.93;300;sell;11:52:19.646
40.935;2255;sell;11:52:22.141
40.9;900;buy;11:52:22.142
40.9;33;buy;11:52:22.144
40.9;31;buy;11:52:22.241
40.895;4;sell;11:52:22.281
40.9;12;buy;11:52:22.291
40.895;250;sell;11:52:22.304
40.895;350;sell;11:52:22.424
40.9;65;buy;11:52:22.931
40.9;25;buy;11:52:23.002
40.885;3700;sell;11:52:24.627
40.86;244;sell;11:52:24.659
40.885;2;buy;11:52:24.691
40.86;299;sell;11:52:24.739
40.885;200;buy;11:52:24.836
40.875;20;sell;11:52:24.904
40.885;20;buy;11:52:25.085
40.86;70;sell;11:52:25.291
40.86;500;sell;11:52:25.333
40.885;27;buy;11:52:25.499
40.885;2;buy;11:52:26.968
40.865;210;sell;11:52:27.536
40.885;2;buy;11:52:28.781
40.87;300;sell;11:52:36.028
40.885;27;buy;11:52:36.509
40.88;2;buy;11:52:37.474
40.88;64;buy;11:52:37.926
40.88;2;buy;11:52:38.728
40.88;79;buy;11:52:38.948
40.88;2;buy;11:52:38.956
40.87;20;sell;11:52:40.019
40.87;209;sell;11:52:40.483
40.88;108;buy;11:52:45.415
40.89;1;buy;11:52:46.796
40.89;300;buy;11:52:47.480
40.89;27;buy;11:52:47.505
40.88;300;buy;11:52:51.913
40.88;795;buy;11:52:52.933
40.87;210;sell;11:52:53.425
40.875;6;buy;11:52:56.465
40.87;47;sell;11:52:56.986
40.875;6;buy;11:52:58.464
40.875;27;buy;11:52:58.513
40.87;24;sell;11:52:58.520
40.87;2000;sell;11:53:01.941
40.875;1;buy;11:53:02.030
40.87;200;sell;11:53:03.368
40.865;10;buy;11:53:04.369
40.86;210;sell;11:53:06.373
40.86;65;buy;11:53:07.944
40.86;7549;sell;11:53:09.359
40.82;100;buy;11:53:09.360
40.82;17;buy;11:53:09.363
40.845;37;buy;11:53:09.507
40.845;27;buy;11:53:09.521
40.845;173;buy;11:53:09.551
40.845;23;sell;11:53:10.148
40.85;3;buy;11:53:10.963
40.845;193;sell;11:53:10.971
40.845;1;buy;11:53:11.971
40.84;20;sell;11:53:12.419
40.845;4;buy;11:53:12.898
40.845;10;buy;11:53:13.555
40.845;12;buy;11:53:14.361
40.84;6000;sell;11:53:15.776
40.81;10;sell;11:53:15.780
40.84;1;buy;11:53:15.967
40.835;1;buy;11:53:17.192
40.835;40;buy;11:53:17.932
40.835;50;buy;11:53:18.140
40.82;210;sell;11:53:19.318
40.84;27;buy;11:53:20.513
40.84;365;buy;11:53:21.515
40.84;2000;buy;11:53:21.806
40.835;1;buy;11:53:22.018
40.835;64;buy;11:53:22.956
40.835;131;buy;11:53:23.615
40.865;2;buy;11:53:23.723
40.865;75;buy;11:53:23.883
40.86;1100;buy;11:53:26.471
40.86;238;buy;11:53:31.343
40.865;27;buy;11:53:31.526
40.85;210;sell;11:53:32.265
40.865;35;buy;11:53:33.856
40.87;75;buy;11:53:34.192
40.87;65;buy;11:53:37.959
40.875;2;buy;11:53:38.100
40.88;26;buy;11:53:42.534
40.865;210;sell;11:53:45.210
40.875;10;sell;11:53:51.102
40.875;100;sell;11:53:52.681
40.865;64;buy;11:53:52.959
40.865;27;buy;11:53:53.530
40.865;25;buy;11:53:55.077
40.865;210;sell;11:53:58.157
40.87;10;buy;11:54:02.965
40.87;27;buy;11:54:04.525
40.865;374;sell;11:54:04.922
40.86;65;buy;11:54:07.961
40.86;367;buy;11:54:08.307
40.855;210;sell;11:54:11.103
40.86;10;buy;11:54:12.694
40.86;10;buy;11:54:12.770
40.86;1;buy;11:54:14.138
40.86;27;buy;11:54:15.531
40.86;681;buy;11:54:16.071
40.86;122;buy;11:54:16.281
40.86;122;buy;11:54:16.381
40.86;100;buy;11:54:16.382
40.86;685;buy;11:54:17.071
40.86;1;buy;11:54:17.123
40.86;132;buy;11:54:17.172
40.86;366;buy;11:54:17.181
40.86;80;buy;11:54:17.204
40.86;90;buy;11:54:17.221
40.86;3;sell;11:54:22.506
40.87;65;buy;11:54:22.979
40.86;210;sell;11:54:24.049
40.88;192;buy;11:54:25.507
40.88;192;buy;11:54:25.757
40.88;192;buy;11:54:26.008
40.88;192;buy;11:54:26.259
40.88;111;buy;11:54:26.511
40.895;27;buy;11:54:26.531
40.9;10;buy;11:54:26.902
40.9;192;buy;11:54:27.073
40.9;192;buy;11:54:27.324
40.895;210;sell;11:54:36.996
40.895;27;buy;11:54:37.542
40.895;64;buy;11:54:37.986
40.895;27;buy;11:54:48.542
40.89;210;sell;11:54:49.942
40.9;300;buy;11:54:49.969
40.9;65;buy;11:54:52.991
40.9;33;buy;11:54:56.013
40.9;50;buy;11:54:57.717
40.9;128;buy;11:54:57.888
40.9;171;buy;11:54:57.888
40.9;1;buy;11:54:58.009
40.9;27;buy;11:54:59.535
40.895;209;sell;11:55:02.889
40.895;1;buy;11:55:04.700
40.895;64;buy;11:55:07.993
40.895;27;buy;11:55:10.548
40.895;15;buy;11:55:13.411
40.89;210;sell;11:55:15.834
40.895;30;buy;11:55:16.808
40.895;25;buy;11:55:20.806
40.9;27;buy;11:55:21.543
40.9;65;buy;11:55:23.003
40.9;1;buy;11:55:26.150
40.9;3;buy;11:55:28.446
40.895;210;sell;11:55:28.781
40.9;4;buy;11:55:29.441
40.895;6;sell;11:55:30.281
40.885;2;sell;11:55:30.671
40.885;27;buy;11:55:32.550
40.885;1;buy;11:55:32.743
40.885;245;buy;11:55:33.660
40.89;50;buy;11:55:35.192
40.89;65;buy;11:55:38.001
40.89;40;buy;11:55:38.868
40.89;1;buy;11:55:39.265
40.89;100;buy;11:55:40.785
40.885;210;sell;11:55:41.730
40.89;300;buy;11:55:41.737
40.9;27;buy;11:55:43.551
40.89;1;sell;11:55:43.786
40.9;40;buy;11:55:46.238
40.9;10;buy;11:55:48.846
40.9;2;buy;11:55:49.935
40.9;1;buy;11:55:50.548
40.895;10;sell;11:55:52.771
40.895;10;sell;11:55:52.871
40.9;64;buy;11:55:53.014
40.895;26;buy;11:55:54.544
40.89;210;sell;11:55:54.673
40.885;165;sell;11:55:56.771
40.88;991;sell;11:55:57.254
40.875;61;buy;11:55:59.444
40.855;807;sell;11:56:01.661
40.875;20;buy;11:56:04.454
40.865;50;sell;11:56:05.471
40.875;27;buy;11:56:05.554
40.87;1;buy;11:56:06.627
40.865;210;sell;11:56:07.620
40.87;65;buy;11:56:08.015
40.87;100;buy;11:56:11.372
40.87;27;buy;11:56:16.561
40.87;20;buy;11:56:16.583
40.865;210;sell;11:56:20.566
40.865;65;buy;11:56:23.043
40.865;5;buy;11:56:23.228
40.87;9;buy;11:56:24.387
40.87;1;buy;11:56:26.441
40.87;27;buy;11:56:27.556
40.865;210;sell;11:56:33.512
40.87;8;buy;11:56:37.182
40.88;3;buy;11:56:37.463
40.88;8;buy;11:56:37.782
40.885;64;buy;11:56:38.032
40.885;27;buy;11:56:38.561
40.89;300;buy;11:56:38.859
40.905;15;sell;11:56:46.341
40.905;210;sell;11:56:46.458
40.905;12;buy;11:56:48.615
40.905;27;buy;11:56:49.563
40.905;65;buy;11:56:53.024
40.905;2;buy;11:56:53.447
40.905;444;buy;11:56:53.514
40.905;20;buy;11:56:55.027
40.9;210;sell;11:56:59.404
40.915;27;buy;11:57:00.570
40.915;21;buy;11:57:00.672
40.915;1;buy;11:57:04.041
40.915;1;buy;11:57:05.769
40.915;64;buy;11:57:08.030
40.915;27;buy;11:57:11.570
40.9;210;sell;11:57:12.354
40.915;27;buy;11:57:22.567
40.915;65;buy;11:57:23.049
40.895;1000;sell;11:57:24.977
40.885;209;sell;11:57:25.301
40.91;1;buy;11:57:26.920
40.89;2;sell;11:57:33.231
40.91;27;buy;11:57:33.563
40.91;65;buy;11:57:38.050
40.89;210;sell;11:57:38.243
40.89;27;buy;11:57:44.569
40.89;2;buy;11:57:46.273
40.885;210;sell;11:57:51.193
40.89;64;buy;11:57:53.051
40.89;27;buy;11:57:55.572
40.89;2;buy;11:57:56.153
40.885;135;sell;11:57:56.871
40.89;500;buy;11:57:57.696
40.89;3;buy;11:57:57.992
40.88;2;sell;11:57:59.700
40.89;25;buy;11:58:00.777
40.89;1;buy;11:58:01.895
40.89;6;buy;11:58:02.501
40.88;210;sell;11:58:04.139
40.88;26;buy;11:58:06.569
40.89;1;buy;11:58:07.027
40.89;65;buy;11:58:08.063
40.88;110;sell;11:58:17.084
40.875;100;sell;11:58:17.084
40.89;27;buy;11:58:17.576
40.89;1;buy;11:58:17.911
40.89;10;buy;11:58:20.795
40.89;64;buy;11:58:23.059
40.895;1;buy;11:58:26.077
40.895;27;buy;11:58:28.586
40.895;1;buy;11:58:28.814
40.88;210;sell;11:58:30.029
40.875;35;sell;11:58:31.176
40.89;65;buy;11:58:38.078
40.89;27;buy;11:58:39.583
40.89;6;buy;11:58:42.294
40.875;210;sell;11:58:42.975
40.89;30;buy;11:58:46.581
40.89;50;buy;11:58:47.202
40.89;27;buy;11:58:50.589
40.89;65;buy;11:58:53.071
40.875;210;sell;11:58:55.921
40.895;118;buy;11:58:56.964
40.91;27;buy;11:59:01.587
40.915;64;buy;11:59:08.082
40.905;210;sell;11:59:08.867
40.915;27;buy;11:59:12.596
40.91;210;sell;11:59:21.813
40.905;35;sell;11:59:22.123
40.9;65;buy;11:59:23.081
40.9;27;buy;11:59:23.588
40.9;50;buy;11:59:24.633
40.9;10;buy;11:59:25.072
40.9;2;buy;11:59:26.942
40.9;250;buy;11:59:29.762
40.905;27;buy;11:59:34.601
40.88;210;sell;11:59:34.759
40.895;64;buy;11:59:38.101
40.895;317;buy;11:59:44.878
40.915;27;buy;11:59:45.593
40.905;210;sell;11:59:47.709
40.915;101;buy;11:59:51.220
40.915;65;buy;11:59:53.103
40.915;27;buy;11:59:56.607
40.915;35;buy;11:59:57.183
40.895;209;sell;12:00:00.653
40.915;1;buy;12:00:00.820
40.89;137;sell;12:00:00.871
40.885;3;sell;12:00:00.904
40.89;1;sell;12:00:01.890
40.89;138;sell;12:00:02.033
40.895;1;sell;12:00:02.869
40.895;1;sell;12:00:03.851
40.895;1;sell;12:00:04.949
40.915;1;buy;12:00:05.080
40.895;2;sell;12:00:05.195
40.915;27;buy;12:00:07.599
40.915;65;buy;12:00:08.271
40.9;210;sell;12:00:13.599
40.915;1222;buy;12:00:16.348
40.915;200;buy;12:00:16.998
40.925;1;buy;12:00:17.907
40.92;1200;buy;12:00:18.481
40.92;26;buy;12:00:18.608
40.925;64;buy;12:00:23.105
40.9;210;sell;12:00:26.548
40.9;2;sell;12:00:29.048
40.925;14;buy;12:00:29.404
40.925;27;buy;12:00:29.603
40.925;50;buy;12:00:33.086
40.925;65;buy;12:00:38.131
40.915;210;sell;12:00:39.491
40.93;27;buy;12:00:40.607
40.93;150;buy;12:00:50.319
40.93;27;buy;12:00:51.616
40.905;210;sell;12:00:52.437
40.925;64;buy;12:00:53.120
40.925;1;buy;12:00:53.911
40.905;223;sell;12:00:56.813
40.915;27;buy;12:01:02.626
40.915;10;buy;12:01:02.643
40.905;191;sell;12:01:05.383
40.89;19;sell;12:01:05.383
40.91;65;buy;12:01:08.131
40.9;1;sell;12:01:11.496
40.91;27;buy;12:01:13.620
40.91;1;buy;12:01:15.472
40.9;210;sell;12:01:18.330
40.91;65;buy;12:01:23.138
40.91;27;buy;12:01:24.612
40.9;210;sell;12:01:31.276
40.905;16;buy;12:01:34.540
40.905;27;buy;12:01:35.625
40.905;1;buy;12:01:36.130
40.905;9;buy;12:01:36.491
40.905;64;buy;12:01:38.133
40.89;7;sell;12:01:40.952
40.89;7;sell;12:01:41.181
40.89;35;sell;12:01:41.184
40.89;11;sell;12:01:41.667
40.89;190;sell;12:01:41.672
40.885;140;sell;12:01:41.682
40.875;114;sell;12:01:41.714
40.875;2;sell;12:01:41.744
40.87;81;sell;12:01:41.787
40.87;109;sell;12:01:41.791
40.875;1;buy;12:01:44.178
40.875;1;buy;12:01:44.220
40.87;210;sell;12:01:44.222
40.87;104;sell;12:01:45.602
40.885;27;buy;12:01:46.622
40.87;8;sell;12:01:49.885
40.88;65;buy;12:01:53.152
40.88;1;buy;12:01:54.747
40.88;2;buy;12:01:54.923
40.87;210;sell;12:01:57.169
40.885;12;buy;12:01:57.411
40.885;27;buy;12:01:57.625
40.88;367;buy;12:02:07.921
40.89;65;buy;12:02:08.147
40.89;27;buy;12:02:08.618
40.875;10000;sell;12:02:09.051
40.845;210;sell;12:02:10.117
40.845;300;sell;12:02:11.327
40.845;16;sell;12:02:12.763
40.845;9657;sell;12:02:15.700
40.83;16;sell;12:02:15.782
40.805;1;sell;12:02:15.791
40.805;1500;sell;12:02:15.793
40.8;50;sell;12:02:15.813
40.8;400;sell;12:02:15.860
40.8;250;sell;12:02:15.891
40.8;250;sell;12:02:15.893
40.8;5000;sell;12:02:15.912
40.78;250;sell;12:02:16.011
40.775;16;sell;12:02:16.018
40.775;8;sell;12:02:16.021
40.8;1;buy;12:02:16.036
40.8;10;buy;12:02:16.052
40.79;400;sell;12:02:16.064
40.79;40;sell;12:02:16.080
40.8;100;buy;12:02:16.101
40.775;300;sell;12:02:16.154
40.78;40;buy;12:02:16.155
40.77;250;sell;12:02:16.186
40.77;25;sell;12:02:16.207
40.77;81;sell;12:02:16.265
40.77;23;sell;12:02:16.293
40.755;200;buy;12:02:16.314
40.755;10;buy;12:02:16.315
40.75;512;sell;12:02:16.322
40.75;88;sell;12:02:16.322
40.745;1;sell;12:02:16.332
40.745;50;sell;12:02:16.341
40.745;3;sell;12:02:16.359
40.745;10;sell;12:02:16.373
40.745;8;sell;12:02:16.380
40.75;74;buy;12:02:16.384
40.75;64;buy;12:02:16.396
40.75;1;buy;12:02:16.397
40.745;20;sell;12:02:16.436
40.745;1000;sell;12:02:16.461
40.75;2000;buy;12:02:16.465
40.73;500;sell;12:02:16.466
40.745;5;sell;12:02:16.471
40.75;1;buy;12:02:16.498
40.75;1;buy;12:02:16.557
40.75;144;buy;12:02:16.565
40.755;10;buy;12:02:16.599
40.75;371;sell;12:02:16.618
40.735;10;sell;12:02:16.634
40.735;25;sell;12:02:16.661
40.735;694;sell;12:02:16.674
40.75;5;buy;12:02:16.757
40.75;141;buy;12:02:16.815
40.755;687;buy;12:02:16.836
40.755;2;buy;12:02:16.982
40.755;36;buy;12:02:17.023
40.755;3769;buy;12:02:17.055
40.775;20;sell;12:02:17.085
40.775;13;sell;12:02:17.358
40.775;7;sell;12:02:17.370
40.78;1;buy;12:02:17.599
40.78;176;buy;12:02:18.328
40.775;7;sell;12:02:18.364
40.775;58;sell;12:02:19.561
40.78;27;buy;12:02:19.628
40.775;209;sell;12:02:23.061
40.78;64;buy;12:02:23.157
40.785;50;buy;12:02:25.530
40.78;400;sell;12:02:26.318
40.78;300;sell;12:02:28.161
40.78;6470;sell;12:02:28.377
40.76;27;buy;12:02:30.624
40.755;1;sell;12:02:30.996
40.755;20;sell;12:02:31.645
40.765;2;buy;12:02:32.109
40.755;210;sell;12:02:36.008
40.755;12;sell;12:02:37.410
40.755;150;sell;12:02:37.550
40.75;45;sell;12:02:38.032
40.76;65;buy;12:02:38.165
40.745;1223;sell;12:02:40.547
40.76;1;buy;12:02:40.658
40.755;26;buy;12:02:41.643
40.745;4;sell;12:02:43.115
40.76;12;buy;12:02:44.568
40.76;1;buy;12:02:48.009
40.76;10;buy;12:02:48.230
40.755;210;sell;12:02:48.957
40.76;106;buy;12:02:51.521
40.76;35;buy;12:02:51.670
40.775;61;buy;12:02:52.021
40.775;2;buy;12:02:52.082
40.775;12;buy;12:02:52.181
40.78;27;buy;12:02:52.636
40.785;64;buy;12:02:53.162
40.785;50;buy;12:02:55.147
40.79;1;buy;12:02:58.797
40.795;1;buy;12:02:58.863
40.795;210;sell;12:03:01.901
40.8;10;buy;12:03:01.907
40.8;27;buy;12:03:03.632
40.8;20;buy;12:03:05.189
40.8;2000;buy;12:03:06.150
40.805;10;sell;12:03:06.294
40.82;10;buy;12:03:06.656
40.815;65;buy;12:03:08.180
40.815;1;buy;12:03:09.854
40.81;302;sell;12:03:10.636
40.805;283;sell;12:03:10.736
40.8;27;buy;12:03:12.542
40.8;12;buy;12:03:13.300
40.79;20;sell;12:03:13.949
40.8;27;buy;12:03:14.636
40.79;210;sell;12:03:14.847
40.79;1;sell;12:03:15.053
40.795;50;buy;12:03:17.592
40.8;58;buy;12:03:19.385
40.8;3;buy;12:03:19.805
40.8;1;buy;12:03:21.539
40.8;1;buy;12:03:21.844
40.8;65;buy;12:03:23.179
40.8;52;buy;12:03:25.417
40.815;27;buy;12:03:25.646
40.81;210;sell;12:03:27.793
40.825;32;buy;12:03:31.806
40.835;20;buy;12:03:32.406
40.835;27;buy;12:03:36.639
40.835;64;buy;12:03:38.189
40.825;250;sell;12:03:38.315
40.825;210;sell;12:03:40.742
40.83;9;buy;12:03:44.668
40.825;142;sell;12:03:45.280
40.805;500;sell;12:03:45.901
40.81;55;buy;12:03:46.688
40.81;27;buy;12:03:47.648
40.805;1;buy;12:03:50.265
40.805;23;buy;12:03:53.037
40.815;65;buy;12:03:53.194
40.79;210;sell;12:03:53.688
40.795;1;sell;12:03:57.430
40.795;3000;sell;12:03:57.913
40.815;27;buy;12:03:58.648
40.775;100;sell;12:04:02.502
40.78;7420;sell;12:04:05.873
40.76;210;sell;12:04:06.631
40.76;7420;sell;12:04:07.410
40.76;418;sell;12:04:07.482
40.76;442;sell;12:04:07.523
40.76;5;sell;12:04:07.581
40.76;102;sell;12:04:07.736
40.76;172;sell;12:04:07.782
40.76;442;sell;12:04:07.823
40.76;80;sell;12:04:07.824
40.76;1563;sell;12:04:07.883
40.755;5;sell;12:04:07.885
40.75;3;sell;12:04:08.060
40.75;186;sell;12:04:08.183
40.755;64;buy;12:04:08.201
40.75;150;sell;12:04:08.275
40.75;687;sell;12:04:08.336
40.75;600;sell;12:04:08.625
40.75;180;sell;12:04:08.626
40.75;150;sell;12:04:08.869
40.75;180;sell;12:04:08.870
40.75;7186;sell;12:04:09.007
40.73;11;buy;12:04:09.078
40.71;49;sell;12:04:09.128
40.73;12;buy;12:04:09.155
40.73;27;buy;12:04:09.645
40.71;60;sell;12:04:09.788
40.725;1;buy;12:04:14.037
40.74;99;buy;12:04:14.291
40.74;200;buy;12:04:14.543
40.74;124;buy;12:04:14.794
40.735;36;sell;12:04:15.099
40.73;53;sell;12:04:16.180
40.735;10;buy;12:04:17.228
40.73;18;sell;12:04:18.099
40.73;210;sell;12:04:19.578
40.735;27;buy;12:04:20.653
40.73;9;sell;12:04:21.482
40.75;65;buy;12:04:23.201
40.75;1000;buy;12:04:23.343
40.75;35;buy;12:04:25.114
40.75;70;buy;12:04:25.970
40.75;52;buy;12:04:27.452
40.755;27;buy;12:04:31.665
40.785;46;buy;12:04:31.925
40.785;46;buy;12:04:32.178
40.785;46;buy;12:04:32.438
40.77;210;sell;12:04:32.527
40.785;60;buy;12:04:32.700
40.785;106;buy;12:04:32.956
40.79;1;buy;12:04:33.493
40.79;7;buy;12:04:33.924
40.79;65;buy;12:04:38.205
40.79;122;buy;12:04:40.938
40.795;5;buy;12:04:41.574
40.795;27;buy;12:04:42.654
40.79;2248;sell;12:04:44.963
40.75;25;buy;12:04:44.964
40.75;123;buy;12:04:44.981
40.75;2;buy;12:04:44.982
40.75;209;sell;12:04:45.471
40.765;248;buy;12:04:46.938
40.755;13;sell;12:04:49.472
40.765;5;buy;12:04:52.410
40.765;64;buy;12:04:53.212
40.765;26;buy;12:04:53.657
40.76;210;sell;12:04:58.416
40.765;1;buy;12:05:00.396
40.765;27;buy;12:05:04.660
40.775;9;buy;12:05:07.572
40.775;10;buy;12:05:07.630
40.775;65;buy;12:05:08.222
40.765;210;sell;12:05:11.363
40.775;27;buy;12:05:15.673
40.775;1;buy;12:05:17.762
40.775;64;buy;12:05:23.219
40.765;210;sell;12:05:24.309
40.77;27;buy;12:05:26.671
40.77;350;buy;12:05:27.179
40.77;5;buy;12:05:30.915
40.77;50;buy;12:05:33.953
40.805;90;buy;12:05:35.942
40.8;50;buy;12:05:36.842
40.795;210;sell;12:05:37.255
40.79;4;sell;12:05:37.533
40.8;27;buy;12:05:37.662
40.8;65;buy;12:05:38.231
40.8;386;buy;12:05:38.597
40.805;27;buy;12:05:48.675
40.8;250;buy;12:05:49.269
40.785;210;sell;12:05:50.201
40.8;65;buy;12:05:53.235
40.795;370;buy;12:05:56.093
40.805;100;buy;12:05:57.578
40.81;27;buy;12:05:59.677
40.8;210;sell;12:06:03.148
40.81;3;buy;12:06:03.615
40.81;10;buy;12:06:05.028
40.81;64;buy;12:06:08.256
40.81;27;buy;12:06:10.685
40.81;1;buy;12:06:11.225
40.8;36;sell;12:06:13.669
40.805;210;sell;12:06:16.095
40.785;23;sell;12:06:16.617
40.805;2;buy;12:06:16.773
40.805;32;buy;12:06:18.904
40.805;10;buy;12:06:21.336
40.805;27;buy;12:06:21.684
40.805;4;buy;12:06:22.271
40.805;65;buy;12:06:23.253
40.805;10;buy;12:06:24.546
40.805;250;buy;12:06:26.116
40.805;210;sell;12:06:29.040
40.805;50;buy;12:06:31.570
40.8;10;sell;12:06:31.643
40.805;27;buy;12:06:32.684
40.8;10;sell;12:06:34.944
40.805;1441;buy;12:06:37.922
40.82;1;buy;12:06:38.034
40.82;64;buy;12:06:38.260
40.82;2;buy;12:06:40.175
40.82;3;buy;12:06:40.858
40.82;36;buy;12:06:41.919
40.8;210;sell;12:06:41.987
40.82;10;buy;12:06:42.680
40.82;27;buy;12:06:43.694
40.83;1;buy;12:06:49.590
40.83;65;buy;12:06:53.255
40.83;300;buy;12:06:54.539
40.83;2;buy;12:06:54.613
40.83;27;buy;12:06:54.689
40.82;210;sell;12:06:54.937
40.815;300;sell;12:06:58.581
40.83;26;buy;12:07:05.692
40.83;1074;buy;12:07:06.536
40.83;209;sell;12:07:07.879
40.835;65;buy;12:07:08.273
40.835;1;buy;12:07:10.299
40.83;8;sell;12:07:10.637
40.83;5;buy;12:07:11.615
40.83;991;buy;12:07:13.223
40.835;17;sell;12:07:14.737
40.83;27;buy;12:07:16.691
40.825;210;sell;12:07:20.826
40.81;1909;sell;12:07:21.671
40.8;64;buy;12:07:23.276
40.8;9;buy;12:07:25.817
40.8;2;buy;12:07:26.005
40.8;27;buy;12:07:27.691
40.8;3;buy;12:07:30.302
40.795;210;sell;12:07:33.772
40.8;65;buy;12:07:38.272
40.8;27;buy;12:07:38.685
40.795;20;sell;12:07:39.220
40.795;11;sell;12:07:40.559
40.795;250;buy;12:07:41.927
40.795;200;buy;12:07:44.976
40.795;2;buy;12:07:45.913
40.79;210;sell;12:07:46.718
40.795;2;buy;12:07:47.703
40.795;27;buy;12:07:49.695
40.795;65;buy;12:07:53.288
40.795;179;buy;12:07:53.561
40.795;200;buy;12:07:55.117
40.795;64;buy;12:07:55.253
40.8;10;buy;12:07:56.723
40.795;210;sell;12:07:59.664
40.8;1;buy;12:08:00.505
40.8;27;buy;12:08:00.700
40.8;200;buy;12:08:01.450
40.8;200;buy;12:08:01.700
40.8;200;buy;12:08:01.951
40.8;200;buy;12:08:02.201
40.8;200;buy;12:08:02.452
40.8;64;buy;12:08:08.286
40.8;55;buy;12:08:08.973
40.795;10;sell;12:08:10.099
40.8;27;buy;12:08:11.706
40.795;210;sell;12:08:12.610
40.8;1;buy;12:08:12.920
40.8;200;buy;12:08:12.981
40.8;200;buy;12:08:13.232
40.8;21;buy;12:08:14.946
40.8;21;buy;12:08:20.975
40.8;27;buy;12:08:22.708
40.8;65;buy;12:08:23.294
40.8;1;buy;12:08:24.797
40.795;210;sell;12:08:25.557
40.8;12;buy;12:08:27.297
40.8;1;buy;12:08:29.171
40.795;164;sell;12:08:29.391
40.795;200;sell;12:08:32.964
40.795;70;sell;12:08:33.010
40.79;35;sell;12:08:33.022
40.795;27;buy;12:08:33.710
40.795;1;buy;12:08:36.281
40.79;258;sell;12:08:36.471
40.79;100;buy;12:08:36.473
40.785;245;sell;12:08:36.898
40.79;6;buy;12:08:36.917
40.785;123;sell;12:08:37.281
40.785;123;sell;12:08:37.381
40.785;123;sell;12:08:37.481
40.79;19;buy;12:08:38.294
40.79;45;buy;12:08:38.294
40.785;210;sell;12:08:38.506
40.79;1;buy;12:08:38.673
40.79;15;buy;12:08:40.898
40.79;9;buy;12:08:42.926
40.79;333;buy;12:08:43.006
40.79;27;buy;12:08:44.709
40.79;1;buy;12:08:45.696
40.785;106;sell;12:08:49.145
40.785;55;sell;12:08:49.171
40.785;246;sell;12:08:49.181
40.785;196;sell;12:08:49.221
40.785;866;sell;12:08:49.371
40.785;180;sell;12:08:49.372
40.785;835;sell;12:08:49.373
40.785;36;buy;12:08:49.375
40.785;60;sell;12:08:49.375
40.785;104;sell;12:08:49.482
40.79;1;buy;12:08:49.665
40.78;210;sell;12:08:51.451
40.78;100;buy;12:08:51.916
40.775;5;sell;12:08:51.933
40.77;3;sell;12:08:52.598
40.78;65;buy;12:08:53.301
40.78;27;buy;12:08:55.701
40.78;30;buy;12:09:01.848
40.78;400;buy;12:09:02.558
40.775;210;sell;12:09:04.399
40.775;1;buy;12:09:05.392
40.775;27;buy;12:09:06.714
40.775;65;buy;12:09:08.371
40.775;500;buy;12:09:08.985
40.775;2;buy;12:09:16.802
40.77;210;sell;12:09:17.345
40.775;26;buy;12:09:17.708
40.765;50;sell;12:09:18.458
40.775;50;buy;12:09:21.864
40.775;64;buy;12:09:23.323
40.775;27;buy;12:09:28.753
40.765;209;sell;12:09:30.289
40.77;120;buy;12:09:30.450
40.77;1;buy;12:09:32.993
40.77;50;buy;12:09:36.768
40.77;65;buy;12:09:38.335
40.77;27;buy;12:09:39.715
40.765;210;sell;12:09:43.234
40.77;6;buy;12:09:45.226
40.77;9;buy;12:09:50.119
40.77;27;buy;12:09:50.727
40.77;50;buy;12:09:51.217
40.765;20;sell;12:09:52.692
40.77;64;buy;12:09:53.324
40.77;10;buy;12:09:54.219
40.765;210;sell;12:09:56.180
40.765;120;buy;12:09:56.742
40.765;27;buy;12:10:01.723
40.76;2;buy;12:10:02.938
40.75;1;sell;12:10:04.371
40.755;1;buy;12:10:05.497
40.755;1;buy;12:10:06.469
40.755;65;buy;12:10:08.330
40.75;210;sell;12:10:09.127
40.755;1;buy;12:10:09.638
40.75;590;sell;12:10:10.900
40.745;50;sell;12:10:11.407
40.745;50;sell;12:10:11.550
40.75;27;buy;12:10:12.716
40.75;1;buy;12:10:14.653
40.75;113;buy;12:10:18.187
40.74;210;sell;12:10:22.074
40.735;65;buy;12:10:23.340
40.735;27;buy;12:10:23.729
40.73;7;sell;12:10:23.732
40.73;4;sell;12:10:28.414
40.735;27;buy;12:10:34.741
40.73;210;sell;12:10:35.020
40.73;5;sell;12:10:37.428
40.735;64;buy;12:10:38.341
40.735;27;buy;12:10:45.725
40.735;2;buy;12:10:46.067
40.73;210;sell;12:10:47.969
40.73;6397;sell;12:10:48.818
40.7;1391;buy;12:10:48.820
40.705;35;buy;12:10:48.827
40.71;59;sell;12:10:48.827
40.715;134;buy;12:10:48.830
40.72;60;buy;12:10:48.836
40.72;268;buy;12:10:48.841
40.73;146;buy;12:10:48.847
40.73;86;buy;12:10:48.852
40.735;1375;buy;12:10:48.853
40.735;39;sell;12:10:48.853
40.735;6;buy;12:10:48.856
40.735;80;buy;12:10:48.860
40.735;1500;buy;12:10:48.865
40.73;8;sell;12:10:48.888
40.715;480;sell;12:10:48.901
40.735;40;buy;12:10:48.943
40.725;100;sell;12:10:48.954
40.72;130;sell;12:10:48.964
40.72;3146;sell;12:10:48.986
40.68;800;buy;12:10:48.987
40.68;32;buy;12:10:48.989
40.675;7;sell;12:10:49.013
40.68;1;buy;12:10:49.028
40.68;1;buy;12:10:49.060
40.675;37;sell;12:10:49.094
40.675;700;sell;12:10:49.097
40.675;100;sell;12:10:49.109
40.68;11;buy;12:10:49.116
40.675;100;sell;12:10:49.158
40.675;299;sell;12:10:49.167
40.675;300;sell;12:10:49.209
40.675;2;buy;12:10:49.323
40.68;15;buy;12:10:49.359
40.69;10;buy;12:10:49.783
40.685;88;sell;12:10:49.793
40.685;1300;sell;12:10:50.447
40.7;4;buy;12:10:51.632
40.7;248;buy;12:10:52.246
40.7;2;buy;12:10:53.146
40.69;65;buy;12:10:53.351
40.695;4;sell;12:10:55.031
40.7;27;buy;12:10:56.738
40.7;5;buy;12:10:57.532
40.7;1;buy;12:10:58.306
40.695;26;sell;12:11:00.814
40.695;210;sell;12:11:00.915
40.7;200;buy;12:11:00.993
40.7;400;buy;12:11:03.270
40.7;489;buy;12:11:04.036
40.715;27;buy;12:11:07.730
40.715;64;buy;12:11:08.361
40.715;10;buy;12:11:09.580
40.715;1;buy;12:11:11.888
40.715;1;buy;12:11:12.562
40.715;10;buy;12:11:12.678
40.7;27;sell;12:11:12.987
40.715;24;buy;12:11:13.494
40.715;1;buy;12:11:13.586
40.7;210;sell;12:11:13.859
40.715;4;buy;12:11:14.254
40.71;27;buy;12:11:18.744
40.7;13;sell;12:11:23.164
40.715;65;buy;12:11:23.358
40.705;210;sell;12:11:26.805
40.715;1;buy;12:11:27.555
40.715;26;buy;12:11:29.744
40.715;64;buy;12:11:32.282
40.72;8;sell;12:11:36.981
40.73;65;buy;12:11:38.368
40.73;6;buy;12:11:39.081
40.725;210;sell;12:11:39.751
40.725;1;sell;12:11:40.446
40.74;27;buy;12:11:40.740
40.725;2000;sell;12:11:41.576
40.74;120;buy;12:11:43.122
40.725;24;sell;12:11:43.522
40.74;875;buy;12:11:51.184
40.74;248;buy;12:11:51.501
40.74;27;buy;12:11:51.749
40.725;209;sell;12:11:52.697
40.745;64;buy;12:11:53.376
40.745;299;buy;12:11:57.901
40.745;29;buy;12:11:59.595
40.76;10;buy;12:12:02.280
40.76;27;buy;12:12:02.748
40.735;210;sell;12:12:05.643
40.76;65;buy;12:12:08.387
40.76;27;buy;12:12:13.741
40.74;210;sell;12:12:18.593
40.765;64;buy;12:12:23.392
40.765;27;buy;12:12:24.754
40.76;210;sell;12:12:31.536
40.77;27;buy;12:12:35.745
40.765;65;buy;12:12:38.407
40.765;1;buy;12:12:41.870
40.75;210;sell;12:12:44.483
40.765;27;buy;12:12:46.753
40.765;50;buy;12:12:46.911
40.75;500;sell;12:12:49.581
40.765;30;buy;12:12:52.361
40.765;65;buy;12:12:53.394
40.75;210;sell;12:12:57.428
40.76;6;buy;12:12:57.439
40.76;27;buy;12:12:57.759
40.76;230;buy;12:12:58.329
40.76;10;buy;12:13:00.848
40.76;200;buy;12:13:04.693
40.76;1;buy;12:13:05.512
40.755;64;buy;12:13:08.404
40.755;27;buy;12:13:08.761
40.75;210;sell;12:13:10.377
40.965;100;buy;06:59:50.964
40.965;50;sell;06:59:50.964
40.965;220;buy;06:59:50.964
40.985;1;buy;07:00:00.404
40.985;1;buy;07:00:00.408
40.985;8;buy;07:00:00.421
40.985;1;buy;07:00:00.426
40.985;3;buy;07:00:00.433
40.965;50;sell;07:00:00.478
40.985;86;buy;07:00:00.485
41.035;30;buy;07:00:00.486
41.04;1;buy;07:00:00.489
41.04;1;buy;07:00:00.494
41.04;5;buy;07:00:00.513
41.04;5;buy;07:00:00.523
41.04;1;buy;07:00:00.530
41.04;2;buy;07:00:00.547
41.04;5;buy;07:00:00.559
41.04;1;buy;07:00:00.562
41.04;33;buy;07:00:00.564
41.04;5;buy;07:00:00.594
40.99;1;sell;07:00:01.065
41.04;56;buy;07:00:01.536
41.06;121;buy;07:00:01.936
41.06;236;sell;07:00:02.307
41.09;139;buy;07:00:02.336
41.1;401;buy;07:00:02.373
41.11;365;buy;07:00:02.436
41.115;280;buy;07:00:02.473
41.12;122;buy;07:00:02.482
41.125;113;buy;07:00:02.522
41.155;59;buy;07:00:02.582
41.165;142;buy;07:00:02.622
41.165;185;buy;07:00:02.685
41.16;122;buy;07:00:02.791
41.17;42;buy;07:00:02.882
41.18;238;buy;07:00:02.937
41.145;97;sell;07:00:03.016
41.14;97;sell;07:00:03.117
41.165;100;sell;07:00:03.140
41.125;29;sell;07:00:03.216
41.1;20;sell;07:00:03.416
41.075;5;buy;07:00:13.617
41.075;1;buy;07:00:19.851
41.04;16;sell;07:00:32.346
41.08;2;buy;07:00:40.252
41.065;3;buy;07:00:45.208
41.055;200;buy;07:00:47.209
41.02;39;sell;07:00:50.081
41.02;5;buy;07:01:00.665
40.985;1;sell;07:01:02.893
40.985;1;sell;07:01:04.971
41.015;15;buy;07:01:05.117
41.025;1;buy;07:01:06.130
41.025;6;buy;07:01:06.315
41.02;2;buy;07:01:06.942
41.0;5;buy;07:01:21.661
40.985;1;sell;07:01:22.702
40.985;2;sell;07:01:36.920
40.985;49;sell;07:01:42.382
40.97;121;sell;07:01:47.336
40.985;37;sell;07:01:48.481
40.985;63;sell;07:01:48.521
40.965;1000;sell;07:01:49.759
40.995;50;buy;07:01:51.225
40.965;105;sell;07:01:52.621
40.96;18;sell;07:02:00.333
40.98;3;buy;07:02:02.077
40.96;87;sell;07:02:02.921
40.96;244;sell;07:02:02.982
40.96;203;sell;07:02:03.082
40.955;1000;sell;07:02:04.118
40.955;2;sell;07:02:04.181
40.955;195;sell;07:02:10.121
40.955;681;sell;07:02:10.173
40.95;568;sell;07:02:10.236
40.95;441;sell;07:02:10.274
40.955;322;buy;07:02:10.378
40.95;243;sell;07:02:12.573
40.95;11;sell;07:02:12.673
40.95;65;sell;07:02:12.681
40.945;2;buy;07:02:16.321
40.945;2;buy;07:02:17.425
40.94;122;sell;07:02:22.581
40.94;83;sell;07:02:22.781
40.94;3;buy;07:02:30.687
40.915;1000;sell;07:02:31.037
40.93;3;buy;07:02:31.326
40.93;8;buy;07:02:31.335
40.93;4;buy;07:02:31.890
40.945;10;buy;07:02:35.287
40.94;138;sell;07:02:39.726
40.94;78;sell;07:02:39.744
40.94;58;sell;07:02:39.745
40.94;175;sell;07:02:39.748
40.915;46;sell;07:02:39.870
40.895;116;sell;07:02:39.890
40.885;138;sell;07:02:40.012
40.885;138;sell;07:02:40.018
40.885;175;sell;07:02:40.019
40.88;175;sell;07:02:40.284
40.905;9;buy;07:02:40.424
40.865;3300;sell;07:02:40.437
40.835;175;sell;07:02:40.536
40.875;9;buy;07:02:40.588
40.86;1;sell;07:02:40.621
40.86;175;sell;07:02:40.788
40.84;5;buy;07:02:40.878
40.875;9;buy;07:02:40.931
40.875;1;buy;07:02:40.944
40.815;28;sell;07:02:40.949
40.855;1;buy;07:02:41.019
40.815;175;sell;07:02:41.038
40.85;195;sell;07:02:41.243
40.835;95;buy;07:02:41.273
40.805;175;sell;07:02:41.290
40.85;50;buy;07:02:41.293
40.815;10;sell;07:02:41.471
40.815;175;sell;07:02:41.540
40.815;158;sell;07:02:41.591
40.815;171;sell;07:02:41.791
40.815;156;sell;07:02:42.041
40.8;1;sell;07:02:42.114
40.81;117;sell;07:02:42.293
40.815;131;buy;07:02:42.673
40.845;2;buy;07:02:42.914
40.815;119;buy;07:02:42.924
40.81;108;sell;07:02:43.175
40.825;98;buy;07:02:43.773
40.83;200;buy;07:02:44.848
40.83;8;buy;07:02:46.836
40.83;1;buy;07:02:47.303
40.665;392;sell;12:16:29.026
40.66;5;buy;12:16:29.662
40.66;3;buy;12:16:33.306
40.66;3;buy;12:16:35.510
40.655;210;sell;12:16:37.515
40.665;27;buy;12:16:37.810
40.665;65;buy;12:16:38.484
40.65;409;sell;12:16:40.708
40.65;248;buy;12:16:46.256
40.65;1;buy;12:16:47.342
40.65;327;buy;12:16:47.828
40.66;23;buy;12:16:47.828
40.65;27;buy;12:16:48.797
40.645;209;sell;12:16:50.462
40.65;1;buy;12:16:50.675
40.65;140;buy;12:16:50.813
40.65;500;buy;12:16:52.148
40.65;1;buy;12:16:53.472
40.65;64;buy;12:16:53.483
40.66;27;buy;12:16:59.811
40.67;10000;buy;12:17:02.796
40.66;210;sell;12:17:03.408
40.69;65;buy;12:17:08.506
40.665;35;sell;12:17:08.871
40.685;27;buy;12:17:10.807
40.67;931;sell;12:17:12.506
40.675;2;buy;12:17:15.056
40.67;210;sell;12:17:16.357
40.67;37;sell;12:17:21.157
40.675;27;buy;12:17:21.811
40.665;3;sell;12:17:22.061
40.665;65;buy;12:17:23.500
40.66;207;sell;12:17:25.428
40.645;43;sell;12:17:25.455
40.635;20;sell;12:17:25.476
40.63;119;sell;12:17:25.498
40.625;19;buy;12:17:25.498
40.63;13;buy;12:17:25.631
40.63;4;buy;12:17:25.647
40.63;13;buy;12:17:25.655
40.625;16;sell;12:17:25.722
40.63;32;buy;12:17:26.087
40.63;3;buy;12:17:26.400
40.63;60;buy;12:17:26.723
40.63;100;buy;12:17:26.725
40.625;210;sell;12:17:29.304
40.625;4434;sell;12:17:29.398
40.645;14;buy;12:17:29.508
40.62;211;sell;12:17:29.532
40.605;253;sell;12:17:29.542
40.6;142;sell;12:17:29.543
40.645;6;buy;12:17:29.543
40.615;25;sell;12:17:29.567
40.615;1;sell;12:17:29.587
40.64;75;buy;12:17:30.263
40.64;155;buy;12:17:30.479
40.625;515;sell;12:17:31.158
40.605;6;buy;12:17:31.707
40.605;380;buy;12:17:32.123
40.605;27;buy;12:17:32.816
40.6;6492;sell;12:17:33.515
40.62;100;buy;12:17:33.906
40.615;200;buy;12:17:36.561
40.615;10;buy;12:17:36.626
40.615;92;buy;12:17:36.771
40.615;64;buy;12:17:38.507
40.62;1;buy;12:17:40.798
40.6;210;sell;12:17:42.246
40.62;300;buy;12:17:43.156
40.625;27;buy;12:17:43.817
40.625;1768;buy;12:17:47.076
40.645;8232;buy;12:17:47.076
40.665;1;sell;12:17:48.113
40.67;14;buy;12:17:48.536
40.68;65;buy;12:17:53.513
40.695;27;buy;12:17:54.812
40.69;210;sell;12:17:55.196
40.7;10;buy;12:17:55.686
40.7;50;buy;12:17:56.589
40.7;40;buy;12:18:03.595
40.7;200;buy;12:18:04.045
40.725;27;buy;12:18:05.816
40.73;1;buy;12:18:06.236
40.73;210;sell;12:18:08.139
40.74;64;buy;12:18:08.518
40.74;20;buy;12:18:14.499
40.74;26;buy;12:18:16.822
40.725;210;sell;12:18:21.085
40.725;60;sell;12:18:21.123
40.725;2;buy;12:18:22.620
40.72;65;buy;12:18:23.521
40.72;2;buy;12:18:24.161
40.72;18;buy;12:18:26.241
40.72;1;buy;12:18:27.608
40.72;27;buy;12:18:27.825
40.72;1;buy;12:18:28.404
40.715;3;sell;12:18:31.271
40.715;5;buy;12:18:31.624
40.715;10000;buy;12:18:33.456
40.7;210;sell;12:18:34.032
40.71;1;buy;12:18:36.782
40.71;1;buy;12:18:36.914
40.715;65;buy;12:18:38.539
40.715;27;buy;12:18:38.822
40.715;1;buy;12:18:41.751
40.715;35;buy;12:18:42.161
40.715;5;buy;12:18:45.365
40.695;210;sell;12:18:46.978
40.71;5;buy;12:18:48.571
40.71;5;buy;12:18:49.717
40.71;27;buy;12:18:49.834
40.71;5;buy;12:18:50.853
40.71;50;buy;12:18:51.664
40.71;172;buy;12:18:51.937
40.71;5;buy;12:18:52.889
40.71;64;buy;12:18:53.545
40.71;2;buy;12:18:58.484
40.7;210;sell;12:18:59.924
40.705;27;buy;12:19:00.831
40.705;4;buy;12:19:05.888
40.705;10000;buy;12:19:06.114
40.75;1;buy;12:19:06.154
40.745;10;buy;12:19:06.246
40.715;950;sell;12:19:06.428
40.745;5;buy;12:19:07.030
40.715;201;sell;12:19:07.802
40.71;101;sell;12:19:07.834
40.705;40;sell;12:19:07.854
40.705;40;sell;12:19:07.873
40.705;40;buy;12:19:07.881
40.7;60;sell;12:19:07.913
40.705;5;buy;12:19:07.962
40.685;54;sell;12:19:08.357
40.705;34;buy;12:19:08.494
40.705;65;buy;12:19:08.540
40.705;5;buy;12:19:09.855
40.705;27;buy;12:19:11.831
40.7;209;sell;12:19:12.871
40.695;5;buy;12:19:14.909
40.685;5;buy;12:19:19.784
40.685;5;buy;12:19:21.521
40.685;27;buy;12:19:22.835
40.685;65;buy;12:19:23.551
40.68;210;sell;12:19:25.816
40.685;10;buy;12:19:28.146
40.665;77;sell;12:19:28.541
40.685;20;buy;12:19:28.640
40.675;25;buy;12:19:29.401
40.675;27;buy;12:19:33.840
40.675;64;buy;12:19:38.561
40.66;210;sell;12:19:38.767
40.675;3;buy;12:19:39.006
40.66;22;sell;12:19:40.851
40.675;4;buy;12:19:41.641
40.675;3;buy;12:19:42.156
40.67;27;buy;12:19:44.839
40.67;2;buy;12:19:45.017
40.67;1;buy;12:19:49.364
40.66;210;sell;12:19:51.712
40.665;65;buy;12:19:53.579
40.665;1;buy;12:19:55.572
40.665;27;buy;12:19:55.840
40.665;25;buy;12:20:01.351
40.66;5;sell;12:20:03.871
40.655;245;sell;12:20:04.000
40.655;5;buy;12:20:04.559
40.64;210;sell;12:20:04.656
40.655;27;buy;12:20:06.852
40.655;64;buy;12:20:08.569
40.64;33;sell;12:20:10.156
40.64;680;sell;12:20:10.971
40.65;3;buy;12:20:11.514
40.65;5;buy;12:20:12.748
40.64;689;sell;12:20:16.571
40.64;6807;sell;12:20:17.098
40.61;210;sell;12:20:17.601
40.62;27;buy;12:20:17.844
40.62;30;buy;12:20:17.994
40.62;1;buy;12:20:18.684
40.6;362;sell;12:20:20.676
40.6;400;sell;12:20:20.904
40.585;240;sell;12:20:21.017
40.6;1;sell;12:20:21.871
40.605;2;buy;12:20:22.462
40.605;2;buy;12:20:22.747
40.605;65;buy;12:20:23.566
40.6;248;buy;12:20:24.757
40.6;1;buy;12:20:24.877
40.6;5;buy;12:20:26.522
40.6;2;buy;12:20:27.626
40.6;1;buy;12:20:27.808
40.6;26;buy;12:20:28.842
40.6;25000;buy;12:20:29.199
40.6;1;buy;12:20:29.201
40.6;210;sell;12:20:30.548
40.61;5;buy;12:20:31.218
40.61;300;buy;12:20:31.855
40.61;200;buy;12:20:31.856
40.61;192;buy;12:20:32.106
40.59;185;sell;12:20:32.267
40.61;192;buy;12:20:32.356
40.61;192;buy;12:20:32.608
40.605;15;sell;12:20:32.913
40.61;5;buy;12:20:34.225
40.605;67;sell;12:20:34.318
40.61;192;buy;12:20:35.070
40.605;24;sell;12:20:35.457
40.61;5;buy;12:20:36.737
40.61;65;buy;12:20:38.579
40.605;7;sell;12:20:39.181
40.61;27;buy;12:20:39.854
40.605;8;sell;12:20:39.989
40.61;5;buy;12:20:40.284
40.605;76;sell;12:20:41.669
40.605;2861;sell;12:20:42.297
40.59;11;sell;12:20:43.137
40.585;89;sell;12:20:43.150
40.58;101;sell;12:20:43.156
40.59;210;sell;12:20:43.495
40.585;200;sell;12:20:44.246
40.6;3;buy;12:20:44.414
40.59;11;sell;12:20:45.701
40.585;3000;sell;12:20:48.084
40.575;1;sell;12:20:48.230
40.6;27;buy;12:20:50.854
40.6;16;buy;12:20:51.059
40.58;646;sell;12:20:52.819
40.6;64;buy;12:20:53.577
40.6;113;buy;12:20:54.405
40.6;12;buy;12:20:54.551
40.58;4135;sell;12:20:55.160
40.575;64;buy;12:20:55.179
40.57;210;sell;12:20:56.440
40.57;944;sell;12:20:57.607
40.575;49;buy;12:20:58.100
40.57;5000;sell;12:21:00.348
40.565;7;buy;12:21:00.432
40.54;155;sell;12:21:00.481
40.56;100;buy;12:21:00.485
40.535;23;sell;12:21:00.492
40.55;299;sell;12:21:00.521
40.555;250;sell;12:21:00.628
40.55;6;sell;12:21:00.641
40.55;15;sell;12:21:00.648
40.54;53;sell;12:21:00.663
40.535;6;sell;12:21:00.665
40.535;15;sell;12:21:00.679
40.535;200;sell;12:21:00.700
40.535;23;sell;12:21:00.722
40.535;3;sell;12:21:00.744
40.535;60;sell;12:21:00.758
40.535;250;sell;12:21:00.777
40.535;250;sell;12:21:00.779
40.56;10;buy;12:21:00.793
40.535;1;sell;12:21:00.946
40.535;1;sell;12:21:00.954
40.535;560;sell;12:21:01.060
40.535;54;sell;12:21:01.126
40.53;5;sell;12:21:01.205
40.53;2;sell;12:21:01.228
40.53;596;sell;12:21:01.279
40.53;14;sell;12:21:01.307
40.51;25;sell;12:21:01.309
40.515;8;buy;12:21:01.403
40.51;30;sell;12:21:01.413
40.515;50;buy;12:21:01.429
40.52;8;buy;12:21:01.437
40.515;200;sell;12:21:01.443
40.515;2;sell;12:21:01.447
40.52;1;buy;12:21:01.462
40.52;15;buy;12:21:01.467
40.515;100;sell;12:21:01.486
40.52;1;buy;12:21:01.498
40.525;500;buy;12:21:01.543
40.535;1;buy;12:21:01.567
40.515;14;sell;12:21:01.623
40.515;60;sell;12:21:01.642
40.52;2;buy;12:21:01.665
40.51;50;sell;12:21:01.762
40.52;27;buy;12:21:01.863
40.52;35;buy;12:21:01.880
40.52;200;buy;12:21:01.948
40.52;292;buy;12:21:01.949
40.52;50;sell;12:21:02.061
40.53;100;buy;12:21:02.133
40.53;46;buy;12:21:02.199
40.535;146;buy;12:21:02.200
40.515;1000;sell;12:21:02.227
40.535;192;buy;12:21:02.451
40.535;192;buy;12:21:02.702
40.535;192;buy;12:21:02.952
40.55;7420;sell;12:21:03.815
40.505;500;sell;12:21:03.888
40.505;1;sell;12:21:03.908
40.54;23;buy;12:21:03.934
40.505;105;sell;12:21:03.940
40.505;1250;sell;12:21:03.941
40.5;600;sell;12:21:03.950
40.535;10;buy;12:21:03.961
40.505;100;sell;12:21:03.990
40.5;200;sell;12:21:03.992
40.535;1;buy;12:21:04.003
40.5;269;sell;12:21:04.012
40.505;90;sell;12:21:04.045
40.5;690;sell;12:21:04.064
40.5;86;sell;12:21:04.065
40.52;33;sell;12:21:04.070
40.535;5;buy;12:21:04.073
40.505;300;sell;12:21:04.078
40.5;48;sell;12:21:04.140
40.5;45;sell;12:21:04.148
40.5;162;sell;12:21:04.227
40.5;250;sell;12:21:04.228
40.5;250;sell;12:21:04.231
40.525;552;sell;12:21:04.622
40.5;200;sell;12:21:04.741
40.525;1;buy;12:21:04.746
40.5;15;sell;12:21:04.747
40.5;200;sell;12:21:04.759
40.5;425;sell;12:21:04.850
40.525;5;buy;12:21:05.416
40.525;1;buy;12:21:06.239
40.515;24;sell;12:21:06.784
40.525;1;buy;12:21:06.827
40.51;28;sell;12:21:07.629
40.52;100;buy;12:21:08.219
40.52;65;buy;12:21:08.589
40.51;210;sell;12:21:09.390
40.515;27;buy;12:21:12.861
40.515;1;buy;12:21:13.610
40.515;97;buy;12:21:14.836
40.515;73;buy;12:21:15.636
40.52;18;buy;12:21:15.836
40.53;8;buy;12:21:16.087
40.52;201;sell;12:21:18.690
40.52;58;sell;12:21:19.444
40.51;262;sell;12:21:19.655
40.53;248;buy;12:21:21.801
40.525;210;sell;12:21:22.333
40.535;64;buy;12:21:23.587
40.54;27;buy;12:21:23.866
40.525;45;sell;12:21:24.117
40.525;22;sell;12:21:24.675
40.54;8;buy;12:21:29.395
40.54;50;buy;12:21:31.418
40.53;3000;sell;12:21:31.454
40.53;1000;buy;12:21:32.496
40.53;300;buy;12:21:34.858
40.535;27;buy;12:21:34.873
40.505;209;sell;12:21:35.279
40.535;65;buy;12:21:38.608
40.525;10;sell;12:21:39.778
40.53;248;buy;12:21:42.372
40.535;27;buy;12:21:45.869
40.545;1;buy;12:21:47.509
40.53;262;sell;12:21:47.857
40.53;210;sell;12:21:48.225
40.53;16;sell;12:21:48.503
40.53;36;sell;12:21:48.557
40.535;300;buy;12:21:48.604
40.545;1;buy;12:21:48.859
40.545;10;buy;12:21:50.704
40.545;5;buy;12:21:51.730
40.53;100;sell;12:21:52.288
40.545;65;buy;12:21:53.604
40.545;10;buy;12:21:55.603
40.545;27;buy;12:21:56.873
40.545;10;buy;12:21:57.600
40.54;90;sell;12:21:58.508
40.535;200;sell;12:21:58.652
40.535;1000;sell;12:21:58.860
40.545;100;buy;12:21:59.385
40.545;33;buy;12:21:59.470
40.54;62;sell;12:22:01.175
40.54;148;sell;12:22:01.175
40.54;100;buy;12:22:02.013
40.54;50;buy;12:22:05.371
40.54;10;buy;12:22:05.677
40.535;93;sell;12:22:07.258
40.535;5;sell;12:22:07.258
40.54;27;buy;12:22:07.873
40.54;64;buy;12:22:08.611
40.535;70;sell;12:22:09.608
40.54;5;buy;12:22:09.833
40.535;5;buy;12:22:10.021
40.535;5;buy;12:22:10.205
40.53;101;sell;12:22:10.511
40.53;100;sell;12:22:10.514
40.53;31;sell;12:22:10.577
40.535;5;buy;12:22:10.618
40.53;201;sell;12:22:10.688
40.53;21;sell;12:22:10.692
40.53;8;sell;12:22:10.705
40.53;26;sell;12:22:10.781
40.53;64;sell;12:22:10.782
40.53;31;sell;12:22:10.797
40.53;197;sell;12:22:10.821
40.535;5;buy;12:22:10.882
40.53;31;sell;12:22:10.945
40.53;14;sell;12:22:10.981
40.53;2;sell;12:22:10.982
40.53;444;sell;12:22:11.023
40.53;201;sell;12:22:11.257
40.53;1586;sell;12:22:11.259
40.525;32;sell;12:22:11.281
40.525;768;sell;12:22:11.316
40.53;10;buy;12:22:11.389
40.53;5;buy;12:22:11.660
40.525;97;buy;12:22:11.710
40.525;5;buy;12:22:11.835
40.525;5;buy;12:22:11.979
40.525;5;buy;12:22:12.134
40.525;5;buy;12:22:12.296
40.52;229;sell;12:22:12.503
40.5;210;sell;12:22:14.122
40.515;1;buy;12:22:16.279
40.5;30;sell;12:22:16.411
40.5;22;sell;12:22:17.717
40.515;48;buy;12:22:17.907
40.515;4;buy;12:22:18.599
40.515;27;buy;12:22:18.874
40.515;50;buy;12:22:20.365
40.52;1;sell;12:22:23.468
40.54;65;buy;12:22:23.623
40.52;210;sell;12:22:27.064
40.52;20;sell;12:22:27.562
40.52;20;sell;12:22:28.130
40.545;27;buy;12:22:29.878
40.555;31;buy;12:22:30.330
40.535;50;sell;12:22:33.661
40.555;150;buy;12:22:34.087
40.55;1012;buy;12:22:36.645
40.545;10;buy;12:22:37.029
40.545;64;buy;12:22:38.631
40.535;210;sell;12:22:40.011
40.545;1;buy;12:22:40.115
40.535;100;sell;12:22:40.417
40.545;26;buy;12:22:40.879
40.54;1134;sell;12:22:46.446
40.53;1;buy;12:22:46.803
40.53;50;buy;12:22:48.885
40.53;6;buy;12:22:51.799
40.53;27;buy;12:22:51.875
40.53;2;buy;12:22:52.345
40.505;210;sell;12:22:52.960
40.53;65;buy;12:22:53.685
40.535;31;buy;12:22:55.991
40.535;2;buy;12:22:57.570
40.535;1;buy;12:22:58.415
40.515;11995;sell;12:23:02.350
40.495;200;buy;12:23:02.351
40.495;1;buy;12:23:02.396
40.49;108;sell;12:23:02.436
40.485;126;sell;12:23:02.437
40.49;100;buy;12:23:02.437
40.49;95;buy;12:23:02.456
40.485;1000;sell;12:23:02.472
40.49;1;buy;12:23:02.587
40.49;9;buy;12:23:02.614
40.485;204;sell;12:23:02.627
40.46;50;sell;12:23:02.631
40.48;12;sell;12:23:02.650
40.48;1;sell;12:23:02.656
40.49;1;buy;12:23:02.744
40.48;180;sell;12:23:02.769
40.49;1;buy;12:23:02.823
40.49;27;buy;12:23:02.885
40.49;1;buy;12:23:02.902
40.49;1;buy;12:23:03.157
40.49;35;buy;12:23:04.042
40.485;210;sell;12:23:05.903
40.485;1;buy;12:23:06.134
40.485;3;buy;12:23:06.494
40.47;17;sell;12:23:06.552
40.485;16;buy;12:23:06.734
40.485;5;buy;12:23:07.257
40.485;26;buy;12:23:07.481
40.485;1;buy;12:23:07.500
40.485;65;buy;12:23:08.633
40.485;2;buy;12:23:09.157
40.485;3;buy;12:23:10.006
40.485;27;buy;12:23:12.528
40.485;27;buy;12:23:13.890
40.485;200;buy;12:23:15.869
40.47;210;sell;12:23:18.849
40.47;1;sell;12:23:19.233
40.49;100;buy;12:23:20.013
40.505;160;buy;12:23:20.925
40.505;700;buy;12:23:22.574
40.495;110;sell;12:23:23.081
40.505;248;buy;12:23:23.148
40.505;64;buy;12:23:23.646
40.485;4769;sell;12:23:23.992
40.49;27;buy;12:23:24.882
40.48;239;buy;12:23:25.992
40.48;100;buy;12:23:28.587
40.48;370;buy;12:23:28.960
40.48;91;buy;12:23:29.254
40.475;247;sell;12:23:31.794
40.46;210;sell;12:23:31.796
40.45;38;sell;12:23:31.939
40.45;482;sell;12:23:31.946
40.45;200;sell;12:23:31.972
40.45;14;sell;12:23:32.554
40.455;155;buy;12:23:35.636
40.455;27;buy;12:23:35.887
40.45;300;sell;12:23:37.201
40.455;3;buy;12:23:37.609
40.455;65;buy;12:23:38.640
40.455;1;buy;12:23:38.832
40.455;5;buy;12:23:39.049
40.455;100;buy;12:23:39.211
40.455;444;buy;12:23:39.723
40.455;174;buy;12:23:39.782
40.455;34;buy;12:23:40.023
40.46;3220;sell;12:23:41.254
40.465;50;buy;12:23:41.422
40.445;78;sell;12:23:41.438
40.445;1500;sell;12:23:41.446
40.44;816;sell;12:23:41.746
40.465;248;buy;12:23:43.819
40.45;10;sell;12:23:44.046
40.45;220;sell;12:23:44.647
40.45;210;sell;12:23:44.742
40.45;645;sell;12:23:46.676
40.465;27;buy;12:23:46.889
40.465;400;buy;12:23:47.601
40.465;3;buy;12:23:47.675
40.465;3;buy;12:23:50.561
40.465;250;buy;12:23:50.697
40.47;1;buy;12:23:50.774
40.47;1;buy;12:23:51.191
40.485;121;buy;12:23:51.421
40.46;1150;sell;12:23:52.026
40.465;64;buy;12:23:53.656
40.445;85;sell;12:23:54.607
40.465;250;buy;12:23:54.632
40.445;87;sell;12:23:55.878
40.45;40;buy;12:23:56.144
40.45;4;buy;12:23:56.961
40.445;209;sell;12:23:57.689
40.445;100;buy;12:23:57.790
40.445;27;buy;12:23:57.885
40.45;10;buy;12:23:58.897
40.45;250;buy;12:24:00.736
40.445;1049;sell;12:24:02.266
40.45;250;buy;12:24:03.980
40.445;4208;sell;12:24:04.266
40.435;575;buy;12:24:04.285
40.445;925;buy;12:24:04.286
40.445;147;buy;12:24:04.296
40.44;438;sell;12:24:04.312
40.42;490;sell;12:24:04.314
40.405;36;sell;12:24:04.352
40.43;75;sell;12:24:04.376
40.405;688;sell;12:24:04.392
40.415;60;sell;12:24:04.409
40.42;1;sell;12:24:04.411
40.42;100;buy;12:24:04.411
40.42;100;buy;12:24:04.420
40.415;2300;sell;12:24:04.427
40.4;9;sell;12:24:04.428
40.41;100;buy;12:24:04.437
40.41;160;buy;12:24:04.461
40.42;5;buy;12:24:04.513
40.415;2200;sell;12:24:04.516
40.42;1;buy;12:24:04.519
40.42;10;buy;12:24:04.650
40.42;1;buy;12:24:04.766
40.42;30;buy;12:24:04.897
40.405;45;sell;12:24:04.899
40.42;1;buy;12:24:04.911
40.42;50;buy;12:24:04.929
40.42;1;buy;12:24:04.954
40.42;5;buy;12:24:05.039
40.405;3;sell;12:24:05.096
40.41;15;sell;12:24:05.263
40.42;1;buy;12:24:05.580
40.42;1;buy;12:24:05.915
40.42;476;buy;12:24:06.925
40.43;818;buy;12:24:07.049
40.45;50;sell;12:24:07.995
40.45;600;sell;12:24:08.517
40.455;65;buy;12:24:08.668
40.455;27;buy;12:24:08.916
40.45;2;sell;12:24:10.371
40.45;210;sell;12:24:10.634
40.45;840;sell;12:24:13.782
40.43;100;sell;12:24:15.181
40.435;65;buy;12:24:17.882
40.425;24;sell;12:24:18.444
40.405;34;sell;12:24:18.509
40.405;36;buy;12:24:18.553
40.4;13;sell;12:24:18.555
40.4;76;sell;12:24:18.798
40.395;1;sell;12:24:19.715
40.405;27;buy;12:24:19.891
40.405;1;buy;12:24:20.701
40.395;205;sell;12:24:21.179
40.405;5;buy;12:24:21.871
40.39;10;sell;12:24:22.953
40.39;90;sell;12:24:23.500
40.39;210;sell;12:24:23.583
40.4;65;buy;12:24:23.661
40.405;1;buy;12:24:23.713
40.405;1;buy;12:24:23.755
40.38;75;sell;12:24:23.822
40.405;38;buy;12:24:24.057
40.405;394;buy;12:24:27.909
40.425;444;sell;12:24:28.379
40.425;50;sell;12:24:28.717
40.44;27;buy;12:24:30.900
40.425;6;sell;12:24:35.227
40.425;1;sell;12:24:35.832
40.425;210;sell;12:24:36.527
40.44;64;buy;12:24:38.673
40.44;8;buy;12:24:39.347
40.44;1;buy;12:24:39.943
40.44;552;buy;12:24:40.470
40.44;98;buy;12:24:40.649
40.44;1;buy;12:24:41.656
40.44;27;buy;12:24:41.895
40.44;5;buy;12:24:43.540
40.43;3545;sell;12:24:46.919
40.43;1;buy;12:24:47.141
40.405;210;sell;12:24:49.473
40.41;3;buy;12:24:52.208
40.4;1;sell;12:24:52.571
40.4;126;sell;12:24:52.582
40.4;34;sell;12:24:52.623
40.4;95;sell;12:24:52.636
40.4;173;sell;12:24:52.682
40.4;446;sell;12:24:52.723
40.4;228;sell;12:24:52.783
40.405;26;buy;12:24:52.905
40.4;228;sell;12:24:52.937
40.4;229;sell;12:24:53.222
40.4;98;sell;12:24:53.223
40.4;65;buy;12:24:53.680
40.4;248;buy;12:24:54.903
40.4;1;buy;12:24:56.865
40.4;6;buy;12:24:57.993
40.4;4;buy;12:24:58.671
40.4;79;buy;12:24:59.516
40.4;5;buy;12:24:59.936
40.4;2;buy;12:25:01.372
40.395;71;sell;12:25:02.419
40.375;199;buy;12:25:02.420
40.375;8;sell;12:25:02.422
40.375;107;sell;12:25:02.461
40.385;100;buy;12:25:02.462
40.375;44;sell;12:25:02.611
40.375;20;buy;12:25:02.614
40.37;2;sell;12:25:02.668
40.375;27;buy;12:25:03.905
40.37;100;sell;12:25:03.944
40.365;100;buy;12:25:04.319
40.37;89;buy;12:25:04.320
40.375;100;buy;12:25:04.349
40.375;67;buy;12:25:04.406
40.375;11;buy;12:25:05.000
40.375;500;buy;12:25:05.694
40.37;100;sell;12:25:06.226
40.36;11;sell;12:25:06.241
40.365;1;buy;12:25:06.823
40.365;247;buy;12:25:07.235
40.365;1;buy;12:25:08.616
40.365;65;buy;12:25:08.679
40.36;11;sell;12:25:08.799
40.365;1;buy;12:25:08.801
40.365;4;buy;12:25:08.827
40.365;102;buy;12:25:08.989
40.365;10;buy;12:25:09.119
40.36;100;sell;12:25:09.214
40.365;200;buy;12:25:09.507
40.365;3;buy;12:25:11.319
40.365;23;buy;12:25:11.470
40.365;1;buy;12:25:12.580
40.365;220;buy;12:25:13.435
40.36;1500;sell;12:25:13.851
40.325;6;sell;12:25:13.918
40.345;12;buy;12:25:13.957
40.325;3;sell;12:25:14.003
40.345;1;buy;12:25:14.023
40.345;150;buy;12:25:14.029
40.34;1;sell;12:25:14.038
40.325;8;sell;12:25:14.057
40.33;11;sell;12:25:14.714
40.335;46;buy;12:25:14.721
40.34;1;buy;12:25:14.769
40.34;27;buy;12:25:14.914
40.34;54;buy;12:25:15.000
40.325;87;sell;12:25:15.300
40.34;121;buy;12:25:15.522
40.335;313;buy;12:25:16.123
40.34;154;buy;12:25:16.182
40.345;60;buy;12:25:16.223
40.35;60;buy;12:25:16.323
40.355;10;buy;12:25:16.511
40.355;200;buy;12:25:17.506
40.355;8;buy;12:25:19.323
40.36;8;buy;12:25:20.082
40.365;5;buy;12:25:21.523
40.365;12;buy;12:25:21.582
40.365;1;buy;12:25:21.987
40.355;120;sell;12:25:22.128
40.365;64;buy;12:25:23.688
40.355;122;sell;12:25:23.782
40.365;1;buy;12:25:25.037
40.355;2361;sell;12:25:25.344
40.36;27;buy;12:25:25.917
40.345;20;sell;12:25:26.352
40.365;5;buy;12:25:27.748
40.35;33;sell;12:25:28.214
40.345;13000;sell;12:25:28.815
40.335;1645;buy;12:25:28.851
40.31;250;sell;12:25:28.895
40.31;2499;sell;12:25:28.935
40.3;170;sell;12:25:28.992
40.325;5;sell;12:25:29.228
40.325;2166;sell;12:25:29.298
40.32;85;buy;12:25:29.346
40.32;5;buy;12:25:29.622
40.3;140;sell;12:25:29.934
40.315;5;buy;12:25:29.951
40.315;10;buy;12:25:30.440
40.315;50;buy;12:25:30.684
40.315;1;buy;12:25:32.639
40.315;10;buy;12:25:32.765
40.315;68;buy;12:25:33.023
40.32;15;buy;12:25:34.562
40.32;334;buy;12:25:35.023
40.325;54;buy;12:25:35.041
40.33;1;buy;12:25:35.343
40.33;2088;buy;12:25:36.563
40.33;182;buy;12:25:36.572
40.315;153;sell;12:25:36.899
40.33;27;buy;12:25:36.917
40.33;1;buy;12:25:37.036
40.33;1;buy;12:25:37.478
40.33;1;buy;12:25:37.807
40.33;1;buy;12:25:38.148
40.33;1;buy;12:25:38.500
40.33;65;buy;12:25:38.689
40.33;1;buy;12:25:38.861
40.33;1;buy;12:25:39.189
40.33;1;buy;12:25:39.518
40.33;1;buy;12:25:39.877
40.33;1;buy;12:25:40.242
40.325;5500;sell;12:25:40.790
40.325;8;sell;12:25:40.802
40.285;239;sell;12:25:40.923
40.29;7;sell;12:25:40.972
40.32;1;buy;12:25:41.168
40.305;165;sell;12:25:41.258
40.305;1;buy;12:25:41.486
40.305;693;buy;12:25:41.497
40.3;31;sell;12:25:41.929
40.315;10;buy;12:25:41.932
40.3;279;sell;12:25:42.068
40.315;1;buy;12:25:42.100
40.315;1;buy;12:25:42.493
40.315;1;buy;12:25:42.585
40.315;1;buy;12:25:42.841
40.315;1;buy;12:25:42.847
40.315;1;buy;12:25:43.198
40.315;1;buy;12:25:43.587
40.3;1;sell;12:25:43.741
40.305;1;buy;12:25:43.923
40.305;13;buy;12:25:43.938
40.305;1;buy;12:25:43.977
40.305;1;buy;12:25:44.016
40.305;1;buy;12:25:44.240
40.305;1;buy;12:25:44.340
40.305;5;buy;12:25:44.425
40.305;4;buy;12:25:45.197
40.305;400;buy;12:25:46.279
40.31;27;buy;12:25:47.920
40.3;1000;sell;12:25:48.868
40.29;7;sell;12:25:50.165
40.29;152;sell;12:25:50.322
40.29;7;sell;12:25:50.352
40.29;7;sell;12:25:50.493
40.3;64;buy;12:25:53.692
40.3;45;buy;12:25:54.023
40.3;200;buy;12:25:55.506
40.3;100;buy;12:25:55.508
40.295;52;sell;12:25:55.749
40.3;10;buy;12:25:56.476
40.29;273;sell;12:25:58.098
40.295;27;buy;12:25:58.920
40.295;896;buy;12:25:59.325
40.295;5;buy;12:25:59.374
40.295;461;buy;12:26:01.813
40.3;5;buy;12:26:02.960
40.3;695;buy;12:26:03.036
40.3;298;buy;12:26:03.382
40.3;124;buy;12:26:03.482
40.3;124;buy;12:26:04.382
40.295;4381;sell;12:26:04.904
40.27;6;buy;12:26:05.399
40.27;1;buy;12:26:05.681
40.27;1;buy;12:26:05.847
40.27;200;buy;12:26:06.048
40.27;52;buy;12:26:06.156
40.27;1;buy;12:26:06.192
40.27;50;buy;12:26:07.039
40.27;500;buy;12:26:07.455
40.27;19;buy;12:26:08.493
40.27;5;buy;12:26:08.672
40.27;65;buy;12:26:08.728
40.27;247;buy;12:26:09.038
40.27;27;buy;12:26:09.931
40.27;50;buy;12:26:10.713
40.27;1;buy;12:26:10.884
40.3;200;buy;12:26:14.074
40.3;80;buy;12:26:14.077
40.3;107;buy;12:26:15.224
40.3;2;buy;12:26:16.425
40.295;120;sell;12:26:18.160
40.295;5;sell;12:26:19.104
40.3;27;buy;12:26:20.914
40.3;65;buy;12:26:23.711
40.295;51;sell;12:26:25.503
40.295;1160;sell;12:26:27.026
40.3;50;buy;12:26:27.665
40.295;559;sell;12:26:27.966
40.295;248;buy;12:26:28.012
40.29;60;sell;12:26:29.311
40.295;50;buy;12:26:29.872
40.295;1;buy;12:26:31.770
40.295;1;buy;12:26:31.777
40.295;1;buy;12:26:31.784
40.295;1;buy;12:26:31.792
40.295;1;buy;12:26:31.799
40.295;1;buy;12:26:31.806
40.295;27;buy;12:26:31.923
40.295;5000;buy;12:26:34.799
40.3;248;buy;12:26:35.137
40.3;248;buy;12:26:35.537
40.3;124;buy;12:26:35.782
40.3;559;buy;12:26:35.997
40.3;1;buy;12:26:36.081
40.3;248;buy;12:26:36.137
40.3;40;buy;12:26:36.158
40.3;248;buy;12:26:36.237
40.3;13;buy;12:26:36.298
40.3;248;buy;12:26:36.337
40.3;248;buy;12:26:36.437
40.3;496;buy;12:26:36.471
40.315;2266;sell;12:26:36.507
40.295;1000;buy;12:26:36.561
40.33;100;buy;12:26:36.576
40.34;64;buy;12:26:38.722
40.34;1;buy;12:26:38.886
40.33;40;buy;12:26:39.156
40.315;4;sell;12:26:41.361
40.335;247;buy;12:26:41.680
40.335;1;buy;12:26:42.011
40.335;27;buy;12:26:42.935
40.335;220;buy;12:26:43.359
40.335;247;buy;12:26:43.940
40.335;1;buy;12:26:45.264
40.325;2004;sell;12:26:48.868
40.3;2;buy;12:26:50.484
40.285;189;sell;12:26:51.368
40.3;24;buy;12:26:51.720
40.3;14;buy;12:26:53.108
40.3;10;buy;12:26:53.108
40.3;1;buy;12:26:53.495
40.3;65;buy;12:26:53.724
40.3;27;buy;12:26:53.929
40.3;1;buy;12:26:55.671
40.3;1;buy;12:26:55.678
40.3;2;buy;12:26:55.872
40.3;4000;buy;12:27:01.171
40.3;6470;buy;12:27:01.271
40.33;2481;buy;12:27:01.274
40.345;550;buy;12:27:02.050
40.335;33;sell;12:27:02.166
40.345;490;buy;12:27:02.371
40.345;2479;buy;12:27:02.840
40.36;2;buy;12:27:03.364
40.36;27;buy;12:27:04.927
40.36;150;buy;12:27:06.761
40.36;1;buy;12:27:08.590
40.36;64;buy;12:27:08.720
40.36;200;buy;12:27:09.200
40.36;1;buy;12:27:12.419
40.36;247;buy;12:27:13.017
40.36;200;buy;12:27:13.878
40.36;1572;buy;12:27:14.728
40.38;50;sell;12:27:14.864
40.385;242;buy;12:27:15.048
40.405;26;buy;12:27:15.936
40.405;1;buy;12:27:16.121
40.405;11215;buy;12:27:16.784
40.405;134;sell;12:27:16.786
40.4;113;buy;12:27:16.786
40.41;1;buy;12:27:16.982
40.415;100;sell;12:27:17.278
40.425;40;buy;12:27:17.715
40.425;85;buy;12:27:18.180
40.425;40;buy;12:27:18.279
40.42;1;sell;12:27:20.377
40.42;10;sell;12:27:20.865
40.425;1;buy;12:27:20.949
40.425;430;buy;12:27:21.358
40.415;200;sell;12:27:22.092
40.42;65;buy;12:27:23.730
40.42;1;buy;12:27:24.261
40.42;100;buy;12:27:24.657
40.41;2309;sell;12:27:24.829
40.415;1;buy;12:27:25.081
40.415;1;buy;12:27:25.115
40.415;27;buy;12:27:26.931
40.415;10;buy;12:27:26.996
40.415;500;buy;12:27:27.547
40.415;20;buy;12:27:27.674
40.41;100;buy;12:27:27.967
40.41;250;buy;12:27:28.494
40.41;3;buy;12:27:29.157
40.41;7;buy;12:27:29.216
40.41;18;buy;12:27:31.135
40.41;500;buy;12:27:31.269
40.405;105;sell;12:27:32.870
40.4;10;buy;12:27:33.313
40.4;90;buy;12:27:34.194
40.38;210;sell;12:27:37.778
40.395;27;buy;12:27:37.932
40.395;65;buy;12:27:38.734
40.4;1;buy;12:27:39.926
40.4;7;buy;12:27:41.809
40.4;40;buy;12:27:41.972
40.4;480;buy;12:27:43.223
40.4;71;buy;12:27:44.866
40.4;2;buy;12:27:45.224
40.4;194;buy;12:27:45.727
40.395;4;sell;12:27:47.479
40.4;1;buy;12:27:48.723
40.4;27;buy;12:27:48.944
40.395;210;sell;12:27:50.721
40.4;3;buy;12:27:51.737
40.4;250;buy;12:27:51.751
40.4;300;buy;12:27:52.245
40.4;64;buy;12:27:53.751
40.4;10;buy;12:27:54.726
40.4;3;buy;12:27:58.445
40.4;27;buy;12:27:59.951
40.395;1;sell;12:28:03.208
40.395;210;sell;12:28:03.667
40.375;5;sell;12:28:03.996
40.4;1;buy;12:28:04.043
40.385;3;buy;12:28:08.378
40.4;65;buy;12:28:08.764
40.395;27;buy;12:28:10.948
40.395;125;buy;12:28:16.025
40.385;210;sell;12:28:16.613
40.4;1;buy;12:28:20.214
40.4;27;buy;12:28:21.948
40.39;10;buy;12:28:23.631
40.395;64;buy;12:28:23.762
40.4;2;buy;12:28:25.880
40.4;52;buy;12:28:26.272
40.4;1;buy;12:28:26.811
40.4;52;buy;12:28:29.123
40.4;1;buy;12:28:29.268
40.385;210;sell;12:28:29.569
40.4;1;buy;12:28:29.708
40.4;2;buy;12:28:29.917
40.4;53;buy;12:28:32.115
40.4;27;buy;12:28:32.951
40.4;3;buy;12:28:33.934
40.4;1000;buy;12:28:34.674
40.4;52;buy;12:28:35.160
40.4;3;buy;12:28:36.147
40.4;17;buy;12:28:37.080
40.4;52;buy;12:28:38.273
40.4;2;buy;12:28:38.570
40.4;65;buy;12:28:38.765
40.4;1;buy;12:28:39.349
40.4;3;buy;12:28:40.143
40.4;50;buy;12:28:40.217
40.4;53;buy;12:28:41.253
40.4;3;buy;12:28:41.737
40.4;50;buy;12:28:42.376
40.395;210;sell;12:28:42.506
40.4;100;buy;12:28:43.164
40.4;3;buy;12:28:43.226
40.4;50;buy;12:28:43.881
40.4;27;buy;12:28:43.947
40.4;52;buy;12:28:44.303
40.4;3;buy;12:28:44.944
40.4;3;buy;12:28:46.823
40.4;52;buy;12:28:47.418
40.39;3;sell;12:28:47.908
40.4;3;buy;12:28:48.581
40.4;1;buy;12:28:49.609
40.4;3;buy;12:28:50.254
40.4;53;buy;12:28:50.416
40.4;3;buy;12:28:52.114
40.4;52;buy;12:28:53.519
40.4;65;buy;12:28:53.767
40.4;27;buy;12:28:54.949
40.395;209;sell;12:28:55.453
40.4;52;buy;12:28:56.575
40.4;3;buy;12:28:57.773
40.4;3;buy;12:28:58.339
40.4;53;buy;12:28:59.568
40.4;9865;buy;12:29:00.123
40.4;52;buy;12:29:02.679
40.4;53;buy;12:29:05.851
40.4;27;buy;12:29:05.952
40.4;50;buy;12:29:06.159
40.4;1;buy;12:29:06.855
40.395;210;sell;12:29:08.402
40.4;52;buy;12:29:08.715
40.4;64;buy;12:29:08.781
40.4;226;buy;12:29:09.552
40.4;20;buy;12:29:09.806
40.395;1;sell;12:29:10.803
40.4;1;buy;12:29:11.680
40.4;52;buy;12:29:11.811
40.4;4;buy;12:29:12.429
40.395;2000;sell;12:29:13.758
40.395;600;buy;12:29:13.987
40.395;53;buy;12:29:14.802
40.385;10;buy;12:29:15.632
40.39;27;buy;12:29:16.960
40.39;52;buy;12:29:17.869
40.385;1;buy;12:29:19.421
40.385;52;buy;12:29:20.968
40.375;210;sell;12:29:21.348
40.385;65;buy;12:29:23.783
40.385;53;buy;12:29:23.960
40.385;125;buy;12:29:24.349
40.375;201;sell;12:29:26.668
40.37;87;sell;12:29:27.037
40.38;26;buy;12:29:27.958
40.365;1000;sell;12:29:30.802
40.375;20;buy;12:29:31.156
40.365;1000;sell;12:29:31.289
40.37;10;buy;12:29:31.430
40.365;164;sell;12:29:31.663
40.365;136;sell;12:29:31.682
40.355;1000;sell;12:29:31.852
40.35;14145;sell;12:29:34.090
40.345;750;sell;12:29:34.090
40.345;170;sell;12:29:34.092
40.33;5;sell;12:29:34.093
40.32;1000;sell;12:29:34.204
40.32;160;sell;12:29:34.224
40.315;2088;sell;12:29:34.230
40.325;1;buy;12:29:34.447
40.315;200;sell;12:29:35.653
40.315;248;sell;12:29:35.682
40.315;2480;sell;12:29:36.121
40.315;38;sell;12:29:36.282
40.315;446;sell;12:29:36.323
40.315;1;sell;12:29:36.423
40.315;298;sell;12:29:36.482
40.315;626;sell;12:29:36.623
40.315;124;sell;12:29:36.682
40.315;80;sell;12:29:36.714
40.315;38;sell;12:29:36.720
40.315;960;sell;12:29:36.740
40.3;3;buy;12:29:36.829
40.29;1;buy;12:29:38.299
40.29;64;buy;12:29:38.788
40.29;10;buy;12:29:38.849
40.29;27;buy;12:29:38.964
40.295;30;buy;12:29:39.642
40.3;65;buy;12:29:41.284
40.305;100;buy;12:29:45.906
40.3;30;buy;12:29:46.843
40.29;2806;sell;12:29:47.459
40.28;25;buy;12:29:48.915
40.28;27;buy;12:29:49.970
40.28;10;buy;12:29:50.096
40.28;17;buy;12:29:51.003
40.28;18;buy;12:29:51.254
40.28;25;buy;12:29:51.588
40.275;20;sell;12:29:52.256
40.28;100;buy;12:29:53.461
40.28;65;buy;12:29:53.795
40.28;3;buy;12:29:54.555
40.28;123;buy;12:29:58.382
40.275;5;sell;12:29:58.528
40.275;21;sell;12:29:58.574
40.28;1;buy;12:29:59.286
40.275;23;sell;12:29:59.644
40.275;17;sell;12:30:00.437
40.275;2728;sell;12:30:00.544
40.275;1;sell;12:30:00.551
40.275;6;sell;12:30:00.566
40.275;23;sell;12:30:00.570
40.275;16;sell;12:30:00.571
40.275;25;sell;12:30:00.576
40.275;109;sell;12:30:00.581
40.275;9;sell;12:30:00.586
40.275;4;sell;12:30:00.594
40.275;4;sell;12:30:00.600
40.275;20;sell;12:30:00.602
40.275;41;sell;12:30:00.605
40.275;36;sell;12:30:00.606
40.275;32;sell;12:30:00.615
40.275;115;sell;12:30:00.616
40.275;56;sell;12:30:00.617
40.275;1;sell;12:30:00.619
40.275;10;sell;12:30:00.625
40.275;6;sell;12:30:00.631
40.275;48;sell;12:30:00.635
40.27;5;sell;12:30:00.638
40.27;1;sell;12:30:00.642
40.27;8;sell;12:30:00.644
40.27;2;sell;12:30:00.651
40.27;12;sell;12:30:00.654
40.27;1;sell;12:30:00.655
40.27;13;sell;12:30:00.658
40.27;15;sell;12:30:00.661
40.27;10;sell;12:30:00.665
40.27;7;sell;12:30:00.669
40.27;18;sell;12:30:00.671
40.27;3;sell;12:30:00.677
40.27;4;sell;12:30:00.681
40.27;1;sell;12:30:00.682
40.27;1;sell;12:30:00.683
40.27;2;sell;12:30:00.693
40.27;11;sell;12:30:00.698
40.27;20;sell;12:30:00.700
40.27;43;sell;12:30:00.705
40.27;13;sell;12:30:00.724
40.27;4;sell;12:30:00.726
40.27;12;sell;12:30:00.727
40.27;5;sell;12:30:00.730
40.28;50;buy;12:30:00.736
40.27;19;sell;12:30:00.742
40.27;49;sell;12:30:00.749
40.27;8;sell;12:30:00.762
40.27;6;sell;12:30:00.769
40.27;1;sell;12:30:00.783
40.27;21;sell;12:30:00.790
40.27;1;sell;12:30:00.812
40.27;8;sell;12:30:00.895
40.27;1;sell;12:30:00.904
40.28;27;buy;12:30:00.959
40.27;1;sell;12:30:00.997
40.275;12;sell;12:30:01.238
40.275;2;sell;12:30:01.441
40.275;16;sell;12:30:01.529
40.275;14;sell;12:30:01.596
40.275;23;sell;12:30:01.602
40.275;8;sell;12:30:01.616
40.275;10;sell;12:30:01.618
40.275;19;sell;12:30:01.624
40.275;10;sell;12:30:01.630
40.275;3;sell;12:30:01.640
40.275;3;sell;12:30:01.646
40.275;14;sell;12:30:01.648
40.275;6;sell;12:30:01.650
40.275;12;sell;12:30:01.670
40.275;2;sell;12:30:01.691
40.275;18;sell;12:30:01.740
40.275;1;sell;12:30:01.743
40.275;1;sell;12:30:01.749
40.275;11;sell;12:30:01.752
40.275;4;sell;12:30:01.769
40.275;2;sell;12:30:01.795
40.275;6;sell;12:30:01.892
40.275;1;sell;12:30:01.924
40.275;3;sell;12:30:02.072
40.275;10;sell;12:30:02.076
40.275;4;sell;12:30:02.078
40.275;11;sell;12:30:02.227
40.275;40;sell;12:30:02.343
40.275;16;sell;12:30:02.504
40.275;14;sell;12:30:02.615
40.275;23;sell;12:30:02.616
40.275;3;sell;12:30:02.631
40.275;2;sell;12:30:02.651
40.275;29;sell;12:30:02.655
40.275;2;sell;12:30:02.662
40.275;14;sell;12:30:02.665
40.275;6;sell;12:30:02.668
40.275;3;sell;12:30:02.669
40.275;18;sell;12:30:02.671
40.275;12;sell;12:30:02.703
40.275;2;sell;12:30:02.782
40.275;4;sell;12:30:02.809
40.275;6;sell;12:30:02.932
40.275;1;sell;12:30:02.958
40.275;3;sell;12:30:03.020
40.275;11;sell;12:30:03.284
40.275;7;sell;12:30:03.642
40.275;12;sell;12:30:03.644
40.275;3;sell;12:30:03.649
40.275;3;sell;12:30:03.656
40.275;2;sell;12:30:03.667
40.275;10;sell;12:30:03.668
40.275;14;sell;12:30:03.681
40.275;18;sell;12:30:03.682
40.275;14;sell;12:30:03.693
40.27;1;sell;12:30:03.717
40.27;12;sell;12:30:03.722
40.27;4;sell;12:30:03.775
40.27;2;sell;12:30:03.781
40.27;1;sell;12:30:04.407
40.27;1;sell;12:30:04.644
40.27;10;sell;12:30:04.656
40.27;7;sell;12:30:04.667
40.27;3;sell;12:30:04.699
40.27;14;sell;12:30:04.701
40.27;12;sell;12:30:04.703
40.27;14;sell;12:30:04.725
40.27;18;sell;12:30:04.732
40.28;3;buy;12:30:04.788
40.27;2;sell;12:30:04.799
40.27;4;sell;12:30:04.829
40.27;2;sell;12:30:04.837
40.27;3;sell;12:30:04.839
40.28;92;buy;12:30:04.898
40.27;13;sell;12:30:04.932
40.27;8;sell;12:30:05.172
40.27;3;sell;12:30:05.693
40.27;1;sell;12:30:05.854
40.27;3;sell;12:30:06.695
40.28;2;buy;12:30:07.517
40.27;3;sell;12:30:07.697
40.28;1;buy;12:30:07.765
40.28;1;buy;12:30:08.438
40.27;3;sell;12:30:08.711
40.28;65;buy;12:30:08.802
40.27;3;sell;12:30:09.749
40.28;27;buy;12:30:11.978
40.275;4126;buy;12:30:13.065
40.3;43;sell;12:30:13.067
40.305;75;buy;12:30:13.410
40.305;451;buy;12:30:18.244
40.32;549;buy;12:30:18.244
40.34;10;buy;12:30:22.274
40.33;1061;sell;12:30:22.343
40.355;5;buy;12:30:22.879
40.355;27;buy;12:30:22.967
40.345;64;buy;12:30:23.794
40.345;5;buy;12:30:24.430
40.32;39;sell;12:30:24.862
40.345;5;buy;12:30:25.176
40.345;5;buy;12:30:25.481
40.345;1;buy;12:30:25.695
40.345;5;buy;12:30:26.602
40.345;5;buy;12:30:28.075
40.35;1;buy;12:30:30.221
40.35;5;buy;12:30:30.419
40.35;5;buy;12:30:30.917
40.35;500;buy;12:30:31.270
40.35;28;buy;12:30:31.773
40.35;5;buy;12:30:31.939
40.35;5;buy;12:30:32.893
40.345;250;buy;12:30:33.893
40.34;27;buy;12:30:33.976
40.34;5;buy;12:30:34.092
40.34;2074;buy;12:30:34.315
40.37;100;buy;12:30:37.386
40.37;65;buy;12:30:38.803
40.365;460;buy;12:30:41.078
40.375;3;sell;12:30:43.231
40.385;547;buy;12:30:44.120
40.375;5000;sell;12:30:44.651
40.355;27;buy;12:30:44.972
40.355;1;buy;12:30:46.244
40.355;2;buy;12:30:46.644
40.355;4;buy;12:30:50.020
40.33;141;sell;12:30:51.258
40.315;2074;sell;12:30:51.366
40.305;201;buy;12:30:51.802
40.305;3;buy;12:30:51.883
40.305;2;buy;12:30:51.952
40.305;65;buy;12:30:53.811
40.305;2;buy;12:30:55.105
40.305;27;buy;12:30:55.981
40.305;30;buy;12:30:56.260
40.305;1;buy;12:30:57.474
40.305;977;buy;12:30:57.667
40.31;17;sell;12:30:59.201
40.32;191;buy;12:30:59.448
40.32;198;buy;12:30:59.518
40.32;2;buy;12:31:00.806
40.32;10;buy;12:31:02.081
40.32;3;buy;12:31:02.779
40.31;255;sell;12:31:02.971
40.285;2;sell;12:31:03.042
40.305;1;buy;12:31:04.261
40.305;200;buy;12:31:04.469
40.305;3;buy;12:31:04.637
40.305;2;buy;12:31:05.340
40.295;27;buy;12:31:06.984
40.295;30;buy;12:31:07.030
40.295;1;buy;12:31:08.009
40.295;64;buy;12:31:08.841
40.295;250;buy;12:31:09.062
40.285;43;sell;12:31:09.533
40.275;1;buy;12:31:10.191
40.275;5;buy;12:31:13.505
40.275;8;buy;12:31:15.035
40.275;43;buy;12:31:15.181
40.285;262;buy;12:31:16.001
40.3;1;buy;12:31:17.503
40.3;27;buy;12:31:17.981
40.3;65;buy;12:31:23.819
40.3;250;buy;12:31:26.953
40.3;2034;buy;12:31:28.296
40.3;27;buy;12:31:28.992
40.3;8;buy;12:31:29.240
40.3;6;buy;12:31:33.207
40.3;2;buy;12:31:33.467
40.285;10;sell;12:31:36.482
40.3;2;buy;12:31:36.888
40.295;64;buy;12:31:38.833
40.295;500;buy;12:31:39.065
40.295;26;buy;12:31:39.993
40.295;118;buy;12:31:41.848
40.295;1;buy;12:31:42.842
40.295;1;buy;12:31:50.782
40.295;27;buy;12:31:50.983
40.295;1;buy;12:31:52.278
40.295;65;buy;12:31:53.839
40.295;120;buy;12:31:55.095
40.3;200;buy;12:31:56.511
40.3;1;buy;12:32:00.996
40.3;27;buy;12:32:01.993
40.3;3;buy;12:32:03.220
40.3;3;buy;12:32:03.855
40.3;100;buy;12:32:05.871
40.3;6;buy;12:32:06.898
40.3;10;buy;12:32:08.809
40.3;65;buy;12:32:08.857
40.295;470;sell;12:32:09.498
40.275;1;buy;12:32:09.565
40.275;2;buy;12:32:12.056
40.275;27;buy;12:32:13.010
40.275;100;buy;12:32:14.782
40.275;20;buy;12:32:15.096
40.27;300;sell;12:32:15.803
40.27;40;sell;12:32:16.655
40.275;1;buy;12:32:16.876
40.27;100;sell;12:32:17.472
40.27;5000;sell;12:32:18.247
40.265;22;buy;12:32:18.301
40.26;8;buy;12:32:18.365
40.255;71;sell;12:32:18.377
40.25;322;sell;12:32:18.393
40.25;2034;sell;12:32:18.397
40.26;1;buy;12:32:18.405
40.25;2;sell;12:32:18.431
40.26;16;buy;12:32:18.497
40.26;5;buy;12:32:18.692
40.26;1;buy;12:32:18.843
40.25;40;sell;12:32:18.890
40.25;40;sell;12:32:19.801
40.26;30;buy;12:32:19.856
40.25;40;sell;12:32:19.979
40.25;40;sell;12:32:20.123
40.25;40;sell;12:32:20.274
40.25;40;sell;12:32:20.411
40.25;40;sell;12:32:20.549
40.25;40;sell;12:32:20.763
40.25;40;sell;12:32:20.968
40.25;1754;sell;12:32:22.564
40.255;1;buy;12:32:22.823
40.255;64;buy;12:32:23.855
40.255;27;buy;12:32:23.994
40.25;70;sell;12:32:24.626
40.255;1;buy;12:32:25.305
40.255;248;buy;12:32:27.370
40.25;1;sell;12:32:28.731
40.26;25;buy;12:32:30.136
40.27;1;buy;12:32:31.599
40.26;20;sell;12:32:34.624
40.265;27;buy;12:32:35.005
40.26;3000;sell;12:32:35.893
40.245;31;buy;12:32:36.013
40.23;30;sell;12:32:36.029
40.245;1;buy;12:32:36.033
40.245;61;buy;12:32:36.141
40.235;2;sell;12:32:36.177
40.23;2;sell;12:32:36.189
40.235;1;sell;12:32:38.445
40.25;65;buy;12:32:38.845
40.235;29;sell;12:32:42.185
40.25;100;buy;12:32:43.588
40.255;27;buy;12:32:46.003
40.25;1;buy;12:32:48.036
40.25;3;buy;12:32:48.566
40.25;100;buy;12:32:51.087
40.255;650;buy;12:32:51.456
40.26;1;buy;12:32:51.922
40.26;100;buy;12:32:52.248
40.265;1;buy;12:32:52.781
40.26;64;buy;12:32:53.859
40.26;1;buy;12:32:54.465
40.25;5;sell;12:32:55.221
40.25;58;sell;12:32:55.590
40.255;27;buy;12:32:57.009
40.255;2;buy;12:33:02.343
40.24;3;sell;12:33:05.320
40.255;5;buy;12:33:05.491
40.255;5;buy;12:33:05.545
40.26;2;buy;12:33:06.444
40.265;27;buy;12:33:08.008
40.27;65;buy;12:33:08.863
40.27;1;buy;12:33:11.316
40.255;10;sell;12:33:14.208
40.255;10;sell;12:33:15.868
40.27;27;buy;12:33:19.004
40.255;33;sell;12:33:19.704
40.255;350;sell;12:33:21.048
40.27;2;buy;12:33:21.888
40.27;65;buy;12:33:23.874
40.27;27;buy;12:33:30.012
40.27;2;buy;12:33:30.475
40.27;53;buy;12:33:30.571
40.26;1387;sell;12:33:31.076
40.25;1;buy;12:33:31.260
40.25;2500;buy;12:33:31.426
40.25;1;buy;12:33:31.879
40.25;33;buy;12:33:33.043
40.25;399;buy;12:33:34.171
40.25;1;buy;12:33:34.527
40.25;678;buy;12:33:35.171
40.26;64;buy;12:33:38.877
40.27;5;buy;12:33:39.699
40.27;27;buy;12:33:41.015
40.27;1;buy;12:33:42.120
40.27;10;buy;12:33:43.174
40.27;1;buy;12:33:46.043
40.27;1;buy;12:33:46.993
40.27;2;buy;12:33:47.423
40.27;1;buy;12:33:47.747
40.26;3;sell;12:33:47.875
40.245;10000;sell;12:33:48.215
40.215;87;sell;12:33:48.262
40.225;12;buy;12:33:48.342
40.225;1;buy;12:33:48.348
40.225;8;buy;12:33:48.364
40.21;200;sell;12:33:48.365
40.205;1;sell;12:33:48.375
40.215;260;sell;12:33:48.387
40.22;1;buy;12:33:48.413
40.22;1;buy;12:33:48.534
40.215;41;sell;12:33:48.537
40.215;5;buy;12:33:48.588
40.215;1;buy;12:33:48.677
40.215;1;buy;12:33:48.713
40.215;5;buy;12:33:48.764
40.205;4;sell;12:33:48.819
40.205;25;sell;12:33:48.837
40.205;102;sell;12:33:48.838
40.215;1;buy;12:33:48.926
40.205;38;sell;12:33:49.170
40.205;100;sell;12:33:49.171
40.215;1;buy;12:33:49.462
40.215;1;buy;12:33:49.482
40.215;1;buy;12:33:50.347
40.215;200;buy;12:33:50.752
40.215;100;buy;12:33:51.143
40.215;1;buy;12:33:51.171
40.21;72;sell;12:33:51.608
40.21;26;buy;12:33:52.014
40.21;7;buy;12:33:52.368
40.205;300;sell;12:33:53.775
40.21;65;buy;12:33:53.883
40.215;1;buy;12:33:54.547
40.21;3;sell;12:33:55.126
40.215;10;buy;12:33:56.686
40.215;40;buy;12:33:58.256
40.22;1;buy;12:33:58.579
40.22;27;buy;12:34:03.014
40.215;547;sell;12:34:03.053
40.205;5;sell;12:34:03.865
40.21;1;buy;12:34:05.794
40.205;2;sell;12:34:07.823
40.205;58;sell;12:34:08.182
40.2;188;sell;12:34:08.645
40.2;500;sell;12:34:08.823
40.2;64;buy;12:34:08.890
40.2;1;buy;12:34:08.945
40.2;1;buy;12:34:08.956
40.195;1;buy;12:34:08.999
40.19;501;sell;12:34:09.024
40.19;155;sell;12:34:09.025
40.19;700;sell;12:34:09.029
40.17;25;sell;12:34:09.058
40.195;12;buy;12:34:09.059
40.195;10;buy;12:34:09.066
40.195;4;buy;12:34:09.067
40.195;1;buy;12:34:09.070
40.17;438;sell;12:34:09.072
40.17;390;sell;12:34:09.073
40.195;1;buy;12:34:09.107
40.195;40;buy;12:34:09.186
40.185;1;sell;12:34:09.210
40.18;50;sell;12:34:09.247
40.195;1;buy;12:34:09.253
40.195;300;buy;12:34:09.265
40.17;5032;sell;12:34:09.283
40.16;13;sell;12:34:09.351
40.19;70;buy;12:34:09.402
40.185;10;buy;12:34:09.412
40.185;1;buy;12:34:09.563
40.185;160;buy;12:34:09.579
40.16;70;sell;12:34:09.620
40.18;11;buy;12:34:09.717
40.18;1;buy;12:34:09.874
40.18;1;buy;12:34:10.406
40.18;100;buy;12:34:10.511
40.18;1;buy;12:34:11.072
40.18;1;buy;12:34:11.309
40.18;500;buy;12:34:11.937
40.18;200;buy;12:34:12.723
40.18;200;buy;12:34:12.973
40.18;10;buy;12:34:13.388
40.18;1;buy;12:34:13.613
40.18;1985;buy;12:34:13.806
40.18;27;buy;12:34:14.012
40.18;2;buy;12:34:14.036
40.18;7;buy;12:34:14.121
40.18;200;buy;12:34:15.459
40.18;200;buy;12:34:15.710
40.18;200;buy;12:34:15.960
40.18;100;buy;12:34:16.304
40.18;80;buy;12:34:16.305
40.18;1;buy;12:34:16.354
40.18;20;buy;12:34:16.524
40.175;10;sell;12:34:17.188
40.18;20;buy;12:34:17.628
40.18;100;buy;12:34:18.665
40.175;970;sell;12:34:18.883
40.175;35;buy;12:34:19.084
40.175;1000;buy;12:34:19.141
40.175;249;buy;12:34:21.036
40.175;65;buy;12:34:23.908
40.17;1371;sell;12:34:25.009
40.17;27;buy;12:34:25.029
40.17;3;buy;12:34:26.280
40.17;10;buy;12:34:26.601
40.17;58;buy;12:34:26.982
40.17;1;buy;12:34:27.159
40.17;25;buy;12:34:27.368
40.165;6518;sell;12:34:28.101
40.13;3;sell;12:34:28.225
40.15;100;buy;12:34:28.230
40.15;1;buy;12:34:28.236
40.13;50;sell;12:34:28.243
40.15;807;buy;12:34:28.261
40.14;35;buy;12:34:28.350
40.155;1;buy;12:34:28.886
40.145;5;sell;12:34:29.212
40.16;10;buy;12:34:29.624
40.16;2;buy;12:34:29.669
40.16;1;buy;12:34:30.830
40.16;1500;buy;12:34:31.521
40.165;50;buy;12:34:32.634
40.16;40;sell;12:34:35.653
40.16;27;buy;12:34:36.034
40.16;3;buy;12:34:38.456
40.16;65;buy;12:34:38.893
40.15;20;sell;12:34:39.696
40.16;1;buy;12:34:44.142
40.16;1;buy;12:34:44.923
40.16;363;buy;12:34:45.557
40.16;103;sell;12:34:45.664
40.15;73;sell;12:34:46.014
40.15;1;buy;12:34:46.557
40.15;27;buy;12:34:47.134
40.15;20;buy;12:34:47.498
40.145;250;sell;12:34:49.149
40.145;20;buy;12:34:49.711
40.145;100;buy;12:34:49.752
40.145;2;buy;12:34:51.034
40.145;1;buy;12:34:51.806
40.135;1;sell;12:34:52.539
40.145;64;buy;12:34:53.896
40.14;150;sell;12:34:54.898
40.145;12;buy;12:34:55.537
40.145;10;buy;12:34:57.337
40.145;20;buy;12:34:57.923
40.15;27;buy;12:34:58.040
40.14;36;buy;12:34:59.682
40.145;428;buy;12:34:59.723
40.145;138;buy;12:34:59.782
40.13;27;sell;12:34:59.997
40.15;35;buy;12:35:00.204
40.15;170;buy;12:35:00.907
40.16;1;buy;12:35:01.216
40.16;100;buy;12:35:01.542
40.16;4;buy;12:35:02.683
40.155;2;buy;12:35:04.540
40.15;6;sell;12:35:04.704
40.15;1;buy;12:35:06.974
40.15;10;buy;12:35:07.405
40.15;250;buy;12:35:07.989
40.165;1028;buy;12:35:08.675
40.17;65;buy;12:35:08.924
40.17;27;buy;12:35:09.027
40.17;1;buy;12:35:09.304
40.17;1;buy;12:35:10.255
40.16;1000;sell;12:35:10.939
40.155;1;sell;12:35:12.376
40.16;1;buy;12:35:14.363
40.165;2;buy;12:35:16.565
40.165;27;buy;12:35:20.039
40.165;1;buy;12:35:20.114
40.165;1;buy;12:35:20.359
40.165;3813;buy;12:35:21.346
40.16;2421;sell;12:35:22.805
40.15;1;buy;12:35:23.762
40.15;64;buy;12:35:23.910
40.15;26;buy;12:35:24.561
40.145;10;sell;12:35:24.871
40.14;1;sell;12:35:24.903
40.15;38;buy;12:35:25.381
40.14;12;sell;12:35:25.971
40.14;2;buy;12:35:26.096
40.14;2;buy;12:35:28.419
40.14;5;buy;12:35:29.246
40.14;10000;buy;12:35:30.385
40.165;27;buy;12:35:31.038
40.165;504;buy;12:35:32.291
40.165;400;sell;12:35:32.291
40.165;100;sell;12:35:32.292
40.17;1028;buy;12:35:32.456
40.17;2;buy;12:35:33.601
40.165;219;sell;12:35:35.273
40.15;125;buy;12:35:35.481
40.15;50;buy;12:35:35.491
40.15;10;buy;12:35:37.730
40.15;5;buy;12:35:37.833
40.145;68;sell;12:35:37.941
40.13;32;sell;12:35:38.000
40.145;65;buy;12:35:38.931
40.15;495;buy;12:35:40.638
40.15;476;buy;12:35:40.654
40.15;5;buy;12:35:40.858
40.15;1;buy;12:35:40.957
40.15;27;buy;12:35:42.046
40.15;77;buy;12:35:42.101
40.15;1;buy;12:35:42.706
40.15;5;buy;12:35:42.753
40.15;1;buy;12:35:45.193
40.145;167;sell;12:35:46.317
40.13;33;sell;12:35:47.041
40.145;3;buy;12:35:47.258
40.145;1;buy;12:35:47.320
40.145;5;buy;12:35:47.932
40.145;5;buy;12:35:51.079
40.145;5;buy;12:35:52.552
40.145;20;buy;12:35:52.663
40.145;2;buy;12:35:52.889
40.15;27;buy;12:35:53.040
40.15;65;buy;12:35:53.919
40.15;286;buy;12:35:56.015
40.15;297;buy;12:35:56.016
40.145;30;buy;12:35:59.124
40.145;5;buy;12:35:59.936
40.145;1;buy;12:36:02.509
40.14;124;sell;12:36:02.686
40.14;1;sell;12:36:03.636
40.145;26;buy;12:36:04.036
40.145;8;buy;12:36:05.082
40.15;2;buy;12:36:05.824
40.145;100;sell;12:36:06.383
40.145;2;sell;12:36:07.304
40.15;1;buy;12:36:08.363
40.15;64;buy;12:36:08.941
40.15;400;buy;12:36:10.096
40.145;2922;sell;12:36:10.870
40.13;4;buy;12:36:11.340
40.13;869;buy;12:36:11.477
40.13;4;buy;12:36:12.222
40.13;21;buy;12:36:13.055
40.125;2300;sell;12:36:14.041
40.115;1;buy;12:36:14.118
40.115;1;buy;12:36:14.219
40.115;15;buy;12:36:14.228
40.115;1;buy;12:36:14.236
40.115;5;buy;12:36:14.239
40.115;82;buy;12:36:14.247
40.115;22;buy;12:36:14.277
40.115;1;buy;12:36:14.466
40.115;1;buy;12:36:14.703
40.115;1;buy;12:36:14.876
40.115;27;buy;12:36:15.051
40.115;1;buy;12:36:15.139
40.11;5;sell;12:36:15.286
40.115;3;buy;12:36:16.301
40.11;100;sell;12:36:16.417
40.115;1;buy;12:36:16.907
40.115;300;buy;12:36:17.281
40.115;28;buy;12:36:18.663
40.11;5;sell;12:36:18.770
40.11;2;sell;12:36:20.464
40.115;500;buy;12:36:20.816
40.115;1;buy;12:36:20.882
40.115;50;buy;12:36:22.701
40.115;65;buy;12:36:23.933
40.115;3;buy;12:36:24.466
40.115;1;buy;12:36:25.008
40.115;27;buy;12:36:26.047
40.115;100;buy;12:36:26.456
40.11;71;sell;12:36:26.552
40.115;50;buy;12:36:29.258
40.115;30;buy;12:36:31.907
40.115;250;buy;12:36:32.094
40.115;1;buy;12:36:32.221
40.115;3000;buy;12:36:32.276
40.115;199;buy;12:36:32.321
40.115;330;buy;12:36:32.381
40.115;167;buy;12:36:32.382
40.115;2;buy;12:36:32.395
40.115;449;buy;12:36:32.423
40.115;124;buy;12:36:32.482
40.115;38;buy;12:36:32.620
40.115;249;buy;12:36:32.782
40.115;850;buy;12:36:33.121
40.11;1673;sell;12:36:33.459
40.125;1;buy;12:36:33.541
40.125;33;buy;12:36:34.409
40.105;133;sell;12:36:34.433
40.105;20;sell;12:36:36.865
40.125;20;buy;12:36:36.885
40.125;27;buy;12:36:37.049
40.11;65;buy;12:36:38.938
40.12;50;buy;12:36:40.683
40.125;3;buy;12:36:41.762
40.12;12;buy;12:36:43.486
40.115;1;sell;12:36:44.213
40.125;498;buy;12:36:44.740
40.125;5;buy;12:36:44.835
40.125;1;buy;12:36:45.481
40.125;12;buy;12:36:46.502
40.115;30;sell;12:36:47.145
40.12;2;buy;12:36:47.719
40.12;27;buy;12:36:48.047
40.12;100;buy;12:36:51.060
40.125;500;buy;12:36:52.378
40.125;64;buy;12:36:53.955
40.125;5000;buy;12:36:55.452
40.13;1490;buy;12:36:55.968
40.145;28;buy;12:36:56.073
40.15;300;buy;12:36:56.569
40.16;10000;buy;12:36:56.661
40.17;402;buy;12:36:56.663
40.17;98;buy;12:36:56.665
40.17;546;sell;12:36:56.667
40.165;80;buy;12:36:56.667
40.165;749;buy;12:36:56.668
40.165;8;buy;12:36:56.669
40.16;1;sell;12:36:56.709
40.165;1;buy;12:36:57.101
40.16;10;sell;12:36:58.071
40.16;751;sell;12:36:58.355
40.165;1;buy;12:36:58.503
40.165;27;buy;12:36:59.056
40.165;1;buy;12:37:00.558
40.165;2;buy;12:37:03.707
40.165;25;buy;12:37:03.740
40.165;3;buy;12:37:04.697
40.16;5;sell;12:37:04.809
40.16;6;sell;12:37:06.223
40.165;20;buy;12:37:08.689
40.165;65;buy;12:37:08.961
40.185;1000;buy;12:37:09.794
40.195;27;buy;12:37:10.058
40.195;25;buy;12:37:16.900
40.19;3;buy;12:37:18.723
40.2;2;buy;12:37:19.219
40.19;999;buy;12:37:20.094
40.215;10000;buy;12:37:20.448
40.25;27;buy;12:37:21.054
40.24;40;sell;12:37:22.891
40.25;400;buy;12:37:23.452
40.25;64;buy;12:37:23.955
40.245;5;buy;12:37:25.023
40.245;30;buy;12:37:25.832
40.245;1000;buy;12:37:26.022
40.27;5;buy;12:37:27.304
40.27;5;buy;12:37:28.667
40.27;464;buy;12:37:31.106
40.27;124;buy;12:37:31.508
40.27;125;buy;12:37:31.643
40.27;27;buy;12:37:32.053
40.27;100;buy;12:37:32.995
40.265;124;sell;12:37:34.141
40.26;8;sell;12:37:35.091
40.265;1;buy;12:37:35.327
40.265;500;buy;12:37:35.351
40.265;1000;buy;12:37:35.352
40.265;400;buy;12:37:35.824
40.28;1;buy;12:37:38.451
40.28;65;buy;12:37:38.977
40.27;100;sell;12:37:42.469
40.28;27;buy;12:37:43.055
40.28;35;buy;12:37:46.830
40.28;2;buy;12:37:47.252
40.28;429;buy;12:37:51.733
40.29;65;buy;12:37:53.967
40.295;27;buy;12:37:54.060
40.295;80;buy;12:37:54.082
40.295;40;buy;12:37:57.285
40.295;2;buy;12:37:58.799
40.29;7;sell;12:37:59.300
40.295;1310;buy;12:38:01.088
40.3;690;buy;12:38:01.088
40.295;5;sell;12:38:01.529
40.305;2;buy;12:38:03.395
40.305;40;buy;12:38:03.442
40.305;40;buy;12:38:03.616
40.305;100;buy;12:38:03.757
40.305;40;buy;12:38:03.775
40.305;40;buy;12:38:03.945
40.305;1;buy;12:38:04.943
40.305;27;buy;12:38:05.065
40.3;200;sell;12:38:05.200
40.3;100;sell;12:38:05.271
40.31;40;buy;12:38:06.416
40.31;1;buy;12:38:06.730
40.305;53;sell;12:38:07.181
40.31;30;buy;12:38:07.485
40.31;5;buy;12:38:08.145
40.305;64;buy;12:38:08.980
40.305;1;buy;12:38:09.005
40.305;5;buy;12:38:09.357
40.31;50;buy;12:38:10.650
40.31;10;buy;12:38:14.513
40.31;26;buy;12:38:16.069
40.31;75;buy;12:38:16.520
40.31;110;buy;12:38:16.717
40.3;100;sell;12:38:17.614
40.31;12;buy;12:38:19.812
40.31;110;buy;12:38:20.103
40.31;2;buy;12:38:20.584
40.31;18;buy;12:38:22.184
40.31;65;buy;12:38:23.980
40.31;10;buy;12:38:25.247
40.305;27;buy;12:38:27.063
40.31;5;buy;12:38:28.536
40.31;32;buy;12:38:28.784
40.315;1;buy;12:38:30.342
40.315;8;buy;12:38:32.258
40.315;35;buy;12:38:33.997
40.31;25;sell;12:38:37.490
40.315;27;buy;12:38:38.074
40.31;991;sell;12:38:38.269
40.305;81;buy;12:38:38.295
40.305;64;buy;12:38:38.989
40.305;25;buy;12:38:39.770
40.305;2;buy;12:38:39.856
40.3;5;sell;12:38:40.536
40.305;1;buy;12:38:41.850
40.305;10;buy;12:38:41.873
40.305;1;buy;12:38:42.633
40.3;272;sell;12:38:42.840
40.3;198;sell;12:38:43.021
40.3;249;sell;12:38:43.036
40.3;372;sell;12:38:43.081
40.3;1;sell;12:38:43.083
40.295;1;sell;12:38:43.221
40.295;200;buy;12:38:43.380
40.29;5000;sell;12:38:45.020
40.28;700;sell;12:38:45.023
40.28;4097;sell;12:38:45.674
40.275;11;sell;12:38:45.675
40.27;26;sell;12:38:45.869
40.275;800;buy;12:38:45.910
40.29;21;buy;12:38:46.183
40.285;6;buy;12:38:47.017
40.275;27;buy;12:38:49.074
40.275;120;buy;12:38:50.122
40.28;1;buy;12:38:51.262
40.27;5;sell;12:38:52.495
40.28;65;buy;12:38:53.993
40.28;60;buy;12:38:55.322
40.275;273;buy;12:38:58.121
40.285;27;buy;12:39:00.073
40.29;568;buy;12:39:00.121
40.29;11;buy;12:39:01.461
40.29;28;buy;12:39:02.121
40.295;476;buy;12:39:03.121
40.29;1;buy;12:39:04.121
40.295;284;buy;12:39:07.121
40.295;65;buy;12:39:09.024
40.295;27;buy;12:39:11.083
40.295;1;buy;12:39:11.342
40.29;7;sell;12:39:13.499
40.295;12;buy;12:39:13.889
40.29;34;sell;12:39:14.571
40.29;73;sell;12:39:15.181
40.29;124;sell;12:39:15.381
40.29;54;sell;12:39:15.382
40.28;169;sell;12:39:15.412
40.275;14;sell;12:39:15.627
40.28;4;buy;12:39:15.731
40.28;10;buy;12:39:16.341
40.275;32;sell;12:39:17.025
40.275;10;sell;12:39:17.026
40.275;12;sell;12:39:17.059
40.28;1;buy;12:39:18.145
40.275;21;sell;12:39:20.077
40.275;2;sell;12:39:21.091
40.28;91;buy;12:39:21.422
40.285;105;buy;12:39:21.537
40.28;5;sell;12:39:21.836
40.285;27;buy;12:39:22.079
40.285;10;buy;12:39:23.916
40.285;64;buy;12:39:24.009
40.28;2;sell;12:39:25.239
40.28;5;sell;12:39:26.431
40.285;107;buy;12:39:27.124
40.285;100;sell;12:39:27.439
40.29;10;buy;12:39:27.579
40.29;151;buy;12:39:28.525
40.29;31;buy;12:39:28.555
40.29;31;buy;12:39:28.595
40.29;138;buy;12:39:28.783
40.29;372;buy;12:39:28.881
40.3;100;buy;12:39:29.037
40.305;1;buy;12:39:29.289
40.31;116;buy;12:39:29.693
40.31;105;buy;12:39:31.383
40.305;6;sell;12:39:32.827
40.31;27;buy;12:39:33.077
40.305;1522;sell;12:39:34.618
40.295;377;sell;12:39:34.700
40.285;50;buy;12:39:35.350
40.285;25;buy;12:39:37.460
40.285;15;buy;12:39:37.474
40.285;112;buy;12:39:38.021
40.28;200;sell;12:39:38.664
40.285;65;buy;12:39:39.021
40.285;10;buy;12:39:39.222
40.285;200;buy;12:39:40.060
40.285;370;buy;12:39:40.696
40.275;117;sell;12:39:41.136
40.27;243;sell;12:39:41.236
40.265;13;sell;12:39:42.136
40.26;82;sell;12:39:42.236
40.25;230;sell;12:39:43.036
40.25;3;buy;12:39:43.724
40.25;27;buy;12:39:44.086
40.25;124;buy;12:39:46.277
40.25;113;buy;12:39:46.536
40.255;248;buy;12:39:46.581
40.255;2;buy;12:39:46.586
40.26;13;sell;12:39:47.136
40.27;500;buy;12:39:47.932
40.27;10;buy;12:39:48.723
40.26;171;sell;12:39:49.519
40.255;40;sell;12:39:49.520
40.245;99;sell;12:39:49.774
40.25;200;buy;12:39:49.789
40.245;77;sell;12:39:50.000
40.245;27;sell;12:39:50.457
40.245;5;buy;12:39:51.021
40.245;372;buy;12:39:53.370
40.245;64;buy;12:39:54.018
40.245;40;buy;12:39:54.371
40.245;27;buy;12:39:55.084
40.255;3;buy;12:40:00.269
40.255;5;buy;12:40:02.509
40.26;1;buy;12:40:04.676
40.25;600;sell;12:40:05.572
40.26;27;buy;12:40:06.083
40.26;65;buy;12:40:09.051
40.265;1;buy;12:40:09.096
40.25;35;sell;12:40:11.063
40.265;1;buy;12:40:13.242
40.265;5;buy;12:40:17.082
40.27;27;buy;12:40:17.097
40.27;5;buy;12:40:22.295
40.27;16;buy;12:40:23.315
40.27;65;buy;12:40:24.024
40.255;100;sell;12:40:25.170
40.27;3000;buy;12:40:27.668
40.285;100;sell;12:40:27.850
40.305;27;buy;12:40:28.096
40.305;5;buy;12:40:31.267
40.29;8;sell;12:40:32.285
40.29;40;sell;12:40:33.835
40.315;1000;buy;12:40:35.440
40.315;300;sell;12:40:38.205
40.32;64;buy;12:40:39.031
40.32;26;buy;12:40:39.102
40.315;556;sell;12:40:39.722
40.315;1;buy;12:40:40.121
40.315;991;buy;12:40:43.305
40.33;848;buy;12:40:43.370
40.34;105;buy;12:40:43.370
40.335;3000;buy;12:40:43.688
40.335;1;buy;12:40:43.731
40.34;200;sell;12:40:44.951
40.35;40;buy;12:40:46.116
40.35;27;buy;12:40:50.093
40.34;50;sell;12:40:52.163
40.34;100;sell;12:40:52.677
40.34;5000;sell;12:40:53.504
40.325;65;buy;12:40:54.084
40.325;9;buy;12:40:56.316
40.315;500;sell;12:40:56.422
40.325;5;buy;12:40:57.617
40.325;5;buy;12:40:58.108
40.325;3;buy;12:40:58.837
40.325;27;buy;12:41:01.107
40.315;18;sell;12:41:02.833
40.32;200;buy;12:41:05.225
40.325;5;buy;12:41:08.103
40.325;65;buy;12:41:09.043
40.325;27;buy;12:41:12.113
40.325;1;buy;12:41:13.183
40.325;25;buy;12:41:13.311
40.315;2399;sell;12:41:13.762
40.3;5;buy;12:41:13.833
40.3;216;buy;12:41:13.887
40.3;18;buy;12:41:15.779
40.3;5;buy;12:41:17.144
40.3;100;buy;12:41:18.358
40.3;5;buy;12:41:18.917
40.3;5;buy;12:41:20.024
40.3;117;buy;12:41:21.215
40.3;27;buy;12:41:23.113
40.3;5;buy;12:41:23.262
40.3;64;buy;12:41:24.059
40.3;21;buy;12:41:26.582
40.3;5;buy;12:41:26.591
40.3;106;buy;12:41:26.699
40.3;200;buy;12:41:26.917
40.3;9;buy;12:41:27.135
40.3;5;buy;12:41:27.242
40.3;96;buy;12:41:27.808
40.3;100;buy;12:41:30.390
40.3;2;buy;12:41:30.444
40.3;5;buy;12:41:30.871
40.3;4;buy;12:41:31.645
40.3;1638;buy;12:41:33.763
40.3;27;buy;12:41:33.766
40.3;6;buy;12:41:33.769
40.3;30;buy;12:41:33.774
40.3;17;buy;12:41:33.775
40.3;25;buy;12:41:33.800
40.3;39;buy;12:41:33.810
40.3;215;buy;12:41:33.818
40.3;30;buy;12:41:33.826
40.3;9;buy;12:41:33.833
40.3;11;buy;12:41:33.841
40.3;59;buy;12:41:33.844
40.3;23;buy;12:41:33.848
40.3;30;buy;12:41:33.860
40.3;8;buy;12:41:33.865
40.3;6;buy;12:41:33.870
40.3;129;buy;12:41:33.872
40.3;8;buy;12:41:33.880
40.3;6;buy;12:41:33.892
40.3;16;buy;12:41:33.895
40.3;92;buy;12:41:33.902
40.3;65;buy;12:41:33.904
40.3;14;buy;12:41:33.909
40.3;34;buy;12:41:33.915
40.3;35;buy;12:41:33.932
40.3;103;buy;12:41:33.936
40.3;6;buy;12:41:33.938
40.3;6;buy;12:41:33.952
40.3;47;buy;12:41:33.954
40.3;18;buy;12:41:33.963
40.3;6;buy;12:41:33.965
40.3;41;buy;12:41:33.976
40.3;8;buy;12:41:33.980
40.3;15;buy;12:41:33.989
40.3;7;buy;12:41:33.990
40.3;8;buy;12:41:33.999
40.3;43;buy;12:41:34.002
40.3;11;buy;12:41:34.004
40.3;23;buy;12:41:34.011
40.3;9;buy;12:41:34.012
40.3;6;buy;12:41:34.022
40.3;22;buy;12:41:34.025
40.3;11;buy;12:41:34.033
40.3;21;buy;12:41:34.034
40.3;10;buy;12:41:34.041
40.3;34;buy;12:41:34.042
40.3;61;buy;12:41:34.048
40.3;27;buy;12:41:34.062
40.3;28;buy;12:41:34.067
40.3;1;buy;12:41:34.068
40.3;6;buy;12:41:34.079
40.3;124;buy;12:41:34.081
40.3;27;buy;12:41:34.109
40.3;31;buy;12:41:34.120
40.3;199;buy;12:41:34.121
40.3;6;buy;12:41:34.167
40.3;39;buy;12:41:34.203
40.3;6;buy;12:41:34.205
40.3;27;buy;12:41:34.252
40.3;24;buy;12:41:34.265
40.3;5;buy;12:41:34.312
40.3;13;buy;12:41:37.123
40.3;100;buy;12:41:37.889
40.3;46;buy;12:41:37.972
40.295;16;sell;12:41:38.171
40.29;161;sell;12:41:38.471
40.295;519;sell;12:41:38.771
40.3;1;buy;12:41:38.972
40.3;65;buy;12:41:39.061
40.295;570;sell;12:41:39.071
40.295;3;buy;12:41:39.536
40.295;27;buy;12:41:45.115
40.285;2;sell;12:41:45.254
40.295;2;buy;12:41:45.890
40.295;2;buy;12:41:47.695
40.295;300;buy;12:41:47.857
40.285;59;sell;12:41:49.782
40.28;1;sell;12:41:49.982
40.29;1;buy;12:41:50.725
40.27;18;sell;12:41:50.920
40.285;9;sell;12:41:51.582
40.29;20;buy;12:41:51.877
40.29;64;buy;12:41:54.059
40.285;27;buy;12:41:56.111
40.28;1;buy;12:42:00.872
40.275;20;buy;12:42:01.974
40.265;8;sell;12:42:02.475
40.27;244;buy;12:42:03.356
40.27;27;buy;12:42:07.114
40.27;65;buy;12:42:09.096
40.255;15;sell;12:42:16.484
40.27;1;buy;12:42:16.510
40.25;46;sell;12:42:17.071
40.245;17;sell;12:42:17.171
40.26;2;buy;12:42:17.377
40.26;1;buy;12:42:17.862
40.26;27;buy;12:42:18.112
40.24;104;sell;12:42:19.679
40.24;1;buy;12:42:19.715
40.235;55;sell;12:42:20.071
40.24;49;buy;12:42:20.201
40.24;1;buy;12:42:21.384
40.24;45;buy;12:42:22.141
40.24;105;buy;12:42:22.141
40.24;50;buy;12:42:23.132
40.24;6;buy;12:42:23.723
40.24;65;buy;12:42:24.080
40.24;2;buy;12:42:26.021
40.24;50;buy;12:42:26.615
40.24;12;buy;12:42:28.335
40.24;27;buy;12:42:29.113
40.235;9;sell;12:42:29.161
40.235;12;sell;12:42:31.542
40.24;2;buy;12:42:32.082
40.24;2000;buy;12:42:34.551
40.24;75;buy;12:42:35.682
40.24;1;buy;12:42:35.916
40.24;64;buy;12:42:39.085
40.24;27;buy;12:42:40.119
40.24;6;buy;12:42:40.529
40.24;1000;buy;12:42:41.323
40.24;3;buy;12:42:42.849
40.24;2;buy;12:42:43.617
40.24;1;buy;12:42:45.307
40.24;802;buy;12:42:45.721
40.24;2;buy;12:42:46.566
40.24;6;buy;12:42:49.583
40.24;26;buy;12:42:51.127
40.24;1;buy;12:42:53.291
40.235;1;sell;12:42:53.438
40.24;65;buy;12:42:54.095
40.24;1;buy;12:42:55.943
40.24;1;buy;12:42:56.224
40.24;1;buy;12:42:58.472
40.24;10;buy;12:42:58.772
40.24;115;buy;12:42:59.725
40.24;2;buy;12:43:02.092
40.24;27;buy;12:43:02.127
40.24;3;buy;12:43:02.144
40.24;20;buy;12:43:02.839
40.24;1;buy;12:43:04.086
40.24;5;buy;12:43:04.769
40.24;1530;buy;12:43:05.636
40.24;1;buy;12:43:07.450
40.24;64;buy;12:43:09.097
40.235;1;sell;12:43:10.592
40.24;27;buy;12:43:13.124
40.24;5;buy;12:43:22.388
40.24;1;buy;12:43:22.901
40.235;218;sell;12:43:23.423
40.23;27;sell;12:43:23.823
40.24;65;buy;12:43:24.092
40.24;27;buy;12:43:24.122
40.225;300;sell;12:43:24.413
40.235;95;buy;12:43:25.411
40.22;40;sell;12:43:26.462
40.235;80;buy;12:43:27.304
40.22;199;sell;12:43:27.321
40.235;4000;buy;12:43:27.329
40.235;40;buy;12:43:27.525
40.215;10;sell;12:43:27.782
40.21;5;sell;12:43:29.288
40.21;2000;sell;12:43:29.496
40.205;10;sell;12:43:33.782
40.2;40;sell;12:43:34.317
40.2;40;sell;12:43:34.841
40.21;27;buy;12:43:35.136
40.2;40;sell;12:43:35.225
40.2;40;sell;12:43:35.396
40.2;40;sell;12:43:35.561
40.2;40;sell;12:43:35.729
40.2;40;sell;12:43:35.893
40.205;1;buy;12:43:36.816
40.205;65;buy;12:43:39.104
40.2;520;sell;12:43:40.422
40.2;486;sell;12:43:40.423
40.205;1;buy;12:43:40.629
40.205;300;buy;12:43:42.847
40.205;38;buy;12:43:43.166
40.205;500;buy;12:43:43.261
40.2;7322;sell;12:43:44.624
40.21;1;buy;12:43:45.567
40.21;27;buy;12:43:46.129
40.21;39;buy;12:43:46.230
40.205;120;sell;12:43:46.400
40.205;10;buy;12:43:48.966
40.2;9;sell;12:43:49.292
40.205;38;buy;12:43:49.437
40.205;10;buy;12:43:51.149
40.2;5;sell;12:43:52.418
40.205;39;buy;12:43:52.630
40.2;600;sell;12:43:53.065
40.205;500;buy;12:43:53.415
40.21;3;buy;12:43:53.567
40.21;64;buy;12:43:54.118
40.22;1;buy;12:43:54.283
40.2;500;sell;12:43:55.279
40.215;38;buy;12:43:55.824
40.22;27;buy;12:43:57.144
40.22;1;buy;12:43:58.044
40.22;39;buy;12:43:59.032
40.21;1;buy;12:43:59.336
40.205;149;sell;12:44:00.077
40.225;38;buy;12:44:02.219
40.225;39;buy;12:44:05.414
40.225;27;buy;12:44:08.139
40.225;38;buy;12:44:08.650
40.225;65;buy;12:44:09.120
40.23;1152;buy;12:44:09.781
40.24;428;buy;12:44:09.903
40.24;39;buy;12:44:11.829
40.24;1;buy;12:44:12.585
40.24;38;buy;12:44:15.045
40.24;8;buy;12:44:17.684
40.24;3;buy;12:44:17.927
40.23;41;sell;12:44:18.085
40.24;1;buy;12:44:18.124
40.24;39;buy;12:44:18.237
40.24;27;buy;12:44:19.140
40.24;38;buy;12:44:21.426
40.24;64;buy;12:44:24.129
40.24;39;buy;12:44:24.632
40.24;418;buy;12:44:25.501
40.24;1;buy;12:44:25.621
40.24;3;buy;12:44:27.260
40.24;1;buy;12:44:27.765
40.24;38;buy;12:44:27.832
40.24;50;buy;12:44:28.337
40.24;1000;buy;12:44:29.648
40.24;27;buy;12:44:30.152
40.24;39;buy;12:44:31.027
40.24;1000;buy;12:44:31.910
40.24;5;buy;12:44:31.977
40.24;966;buy;12:44:32.252
40.245;5;buy;12:44:32.336
40.25;360;buy;12:44:32.369
40.27;1;buy;12:44:32.473
40.27;5;buy;12:44:32.836
40.275;250;buy;12:44:33.099
40.28;38;buy;12:44:34.218
40.28;660;buy;12:44:37.111
40.28;39;buy;12:44:37.433
40.265;222;sell;12:44:38.568
40.285;65;buy;12:44:39.126
40.285;1;buy;12:44:39.381
40.285;38;buy;12:44:40.629
40.285;27;buy;12:44:41.138
40.285;39;buy;12:44:43.845
40.27;1;sell;12:44:44.227
40.285;390;buy;12:44:45.584
40.29;501;buy;12:44:45.836
40.295;125;buy;12:44:46.136
40.285;300;sell;12:44:46.474
40.29;200;sell;12:44:47.769
40.3;48;buy;12:44:48.978
40.3;630;buy;12:44:49.407
40.3;58;buy;12:44:49.436
40.3;6;buy;12:44:49.946
40.3;1;buy;12:44:51.194
40.3;890;buy;12:44:51.771
40.3;27;buy;12:44:52.150
40.3;199;buy;12:44:52.921
40.3;65;buy;12:44:54.136
40.3;1;buy;12:44:55.784
40.3;80;buy;12:45:00.317
40.295;800;sell;12:45:03.009
40.3;26;buy;12:45:03.143
40.295;1;sell;12:45:05.621
40.295;1;sell;12:45:05.645
40.3;50;buy;12:45:07.308
40.3;1;buy;12:45:09.063
40.3;64;buy;12:45:09.147
40.295;124;sell;12:45:13.081
40.295;82;sell;12:45:13.123
40.295;2;buy;12:45:13.483
40.295;27;buy;12:45:14.149
40.295;136;buy;12:45:14.519
40.295;136;buy;12:45:14.901
40.295;6;buy;12:45:16.311
40.295;500;buy;12:45:17.009
40.3;7;buy;12:45:19.983
40.3;13;buy;12:45:23.123
40.3;65;buy;12:45:24.144
40.3;27;buy;12:45:25.165
40.3;1000;buy;12:45:25.731
40.3;100;buy;12:45:28.801
40.3;248;buy;12:45:29.036
40.3;132;buy;12:45:32.243
40.315;1;buy;12:45:32.871
40.315;5;buy;12:45:33.236
40.31;8;sell;12:45:34.881
40.315;27;buy;12:45:36.152
40.31;14;sell;12:45:37.116
40.315;2;buy;12:45:37.950
40.315;1;buy;12:45:38.355
40.315;64;buy;12:45:39.146
40.32;745;buy;12:45:40.583
40.335;1;buy;12:45:41.092
40.34;27;buy;12:45:47.161
40.35;65;buy;12:45:54.162
40.36;200;buy;12:45:58.149
40.37;27;buy;12:45:58.168
40.355;100;sell;12:46:01.542
40.37;20;buy;12:46:04.032
40.37;61;buy;12:46:05.063
40.37;27;buy;12:46:09.202
40.37;65;buy;12:46:09.257
40.36;20;sell;12:46:13.852
40.37;10;buy;12:46:14.032
40.37;10;buy;12:46:14.866
40.36;5;sell;12:46:15.819
40.37;10;buy;12:46:18.302
40.37;150;buy;12:46:19.469
40.37;27;buy;12:46:20.309
40.37;64;buy;12:46:24.173
40.37;1;buy;12:46:25.965
40.37;150;buy;12:46:26.627
40.37;100;buy;12:46:28.453
40.37;1;buy;12:46:28.758
40.375;200;buy;12:46:30.969
40.375;27;buy;12:46:31.168
40.375;97;buy;12:46:32.948
40.37;1;sell;12:46:34.804
40.375;73;buy;12:46:35.169
40.375;127;buy;12:46:35.169
40.37;5;sell;12:46:36.336
40.37;10;sell;12:46:36.381
40.37;1;buy;12:46:37.832
40.37;1500;buy;12:46:38.206
40.365;29;sell;12:46:38.430
40.36;65;buy;12:46:39.176
40.35;48;sell;12:46:40.097
40.36;27;buy;12:46:42.169
40.36;1;buy;12:46:44.245
40.36;1;buy;12:46:46.308
40.36;2;buy;12:46:48.172
40.36;20;buy;12:46:48.274
40.355;1;sell;12:46:51.381
40.355;27;buy;12:46:53.165
40.355;2;buy;12:46:53.687
40.355;65;buy;12:46:54.187
40.355;4;buy;12:46:55.003
40.36;615;buy;12:46:56.054
40.365;5;buy;12:46:57.760
40.365;27;buy;12:47:04.181
40.37;12;buy;12:47:05.446
40.37;100;buy;12:47:06.761
40.37;216;buy;12:47:07.234
40.37;64;buy;12:47:09.198
40.37;15;buy;12:47:09.595
40.37;6;buy;12:47:12.591
40.375;26;buy;12:47:15.174
40.375;357;buy;12:47:15.953
40.38;50;buy;12:47:17.608
40.385;65;buy;12:47:24.193
40.39;27;buy;12:47:26.187
40.39;100;buy;12:47:26.259
40.39;1;buy;12:47:30.378
40.39;2;buy;12:47:36.696
40.39;27;buy;12:47:37.186
40.385;36;sell;12:47:38.013
40.38;500;sell;12:47:38.016
40.375;156;sell;12:47:38.017
40.37;6;buy;12:47:38.331
40.37;64;buy;12:47:39.193
40.37;1000;buy;12:47:41.363
40.38;8;buy;12:47:41.365
40.38;20;buy;12:47:41.564
40.38;1;buy;12:47:45.164
40.38;27;buy;12:47:48.177
40.385;65;buy;12:47:54.204
40.38;20;sell;12:47:57.876
40.385;27;buy;12:47:59.184
40.39;1000;buy;12:47:59.989
40.395;63;buy;12:48:04.908
40.4;150;buy;12:48:05.302
40.4;50;buy;12:48:05.649
40.39;65;buy;12:48:09.215
40.4;50;buy;12:48:09.747
40.405;27;buy;12:48:10.184
40.405;1;buy;12:48:10.306
40.41;16;buy;12:48:14.942
40.4;1500;sell;12:48:17.904
40.395;3;sell;12:48:18.184
40.39;100;buy;12:48:21.045
40.39;27;buy;12:48:21.184
40.4;8;buy;12:48:22.812
40.405;64;buy;12:48:24.216
40.405;1;buy;12:48:26.807
40.41;3;buy;12:48:30.560
40.405;27;buy;12:48:32.195
40.405;1;buy;12:48:32.379
40.405;3;buy;12:48:33.615
40.405;10;buy;12:48:35.536
40.405;100;buy;12:48:37.807
40.405;1;buy;12:48:38.029
40.405;65;buy;12:48:39.226
40.415;28;buy;12:48:40.352
40.4;500;sell;12:48:40.431
40.41;27;buy;12:48:43.202
40.41;1;buy;12:48:43.653
40.41;20;buy;12:48:43.902
40.415;10;buy;12:48:46.241
40.415;1;buy;12:48:50.334
40.415;27;buy;12:48:54.197
40.415;64;buy;12:48:54.228
40.415;47;buy;12:48:55.420
40.415;1;buy;12:48:55.486
40.41;72;buy;12:48:57.853
40.41;7;buy;12:48:59.153
40.405;1;sell;12:48:59.182
40.41;15;buy;12:48:59.185
40.4;11;sell;12:49:01.223
40.4;200;sell;12:49:02.740
40.39;4;sell;12:49:02.809
40.395;5;buy;12:49:03.134
40.395;1;buy;12:49:03.563
40.395;23;buy;12:49:05.199
40.395;4;buy;12:49:05.199
40.395;65;buy;12:49:09.226
40.395;14;buy;12:49:13.430
40.395;859;buy;12:49:13.549
40.405;27;buy;12:49:16.211
40.4;1;buy;12:49:22.905
40.4;65;buy;12:49:24.238
40.405;26;buy;12:49:27.209
40.4;1;buy;12:49:32.574
40.395;1;buy;12:49:35.686
40.395;1;buy;12:49:37.862
40.395;27;buy;12:49:38.204
40.39;406;sell;12:49:38.216
40.395;64;buy;12:49:39.250
40.395;2;buy;12:49:42.878
40.385;1235;sell;12:49:43.722
40.375;15;sell;12:49:45.023
40.37;5;sell;12:49:49.167
40.375;27;buy;12:49:49.204
40.375;65;buy;12:49:54.301
40.375;104;sell;12:49:56.782
40.375;22;sell;12:49:56.823
40.38;1;buy;12:49:56.982
40.38;17;buy;12:49:57.493
40.38;2;buy;12:49:57.912
40.38;12;buy;12:49:57.913
40.38;10;buy;12:49:59.328
40.38;27;buy;12:50:00.208
40.375;105;buy;12:50:07.238
40.38;1;buy;12:50:08.237
40.38;64;buy;12:50:09.278
40.38;27;buy;12:50:11.216
40.38;25;buy;12:50:11.407
40.38;5;buy;12:50:14.683
40.375;5000;sell;12:50:17.700
40.345;2106;sell;12:50:17.856
40.355;27;buy;12:50:22.209
40.355;2;buy;12:50:23.366
40.355;65;buy;12:50:24.259
40.36;3000;buy;12:50:25.417
40.38;1;buy;12:50:28.157
40.36;38;sell;12:50:29.450
40.38;27;buy;12:50:33.215
40.38;1;buy;12:50:37.960
40.38;2;buy;12:50:38.272
40.38;1;buy;12:50:38.539
40.38;65;buy;12:50:39.272
40.38;2;buy;12:50:40.345
40.38;26;buy;12:50:43.868
40.38;27;buy;12:50:44.225
40.38;600;buy;12:50:46.998
40.38;45;buy;12:50:50.778
40.38;11;buy;12:50:50.993
40.38;11;buy;12:50:51.299
40.38;56;buy;12:50:53.429
40.38;64;buy;12:50:54.271
40.38;67;buy;12:50:54.861
40.375;30;sell;12:50:54.889
40.38;27;buy;12:50:55.232
40.38;2;buy;12:50:55.233
40.38;1;buy;12:50:55.862
40.375;1;sell;12:51:00.550
40.38;1495;buy;12:51:01.019
40.385;131;sell;12:51:05.445
40.385;217;sell;12:51:05.522
40.385;196;sell;12:51:05.532
40.4;27;buy;12:51:06.219
40.4;50;buy;12:51:08.260
40.38;125;sell;12:51:08.424
40.39;65;buy;12:51:09.274
40.39;1;buy;12:51:16.779
40.39;27;buy;12:51:17.223
40.39;1;buy;12:51:17.473
40.38;300;sell;12:51:18.796
40.38;16;sell;12:51:19.652
40.38;10;sell;12:51:19.658
40.38;19;sell;12:51:19.662
40.38;5;sell;12:51:19.696
40.38;4;sell;12:51:19.708
40.38;4;sell;12:51:19.713
40.38;15;sell;12:51:19.718
40.38;4;sell;12:51:19.722
40.38;4;sell;12:51:19.734
40.38;11;sell;12:51:19.736
40.38;7;sell;12:51:19.739
40.38;7;sell;12:51:19.746
40.38;5;sell;12:51:19.781
40.38;6;sell;12:51:20.116
40.38;1;sell;12:51:21.100
40.39;5;buy;12:51:22.024
40.39;100;buy;12:51:23.723
40.39;64;buy;12:51:24.278
40.39;2;buy;12:51:27.359
40.39;27;buy;12:51:28.231
40.39;1;buy;12:51:30.517
40.39;20;buy;12:51:31.886
40.39;27;buy;12:51:39.226
40.39;65;buy;12:51:39.295
40.39;10;buy;12:51:39.763
40.38;1;sell;12:51:41.263
40.385;25;buy;12:51:41.673
40.38;119;sell;12:51:43.387
40.38;1;sell;12:51:43.750
40.38;452;sell;12:51:48.505
40.355;336;sell;12:51:48.515
40.355;480;sell;12:51:48.529
40.355;90;sell;12:51:48.550
40.355;88;sell;12:51:48.552
40.355;78;sell;12:51:48.583
40.355;338;sell;12:51:48.588
40.355;188;sell;12:51:48.604
40.355;91;sell;12:51:48.621
40.35;131;sell;12:51:48.675
40.34;209;sell;12:51:48.686
40.335;92;sell;12:51:48.744
40.365;10;buy;12:51:49.413
40.365;6;buy;12:51:49.828
40.365;26;buy;12:51:50.236
40.36;10;sell;12:51:53.717
40.335;188;sell;12:51:54.291
40.36;65;buy;12:51:54.296
40.36;2;buy;12:51:57.251
40.36;3;buy;12:52:00.876
40.36;27;buy;12:52:01.238
40.365;494;buy;12:52:01.503
40.36;8;sell;12:52:04.398
40.36;4;sell;12:52:05.846
40.37;10;buy;12:52:07.324
40.39;64;buy;12:52:09.316
40.395;10;buy;12:52:10.331
40.4;27;buy;12:52:12.251
40.39;20;sell;12:52:12.572
40.395;1;buy;12:52:20.704
40.395;4;buy;12:52:23.197
40.395;27;buy;12:52:23.236
40.395;65;buy;12:52:24.320
40.385;5000;sell;12:52:29.043
40.37;10;buy;12:52:29.795
40.37;15;buy;12:52:30.441
40.37;200;buy;12:52:30.888
40.36;14;sell;12:52:31.036
40.335;1;sell;12:52:32.778
40.36;27;buy;12:52:34.247
40.36;2;buy;12:52:34.633
40.36;2;buy;12:52:35.253
40.36;20;buy;12:52:36.252
40.36;1;buy;12:52:38.381
40.36;65;buy;12:52:39.311
40.36;4;buy;12:52:39.794
40.36;25;buy;12:52:41.138
40.36;962;buy;12:52:41.526
40.36;100;sell;12:52:41.778
40.36;300;sell;12:52:43.980
40.36;150;sell;12:52:44.372
40.335;100;sell;12:52:44.830
40.35;27;buy;12:52:45.249
40.35;7;buy;12:52:52.088
40.33;216;sell;12:52:52.743
40.34;64;buy;12:52:54.311
40.35;27;buy;12:52:56.244
40.35;1800;buy;12:52:57.664
40.35;90;sell;12:52:59.000
40.34;6000;sell;12:53:04.147
40.31;13;sell;12:53:04.160
40.33;500;buy;12:53:06.063
40.33;27;buy;12:53:07.248
40.325;5;sell;12:53:08.669
40.33;65;buy;12:53:09.342
40.33;15;buy;12:53:09.943
40.33;900;buy;12:53:14.499
40.315;1;sell;12:53:17.809
40.335;27;buy;12:53:18.245
40.335;1;buy;12:53:19.070
40.34;70;buy;12:53:22.703
40.345;64;buy;12:53:24.327
40.35;300;buy;12:53:26.569
40.35;5;buy;12:53:27.836
40.335;140;buy;12:53:28.609
40.345;27;buy;12:53:29.259
40.35;5;buy;12:53:32.913
40.35;133;buy;12:53:34.128
40.36;121;buy;12:53:34.389
40.36;110;buy;12:53:35.593
40.36;65;buy;12:53:39.335
40.36;27;buy;12:53:40.250
40.355;150;sell;12:53:45.036
40.36;2;buy;12:53:46.987
40.35;8;sell;12:53:48.036
40.355;27;buy;12:53:51.250
40.355;5;buy;12:53:52.116
40.355;65;buy;12:53:54.342
40.35;26;buy;12:54:02.254
40.35;3;buy;12:54:02.404
40.35;5;buy;12:54:03.424
40.35;1;buy;12:54:07.396
40.35;64;buy;12:54:09.344
40.35;1;buy;12:54:11.557
40.35;3;buy;12:54:12.744
40.35;27;buy;12:54:13.271
40.35;10;buy;12:54:21.362
40.35;27;buy;12:54:24.272
40.35;65;buy;12:54:24.357
40.35;45;buy;12:54:31.990
40.355;27;buy;12:54:35.271
40.34;30;sell;12:54:36.135
40.355;45;buy;12:54:37.582
40.355;109;buy;12:54:38.259
40.355;5;buy;12:54:38.972
40.355;64;buy;12:54:39.350
40.345;1;sell;12:54:41.816
40.355;1;buy;12:54:43.896
40.35;28;sell;12:54:45.317
40.36;27;buy;12:54:46.269
40.36;1;buy;12:54:49.740
40.36;9;buy;12:54:51.298
40.355;65;buy;12:54:54.368
40.355;27;buy;12:54:57.277
40.355;111;buy;12:54:57.593
40.355;1;buy;12:54:59.801
40.35;20;sell;12:55:01.609
40.36;6;buy;12:55:03.134
40.36;5;buy;12:55:03.819
40.36;27;buy;12:55:08.275
40.355;25;buy;12:55:08.861
40.355;65;buy;12:55:09.370
40.355;78;buy;12:55:13.926
40.36;54;buy;12:55:14.249
40.36;142;buy;12:55:14.428
40.36;129;buy;12:55:14.684
40.36;117;buy;12:55:14.936
40.36;1;buy;12:55:15.145
40.355;150;sell;12:55:16.377
40.36;1;buy;12:55:16.469
40.36;27;buy;12:55:19.283
40.36;500;buy;12:55:20.700
40.355;10;sell;12:55:21.418
40.36;106;buy;12:55:21.552
40.36;182;buy;12:55:21.582
40.36;180;buy;12:55:21.623
40.375;64;buy;12:55:24.382
40.385;10;buy;12:55:24.501
40.38;322;sell;12:55:26.419
40.375;5;buy;12:55:28.888
40.375;3700;buy;12:55:29.753
40.385;125;buy;12:55:30.268
40.385;27;buy;12:55:30.270
40.385;5;buy;12:55:33.885
40.375;437;buy;12:55:37.315
40.38;65;buy;12:55:39.383
40.38;27;buy;12:55:41.274
40.38;1;buy;12:55:47.806
40.38;2000;buy;12:55:48.433
40.385;1;buy;12:55:48.459
40.385;1;buy;12:55:49.331
40.385;27;buy;12:55:52.285
40.385;1;buy;12:55:52.848
40.37;218;sell;12:55:53.137
40.385;64;buy;12:55:54.381
40.385;1;buy;12:55:56.002
40.385;483;buy;12:55:56.409
40.38;3;buy;12:55:57.578
40.38;27;buy;12:56:03.281
40.38;1;buy;12:56:06.493
40.38;2;buy;12:56:07.193
40.38;50;buy;12:56:07.646
40.385;65;buy;12:56:09.402
40.385;3;buy;12:56:10.052
40.385;10;buy;12:56:13.160
40.385;2;buy;12:56:14.128
40.385;26;buy;12:56:14.291
40.385;10;buy;12:56:14.681
40.385;3;buy;12:56:16.623
40.38;150;sell;12:56:17.814
40.385;65;buy;12:56:24.403
40.385;27;buy;12:56:25.288
40.385;20;buy;12:56:25.473
40.385;3;buy;12:56:26.433
40.385;70;buy;12:56:28.002
40.38;100;sell;12:56:28.234
40.38;190;buy;12:56:31.475
40.38;4;sell;12:56:33.204
40.385;200;buy;12:56:33.954
40.385;27;buy;12:56:36.292
40.385;5;buy;12:56:37.066
40.385;64;buy;12:56:39.421
40.385;1303;buy;12:56:39.662
40.39;3;buy;12:56:39.803
40.4;27;buy;12:56:47.298
40.405;2000;buy;12:56:50.488
40.415;65;buy;12:56:54.410
40.415;27;buy;12:56:58.291
40.4;5;buy;12:57:05.961
40.405;20;sell;12:57:08.531
40.4;35;sell;12:57:08.535
40.405;1;buy;12:57:08.545
40.39;102;sell;12:57:09.243
40.395;27;buy;12:57:09.314
40.395;64;buy;12:57:09.423
40.395;5;buy;12:57:11.254
40.395;1;buy;12:57:13.434
40.395;8;buy;12:57:14.710
40.395;15;buy;12:57:16.671
40.395;5;buy;12:57:18.716
40.395;27;buy;12:57:20.299
40.395;125;buy;12:57:20.385
40.415;2;buy;12:57:20.702
40.41;1;buy;12:57:24.316
40.41;65;buy;12:57:24.424
40.405;1;buy;12:57:30.877
40.405;27;buy;12:57:31.310
40.405;100;buy;12:57:36.578
40.405;2;buy;12:57:37.320
40.405;65;buy;12:57:39.430
40.405;20;buy;12:57:40.328
40.4;40;sell;12:57:41.723
40.405;27;buy;12:57:42.307
40.405;27;buy;12:57:42.623
40.41;35;buy;12:57:44.073
40.41;139;buy;12:57:44.123
40.415;10;buy;12:57:44.223
40.42;357;buy;12:57:45.762
40.425;300;sell;12:57:45.763
40.43;19;buy;12:57:45.868
40.435;400;buy;12:57:46.049
40.435;100;buy;12:57:46.101
40.435;15;sell;12:57:51.123
40.43;5;sell;12:57:51.182
40.425;27;buy;12:57:53.315
40.425;64;buy;12:57:54.429
40.425;1236;buy;12:57:54.581
40.43;132;buy;12:57:57.862
40.43;20;buy;12:58:01.440
40.43;5;sell;12:58:03.012
40.435;1236;buy;12:58:04.019
40.44;27;buy;12:58:04.315
40.44;1;buy;12:58:05.341
40.44;367;buy;12:58:08.446
40.44;65;buy;12:58:09.451
40.43;100;sell;12:58:13.358
40.44;25;buy;12:58:14.668
40.44;27;buy;12:58:15.308
40.43;15;sell;12:58:15.900
40.43;28;sell;12:58:15.906
40.435;1;buy;12:58:17.350
40.435;3;buy;12:58:18.758
40.435;1;buy;12:58:21.572
40.435;65;buy;12:58:24.438
40.435;26;buy;12:58:26.316
40.435;1;buy;12:58:27.525
40.435;1;buy;12:58:27.575
40.43;2500;sell;12:58:28.734
40.425;24;buy;12:58:29.339
40.41;1000;buy;12:58:31.384
40.415;736;buy;12:58:36.417
40.425;27;buy;12:58:37.315
40.425;1;buy;12:58:39.053
40.425;64;buy;12:58:39.444
40.42;20;sell;12:58:40.003
40.43;77;buy;12:58:46.462
40.435;27;buy;12:58:48.324
40.435;185;buy;12:58:50.023
40.42;10;sell;12:58:50.397
40.435;1;buy;12:58:50.726
40.43;65;buy;12:58:54.472
40.43;517;buy;12:58:55.061
40.43;3;buy;12:58:57.377
40.43;27;buy;12:58:59.314
40.43;110;buy;12:59:00.780
40.43;4000;buy;12:59:05.009
40.44;150;buy;12:59:05.054
40.44;64;buy;12:59:09.462
40.44;27;buy;12:59:10.339
40.44;3;buy;12:59:12.690
40.44;420;buy;12:59:14.934
40.44;3;buy;12:59:17.690
40.44;50;buy;12:59:20.054
40.44;27;buy;12:59:21.324
40.44;3;buy;12:59:22.921
40.435;40;sell;12:59:23.265
40.43;28;buy;12:59:23.641
40.43;65;buy;12:59:24.462
40.44;4;buy;12:59:28.312
40.425;28;sell;12:59:30.618
40.425;27;buy;12:59:32.322
40.425;10;buy;12:59:39.152
40.425;65;buy;12:59:39.476
40.43;3;buy;12:59:42.400
40.43;27;buy;12:59:43.334
40.43;10;buy;12:59:45.225
40.43;5;buy;12:59:52.160
40.43;2;buy;12:59:52.708
40.43;100;buy;12:59:53.987
40.43;27;buy;12:59:54.334
40.43;64;buy;12:59:54.472
40.425;621;buy;12:59:56.911
40.43;2;buy;13:00:02.275
40.43;10;buy;13:00:04.158
40.42;82;sell;13:00:04.186
40.415;27;buy;13:00:05.340
40.415;65;buy;13:00:09.483
40.415;3;buy;13:00:11.948
40.415;123;buy;13:00:12.291
40.41;54;sell;13:00:15.415
40.42;27;buy;13:00:16.329
40.42;1200;buy;13:00:16.344
40.43;1;buy;13:00:23.672
40.43;64;buy;13:00:24.487
40.43;1;buy;13:00:24.557
40.415;10;sell;13:00:25.581
40.425;35;buy;13:00:26.184
40.425;27;buy;13:00:27.334
40.415;223;sell;13:00:27.908
40.415;840;sell;13:00:27.938
40.405;300;sell;13:00:27.959
40.405;54;sell;13:00:28.654
40.405;56;sell;13:00:28.858
40.405;11;sell;13:00:28.934
40.405;108;sell;13:00:28.935
40.405;56;sell;13:00:29.063
40.405;27;sell;13:00:29.245
40.405;8;sell;13:00:29.267
40.405;1842;sell;13:00:29.346
40.395;10;sell;13:00:30.384
40.4;10;buy;13:00:31.423
40.395;46;sell;13:00:37.288
40.4;26;buy;13:00:38.344
40.4;65;buy;13:00:39.495
40.395;297;sell;13:00:41.582
40.395;610;sell;13:00:41.623
40.395;334;sell;13:00:42.482
40.395;641;sell;13:00:42.523
40.395;3;buy;13:00:42.839
40.39;113;sell;13:00:43.381
40.39;1;buy;13:00:46.374
40.39;1;buy;13:00:46.467
40.39;27;buy;13:00:49.343
40.39;3;buy;13:00:52.089
40.39;65;buy;13:00:54.497
40.385;45;sell;13:00:57.782
40.39;27;buy;13:01:00.340
40.385;5;sell;13:01:01.050
40.39;100;buy;13:01:01.567
40.385;248;sell;13:01:01.782
40.385;122;sell;13:01:02.182
40.38;5;buy;13:01:05.383
40.375;124;sell;13:01:08.093
40.375;51;sell;13:01:08.282
40.38;64;buy;13:01:09.507
40.375;48;sell;13:01:09.921
40.37;300;sell;13:01:10.082
40.365;197;sell;13:01:11.145
40.355;5;sell;13:01:11.175
40.35;104;sell;13:01:11.205
40.355;27;buy;13:01:11.346
40.35;11;sell;13:01:12.036
40.35;1;sell;13:01:12.571
40.34;1985;sell;13:01:12.711
40.305;24;sell;13:01:12.830
40.31;148;buy;13:01:12.924
40.31;3;buy;13:01:13.606
40.31;173;buy;13:01:13.882
40.31;124;buy;13:01:14.081
40.31;1169;buy;13:01:14.121
40.315;248;buy;13:01:14.181
40.32;124;buy;13:01:14.182
40.325;132;buy;13:01:15.121
40.33;8;buy;13:01:16.512
40.325;10;sell;13:01:21.407
40.33;27;buy;13:01:22.343
40.33;12;buy;13:01:24.477
40.34;65;buy;13:01:24.510
40.33;3;sell;13:01:27.073
40.34;1668;buy;13:01:28.054
40.335;1165;sell;13:01:30.941
40.33;1;sell;13:01:30.982
40.33;124;sell;13:01:31.981
40.33;27;buy;13:01:33.351
40.33;1606;buy;13:01:34.054
40.325;4;sell;13:01:34.430
40.325;72;sell;13:01:36.381
40.31;10;buy;13:01:38.017
40.305;64;buy;13:01:39.513
40.305;1;buy;13:01:44.071
40.305;715;buy;13:01:44.121
40.31;27;buy;13:01:44.353
40.31;10;buy;13:01:44.367
40.305;16;buy;13:01:46.492
40.3;923;sell;13:01:46.534
40.295;2391;sell;13:01:46.736
40.275;418;sell;13:01:46.904
40.275;2400;sell;13:01:50.527
40.29;65;buy;13:01:54.523
40.29;27;buy;13:01:55.351
40.295;1;buy;13:01:58.226
40.285;20;sell;13:02:00.297
40.295;1217;buy;13:02:01.190
40.285;1;sell;13:02:03.223
40.285;124;sell;13:02:03.381
40.29;1511;buy;13:02:04.055
40.29;695;buy;13:02:04.171
40.29;99;buy;13:02:04.372
40.295;27;buy;13:02:06.352
40.295;495;buy;13:02:09.121
40.315;65;buy;13:02:09.536
40.295;22;sell;13:02:13.627
40.295;31;sell;13:02:13.660
40.295;101;sell;13:02:13.811
40.295;124;sell;13:02:13.981
40.295;200;sell;13:02:14.401
40.295;293;sell;13:02:14.411
40.295;195;sell;13:02:14.413
40.295;87;sell;13:02:14.425
40.275;143;sell;13:02:14.531
40.27;6;sell;13:02:14.571
40.27;173;sell;13:02:14.583
40.265;167;sell;13:02:14.822
40.265;119;sell;13:02:14.862
40.265;10;buy;13:02:14.961
40.265;3;buy;13:02:14.964
40.26;114;sell;13:02:15.114
40.26;105;sell;13:02:15.176
40.26;167;sell;13:02:15.697
40.26;103;sell;13:02:15.816
40.255;17;sell;13:02:16.021
40.25;43;sell;13:02:16.119
40.24;157;sell;13:02:16.167
40.24;33;sell;13:02:16.178
40.235;23;sell;13:02:16.190
40.23;201;sell;13:02:16.228
40.22;164;sell;13:02:16.282
40.22;3;sell;13:02:16.297
40.22;34;sell;13:02:16.313
40.215;36;buy;13:02:16.346
40.21;1500;sell;13:02:16.377
40.215;3783;buy;13:02:17.055
40.23;1;buy;13:02:17.171
40.23;27;buy;13:02:17.360
40.225;5;buy;13:02:18.010
40.23;1;buy;13:02:19.036
40.23;8;buy;13:02:19.071
40.225;855;sell;13:02:22.336
40.225;81;sell;13:02:22.891
40.23;64;buy;13:02:24.534
40.225;1832;sell;13:02:25.378
40.215;1337;sell;13:02:25.378
40.205;150;sell;13:02:25.478
40.21;54;sell;13:02:26.817
40.22;213;buy;13:02:28.071
40.225;8;buy;13:02:28.330
40.225;27;buy;13:02:28.490
40.215;1;sell;13:02:28.751
40.215;4000;sell;13:02:32.470
40.215;1;buy;13:02:33.385
40.215;1;buy;13:02:33.703
40.205;50;sell;13:02:34.368
40.215;31;buy;13:02:34.417
40.205;4;buy;13:02:37.836
40.21;27;buy;13:02:39.369
40.215;65;buy;13:02:39.543
40.205;100;sell;13:02:39.878
40.205;1217;sell;13:02:40.966
40.215;8;buy;13:02:41.675
40.205;540;sell;13:02:42.780
40.2;1;sell;13:02:44.023
40.2;80;sell;13:02:44.389
40.2;4;sell;13:02:44.936
40.2;174;sell;13:02:44.982
40.2;181;sell;13:02:45.621
40.2;38;sell;13:02:46.399
40.205;15;buy;13:02:46.989
40.205;10;buy;13:02:47.166
40.205;120;buy;13:02:48.038
40.205;37;buy;13:02:49.971
40.205;124;buy;13:02:50.082
40.205;25;buy;13:02:50.295
40.205;26;buy;13:02:50.371
40.205;1000;buy;13:02:51.106
40.2;3000;sell;13:02:52.018
40.215;28;buy;13:02:54.067
40.215;64;buy;13:02:54.545
40.215;10;buy;13:02:57.042
40.215;4;buy;13:02:57.894
40.22;27;buy;13:03:01.367
40.22;1;buy;13:03:05.151
40.22;20;buy;13:03:06.886
40.22;65;buy;13:03:09.560
40.215;34;sell;13:03:10.680
40.22;248;buy;13:03:11.566
40.22;29;buy;13:03:12.236
40.235;27;buy;13:03:12.377
40.215;1;sell;13:03:12.676
40.23;200;sell;13:03:16.000
40.24;156;buy;13:03:16.090
40.245;141;buy;13:03:16.346
40.25;128;buy;13:03:16.597
40.25;115;buy;13:03:16.848
40.245;104;buy;13:03:17.358
40.245;1;buy;13:03:19.011
40.24;150;sell;13:03:20.070
40.24;3074;sell;13:03:21.511
40.225;27;buy;13:03:23.381
40.225;105;buy;13:03:24.036
40.225;65;buy;13:03:24.562
40.22;79;buy;13:03:27.036
40.22;84;buy;13:03:27.258
40.225;150;buy;13:03:28.229
40.225;8;buy;13:03:30.911
40.225;1;sell;13:03:31.934
40.23;27;buy;13:03:34.376
40.235;43;buy;13:03:35.304
40.235;25;buy;13:03:38.142
40.235;64;buy;13:03:39.562
40.235;482;buy;13:03:42.568
40.235;27;buy;13:03:45.380
40.23;165;buy;13:03:48.065
40.235;65;buy;13:03:54.572
40.24;27;buy;13:03:56.384
40.24;27;buy;13:04:07.389
40.24;48;buy;13:04:08.245
40.26;65;buy;13:04:09.613
40.265;250;buy;13:04:09.688
40.265;5;buy;13:04:11.045
40.265;13;buy;13:04:13.441
40.255;3;sell;13:04:14.062
40.26;25;buy;13:04:15.127
40.26;1;buy;13:04:16.685
40.26;27;buy;13:04:18.386
40.26;129;buy;13:04:20.501
40.26;116;buy;13:04:20.758
40.26;51;buy;13:04:21.009
40.27;124;buy;13:04:23.588
40.27;52;buy;13:04:23.844
40.275;60;buy;13:04:23.845
40.275;64;buy;13:04:24.581
40.28;1;buy;13:04:25.154
40.28;78;buy;13:04:25.679
40.28;174;sell;13:04:28.121
40.275;99;sell;13:04:29.121
40.28;27;buy;13:04:29.384
40.26;10;sell;13:04:31.121
40.245;641;sell;13:04:32.121
40.235;3;sell;13:04:33.121
40.23;2;sell;13:04:34.121
40.24;5;buy;13:04:34.660
40.225;525;sell;13:04:35.121
40.22;250;sell;13:04:36.121
40.225;1882;buy;13:04:37.059
40.215;20;sell;13:04:37.368
40.225;8;buy;13:04:37.382
40.235;65;buy;13:04:39.595
40.235;27;buy;13:04:40.398
40.235;474;buy;13:04:47.429
40.235;26;sell;13:04:48.260
40.25;135;buy;13:04:48.298
40.25;122;buy;13:04:48.554
40.255;6;buy;13:04:48.682
40.26;1;buy;13:04:48.925
40.265;1;buy;13:04:48.926
40.27;109;buy;13:04:49.176
40.27;171;sell;13:04:50.121
40.27;8;buy;13:04:51.397
40.27;19;buy;13:04:51.397
40.26;146;sell;13:04:52.121
40.26;54;buy;13:04:52.682
40.265;64;buy;13:04:54.589
40.25;13;sell;13:04:57.738
40.25;12;sell;13:04:57.910
40.25;12;sell;13:04:58.064
40.25;12;sell;13:04:58.247
40.265;3000;buy;13:05:00.250
40.28;16;sell;13:05:02.081
40.285;27;buy;13:05:02.410
40.285;106;buy;13:05:02.782
40.28;100;sell;13:05:04.776
40.28;104;sell;13:05:05.070
40.28;1;buy;13:05:07.141
40.28;10;buy;13:05:07.603
40.285;8;buy;13:05:07.782
40.285;5;buy;13:05:08.169
40.29;1;buy;13:05:09.548
40.29;65;buy;13:05:09.596
40.29;1;buy;13:05:12.125
40.29;26;buy;13:05:13.396
40.29;2000;buy;13:05:15.951
40.29;8;sell;13:05:17.618
40.295;166;buy;13:05:19.182
40.3;16;buy;13:05:19.282
40.31;147;buy;13:05:19.323
40.305;1;sell;13:05:19.429
40.31;8;buy;13:05:19.882
40.295;106;sell;13:05:20.811
40.305;27;buy;13:05:24.394
40.305;65;buy;13:05:24.609
40.305;8;buy;13:05:24.723
40.31;150;buy;13:05:25.282
40.31;293;buy;13:05:25.323
40.315;65;buy;13:05:25.482
40.305;233;buy;13:05:26.582
40.31;65;buy;13:05:26.623
40.31;751;buy;13:05:33.224
40.32;57;buy;13:05:33.282
40.33;500;buy;13:05:34.268
40.33;3342;buy;13:05:34.895
40.345;54;buy;13:05:34.923
40.355;27;buy;13:05:35.408
40.355;10;buy;13:05:35.541
40.34;53;sell;13:05:38.792
40.36;64;buy;13:05:39.614
40.36;3200;buy;13:05:45.970
40.375;27;buy;13:05:46.398
40.36;13;sell;13:05:48.462
40.37;2;buy;13:05:49.092
40.37;1;buy;13:05:49.099
40.36;10;sell;13:05:52.155
40.36;10;sell;13:05:53.695
40.37;139;buy;13:05:54.362
40.375;22;buy;13:05:54.549
40.375;65;buy;13:05:54.609
40.375;127;buy;13:05:54.618
40.38;294;buy;13:05:54.868
40.395;105;buy;13:05:55.407
40.395;27;buy;13:05:57.402
40.395;97;buy;13:05:58.588
40.395;111;buy;13:05:59.464
40.395;101;sell;13:06:01.121
40.385;15;buy;13:06:03.501
40.37;50;sell;13:06:07.289
40.385;27;buy;13:06:08.418
40.385;64;buy;13:06:09.642
40.38;500;sell;13:06:11.228
40.37;160;sell;13:06:12.121
40.365;100;buy;13:06:14.759
40.365;1;buy;13:06:15.243
40.36;27;buy;13:06:19.407
40.365;94;buy;13:06:24.543
40.365;65;buy;13:06:24.624
40.365;40;buy;13:06:24.982
40.36;70;sell;13:06:25.073
40.36;12;sell;13:06:26.630
40.365;10;sell;13:06:30.011
40.375;27;buy;13:06:30.411
40.37;91;sell;13:06:31.121
40.36;2;buy;13:06:34.257
40.365;7;buy;13:06:35.482
40.365;65;buy;13:06:39.641
40.37;27;buy;13:06:41.419
40.36;91;sell;13:06:50.121
40.36;27;buy;13:06:52.419
40.355;1;sell;13:06:53.574
40.36;64;buy;13:06:54.637
40.36;280;buy;13:07:00.008
40.36;134;buy;13:07:00.401
40.36;122;buy;13:07:00.658
40.36;111;buy;13:07:00.910
40.36;2;buy;13:07:00.957
40.355;8;sell;13:07:02.770
40.355;109;sell;13:07:03.070
40.345;27;buy;13:07:03.416
40.345;10;buy;13:07:04.740
40.345;894;buy;13:07:06.654
40.35;65;buy;13:07:09.648
40.355;40;buy;13:07:11.733
40.35;27;buy;13:07:14.421
40.36;53;buy;13:07:18.387
40.35;210;sell;13:07:18.501
40.36;137;buy;13:07:18.640
40.365;125;buy;13:07:18.891
40.365;200;buy;13:07:19.099
40.365;164;buy;13:07:19.142
40.365;150;buy;13:07:19.395
40.365;137;buy;13:07:19.645
40.365;124;buy;13:07:19.896
40.37;1;buy;13:07:20.146
40.39;113;buy;13:07:21.073
40.385;2;sell;13:07:23.639
40.385;102;buy;13:07:24.592
40.385;64;buy;13:07:24.652
40.39;26;buy;13:07:25.420
40.39;156;buy;13:07:27.582
40.39;67;buy;13:07:31.427
40.4;5;buy;13:07:31.539
40.4;6;buy;13:07:31.574
40.4;112;buy;13:07:31.834
40.405;11;buy;13:07:32.042
40.405;38;buy;13:07:32.798
40.395;1535;sell;13:07:34.342
40.395;27;buy;13:07:36.425
40.39;65;sell;13:07:37.036
40.385;102;sell;13:07:38.036
40.38;350;sell;13:07:38.100
40.385;65;buy;13:07:39.655
40.385;7;buy;13:07:39.875
40.385;137;buy;13:07:40.030
40.385;124;buy;13:07:40.285
40.385;113;buy;13:07:40.536
40.38;82;sell;13:07:42.036
40.365;9;sell;13:07:42.877
40.375;138;buy;13:07:45.086
40.375;15;buy;13:07:45.640
40.375;108;buy;13:07:45.731
40.38;27;buy;13:07:47.429
40.38;98;buy;13:07:49.666
40.38;1799;buy;13:07:49.954
40.39;65;buy;13:07:54.664
40.39;141;buy;13:07:56.458
40.395;161;buy;13:07:56.713
40.395;20;buy;13:07:56.763
40.395;3;buy;13:07:56.813
40.395;103;buy;13:07:56.816
40.395;327;buy;13:07:56.823
40.395;147;buy;13:07:56.967
40.385;16;sell;13:07:57.071
40.385;49;sell;13:07:57.136
40.395;133;buy;13:07:57.219
40.395;121;buy;13:07:57.469
40.39;175;sell;13:07:57.936
40.395;27;buy;13:07:58.423
40.39;100;sell;13:07:59.536
40.38;156;sell;13:08:01.336
40.375;32;sell;13:08:01.536
40.37;184;sell;13:08:01.736
40.37;234;sell;13:08:02.036
40.37;110;buy;13:08:04.947
40.36;100;sell;13:08:07.036
40.37;27;buy;13:08:09.430
40.37;64;buy;13:08:09.671
40.37;142;buy;13:08:14.447
40.37;129;buy;13:08:14.705
40.37;117;buy;13:08:14.985
40.365;106;sell;13:08:15.736
40.36;97;sell;13:08:16.036
40.37;7;buy;13:08:16.687
40.365;5;sell;13:08:17.036
40.36;24;buy;13:08:17.632
40.36;105;buy;13:08:18.201
40.36;35;buy;13:08:18.203
40.36;71;buy;13:08:18.210
40.36;5;buy;13:08:18.428
40.36;35;buy;13:08:18.563
40.36;7;buy;13:08:18.610
40.36;14;buy;13:08:18.715
40.36;27;buy;13:08:20.434
40.36;2;buy;13:08:20.544
40.355;18;sell;13:08:20.599
40.36;65;buy;13:08:24.669
40.375;86;buy;13:08:28.093
40.36;20;sell;13:08:29.879
40.375;27;buy;13:08:31.443
40.375;223;buy;13:08:31.609
40.375;140;buy;13:08:33.406
40.375;127;buy;13:08:33.662
40.39;115;buy;13:08:33.914
40.39;105;buy;13:08:34.723
40.39;132;buy;13:08:37.593
40.39;120;buy;13:08:37.847
40.39;109;buy;13:08:38.100
40.385;1;sell;13:08:39.120
40.395;64;buy;13:08:39.687
40.385;156;sell;13:08:40.136
40.39;1;buy;13:08:40.920
40.385;4;buy;13:08:41.089
40.39;171;buy;13:08:41.239
40.39;19;buy;13:08:41.260
40.39;109;buy;13:08:41.444
40.39;743;buy;13:08:42.358
40.395;27;buy;13:08:42.445
40.395;150;buy;13:08:42.587
40.395;136;buy;13:08:42.843
40.395;124;buy;13:08:43.095
40.395;112;buy;13:08:43.347
40.395;223;buy;13:08:44.199
40.395;102;buy;13:08:44.207
40.39;17;sell;13:08:45.144
40.39;65;sell;13:08:45.337
40.39;8;buy;13:08:45.501
40.39;2;buy;13:08:45.549
40.38;243;sell;13:08:47.036
40.375;79;sell;13:08:47.437
40.375;79;sell;13:08:47.637
40.385;5;buy;13:08:47.739
40.38;79;sell;13:08:48.537
40.375;79;sell;13:08:48.637
40.375;79;sell;13:08:48.737
40.375;79;sell;13:08:48.837
40.375;79;sell;13:08:48.937
40.365;1;sell;13:08:49.036
40.37;5;buy;13:08:49.240
40.365;4;sell;13:08:49.436
40.365;15;sell;13:08:49.536
40.37;5;buy;13:08:50.020
40.37;152;buy;13:08:50.142
40.37;138;buy;13:08:50.395
40.37;125;buy;13:08:50.647
40.37;114;buy;13:08:50.898
40.37;8;buy;13:08:51.947
40.37;27;buy;13:08:53.452
40.37;104;buy;13:08:54.371
40.37;65;buy;13:08:54.693
40.37;10;buy;13:08:55.267
40.37;77;sell;13:08:58.737
40.38;138;buy;13:08:58.987
40.385;126;buy;13:08:59.239
40.38;78;sell;13:08:59.537
40.38;1;sell;13:08:59.970
40.385;107;buy;13:09:00.220
40.38;5;sell;13:09:00.284
40.38;10;sell;13:09:00.536
40.38;78;sell;13:09:00.537
40.37;78;sell;13:09:01.237
40.37;78;sell;13:09:01.337
40.37;2;sell;13:09:01.437
40.365;78;sell;13:09:02.037
40.365;65;sell;13:09:02.137
40.36;79;sell;13:09:02.337
40.36;79;sell;13:09:02.637
40.36;79;sell;13:09:02.737
40.36;79;sell;13:09:02.837
40.36;69;sell;13:09:03.137
40.36;10;buy;13:09:03.524
40.355;79;sell;13:09:03.537
40.345;4;sell;13:09:04.414
40.36;27;buy;13:09:04.446
40.36;65;buy;13:09:09.692
40.35;76;sell;13:09:12.637
40.36;535;buy;13:09:15.334
40.36;27;buy;13:09:15.448
40.365;15;buy;13:09:22.201
40.37;64;buy;13:09:24.689
40.37;27;buy;13:09:26.453
40.36;61;sell;13:09:29.057
40.365;1;buy;13:09:34.068
40.36;74;buy;13:09:35.728
40.36;26;buy;13:09:37.447
40.35;53;sell;13:09:39.103
40.36;65;buy;13:09:39.710
40.36;80;buy;13:09:44.932
40.365;27;buy;13:09:48.454
40.36;65;buy;13:09:54.708
40.37;27;buy;13:09:59.457
40.36;4949;sell;13:10:00.043
40.355;17;buy;13:10:03.997
40.335;220;sell;13:10:08.547
40.33;14;sell;13:10:09.271
40.34;64;buy;13:10:09.728
40.34;27;buy;13:10:10.450
40.325;5;sell;13:10:10.971
40.32;2;sell;13:10:11.071
40.315;12;sell;13:10:11.271
40.31;1;sell;13:10:11.336
40.315;986;buy;13:10:11.714
40.325;1;sell;13:10:19.784
40.34;27;buy;13:10:21.465
40.34;228;buy;13:10:23.390
40.35;2;buy;13:10:24.179
40.35;65;buy;13:10:24.718
40.345;3;buy;13:10:28.140
40.345;27;buy;13:10:32.465
40.34;181;sell;13:10:35.271
40.335;10;buy;13:10:35.918
40.335;3;buy;13:10:36.421
40.335;5;buy;13:10:37.234
40.33;31;sell;13:10:38.499
40.325;10;buy;13:10:39.300
40.325;1;buy;13:10:39.363
40.325;64;buy;13:10:39.740
40.325;27;buy;13:10:41.882
40.325;124;buy;13:10:41.982
40.345;35;buy;13:10:42.137
40.34;27;buy;13:10:43.460
40.33;1;buy;13:10:46.436
40.325;2933;sell;13:10:49.360
40.325;1;buy;13:10:51.194
40.325;27;buy;13:10:54.467
40.32;65;buy;13:10:54.727
40.31;503;sell;13:10:55.571
40.315;1;buy;13:10:57.494
40.315;10;buy;13:11:00.012
40.31;32;sell;13:11:02.513
40.315;13;buy;13:11:05.436
40.315;27;buy;13:11:05.466
40.315;1;buy;13:11:09.287
40.315;65;buy;13:11:09.734
40.315;59;buy;13:11:11.471
40.315;27;buy;13:11:16.471
40.315;46;buy;13:11:17.770
40.33;1;buy;13:11:21.993
40.325;7;buy;13:11:23.837
40.325;64;buy;13:11:24.736
40.325;27;buy;13:11:27.480
40.325;34;sell;13:11:34.191
40.325;31;sell;13:11:34.223
40.325;31;sell;13:11:34.253
40.325;31;sell;13:11:34.262
40.325;31;sell;13:11:34.267
40.325;248;sell;13:11:35.271
40.315;15;sell;13:11:36.671
40.315;27;buy;13:11:38.473
40.315;1;buy;13:11:38.679
40.315;20;buy;13:11:38.932
40.315;65;buy;13:11:39.743
40.31;44;sell;13:11:42.713
40.31;31;sell;13:11:43.928
40.31;31;sell;13:11:43.933
40.31;31;sell;13:11:43.937
40.31;31;sell;13:11:43.940
40.31;31;sell;13:11:43.944
40.31;31;sell;13:11:43.966
40.31;31;sell;13:11:44.004
40.31;201;sell;13:11:44.118
40.31;31;sell;13:11:44.160
40.31;496;sell;13:11:44.181
40.31;217;sell;13:11:44.182
40.305;5;sell;13:11:44.482
40.305;100;buy;13:11:45.689
40.305;26;buy;13:11:49.473
40.305;1;buy;13:11:52.677
40.305;3;buy;13:11:53.589
40.3;200;sell;13:11:54.502
40.305;64;buy;13:11:54.776
40.305;27;buy;13:12:00.477
40.3;10;sell;13:12:03.470
40.305;100;buy;13:12:05.296
40.305;248;buy;13:12:09.036
40.305;65;buy;13:12:09.763
40.31;27;buy;13:12:11.484
40.3;89;sell;13:12:15.723
40.295;5;sell;13:12:15.782
40.29;16;sell;13:12:15.882
40.285;98;sell;13:12:16.782
40.285;1;sell;13:12:16.823
40.28;15;sell;13:12:16.923
40.275;1;buy;13:12:17.207
40.275;695;buy;13:12:17.736
40.28;5;buy;13:12:18.688
40.275;27;buy;13:12:22.478
40.27;31;sell;13:12:23.316
40.27;31;sell;13:12:23.376
40.27;31;sell;13:12:23.384
40.27;34;sell;13:12:23.393
40.27;31;sell;13:12:23.416
40.265;9;sell;13:12:23.439
40.26;27;sell;13:12:23.460
40.255;6;sell;13:12:23.483
40.25;125;sell;13:12:23.510
40.255;5;buy;13:12:23.610
40.25;111;sell;13:12:23.862
40.25;12;sell;13:12:23.900
40.24;11;sell;13:12:23.911
40.24;34;sell;13:12:24.506
40.23;380;sell;13:12:24.516
40.225;3;buy;13:12:24.667
40.225;65;buy;13:12:24.767
40.22;145;sell;13:12:25.097
40.22;55;sell;13:12:25.134
40.225;1;buy;13:12:26.790
40.225;696;buy;13:12:26.936
40.225;372;buy;13:12:27.081
40.225;1987;buy;13:12:29.805
40.25;91;buy;13:12:32.481
40.24;217;buy;13:12:33.269
40.26;27;buy;13:12:33.503
40.255;100;sell;13:12:37.792
40.255;400;sell;13:12:37.793
40.255;10;sell;13:12:37.960
40.265;64;buy;13:12:39.006
40.265;799;buy;13:12:39.448
40.275;64;buy;13:12:39.780
40.275;50;buy;13:12:42.314
40.275;100;buy;13:12:42.525
40.27;100;sell;13:12:43.028
40.275;27;buy;13:12:44.483
40.275;4;buy;13:12:45.894
40.27;5185;sell;13:12:45.898
40.25;15;sell;13:12:45.905
40.255;163;buy;13:12:46.088
40.255;5;buy;13:12:46.309
40.245;201;sell;13:12:46.709
40.255;50;buy;13:12:46.820
40.245;5;buy;13:12:49.166
40.24;35;sell;13:12:50.902
40.245;100;buy;13:12:52.435
40.245;952;buy;13:12:52.683
40.255;106;buy;13:12:54.723
40.255;65;buy;13:12:54.772
40.255;129;buy;13:12:54.982
40.275;27;buy;13:12:55.494
40.275;100;buy;13:13:00.002
40.275;27;buy;13:13:06.488
40.27;5;buy;13:13:06.671
40.27;64;buy;13:13:09.802
40.27;151;buy;13:13:12.283
40.28;27;buy;13:13:17.502
40.285;28;buy;13:13:18.571
40.29;1;buy;13:13:19.238
40.29;235;buy;13:13:19.472
40.295;101;buy;13:13:21.431
40.31;65;buy;13:13:24.796
40.29;2285;sell;13:13:25.371
40.295;1000;buy;13:13:26.546
40.285;18;sell;13:13:27.929
40.31;27;buy;13:13:28.505
40.31;589;buy;13:13:28.672
40.31;411;sell;13:13:31.336
40.3;40;buy;13:13:34.813
40.295;20;sell;13:13:37.169
40.3;27;buy;13:13:39.507
40.3;65;buy;13:13:39.788
40.3;35;buy;13:13:41.363
40.305;162;buy;13:13:44.827
40.3;20;sell;13:13:45.750
40.31;27;buy;13:13:50.495
40.315;64;buy;13:13:54.803
40.315;5;buy;13:13:55.597
40.315;22;buy;13:13:58.871
40.32;26;buy;13:14:01.601
40.32;1;buy;13:14:01.982
40.325;27;buy;13:14:06.782
40.33;15;buy;13:14:08.123
40.33;11;buy;13:14:09.571
40.335;65;buy;13:14:09.823
40.335;100;buy;13:14:11.529
40.34;27;buy;13:14:12.507
40.335;10;sell;13:14:12.903
40.34;600;sell;13:14:13.099
40.335;200;sell;13:14:13.350
40.34;200;sell;13:14:13.600
40.335;200;sell;13:14:13.851
40.325;200;sell;13:14:14.102
40.31;200;sell;13:14:14.352
40.305;200;sell;13:14:14.603
40.3;200;sell;13:14:14.853
40.31;200;sell;13:14:15.104
40.32;2;buy;13:14:15.189
40.295;200;sell;13:14:15.354
40.295;200;sell;13:14:15.605
40.295;200;sell;13:14:15.855
40.295;200;sell;13:14:16.106
40.295;87;sell;13:14:16.356
40.28;200;sell;13:14:16.607
40.275;200;sell;13:14:16.857
40.29;1;buy;13:14:16.861
40.275;200;sell;13:14:17.108
40.275;200;sell;13:14:17.358
40.275;200;sell;13:14:17.609
40.275;8;sell;13:14:17.860
40.27;5;sell;13:14:18.111
40.265;200;sell;13:14:19.062
40.27;150;buy;13:14:20.845
40.27;10;buy;13:14:22.740
40.27;27;buy;13:14:23.510
40.28;64;buy;13:14:24.813
40.28;1;buy;13:14:26.101
40.275;5;sell;13:14:29.777
40.265;33;sell;13:14:30.172
40.265;285;sell;13:14:30.636
40.265;447;sell;13:14:31.323
40.265;43;sell;13:14:31.382
40.255;18;sell;13:14:31.682
40.25;365;sell;13:14:31.782
40.245;696;sell;13:14:32.171
40.245;447;sell;13:14:32.223
40.245;458;sell;13:14:32.282
40.245;1;sell;13:14:32.296
40.25;150;buy;13:14:32.358
40.245;50;sell;13:14:33.979
40.25;27;buy;13:14:34.519
40.25;1;buy;13:14:37.670
40.25;2;buy;13:14:38.120
40.25;3;buy;13:14:38.150
40.25;65;buy;13:14:39.825
40.255;470;buy;13:14:42.434
40.26;5;buy;13:14:43.681
40.275;22;sell;13:14:43.978
40.275;27;buy;13:14:45.512
40.275;646;buy;13:14:46.477
40.29;4;buy;13:14:50.404
40.275;100;sell;13:14:51.067
40.29;3;buy;13:14:51.234
40.29;2;buy;13:14:51.263
40.275;300;sell;13:14:52.013
40.29;1;buy;13:14:52.205
40.27;1;sell;13:14:53.495
40.275;65;buy;13:14:54.827
40.275;27;buy;13:14:56.514
40.27;100;buy;13:14:58.151
40.265;5;sell;13:15:00.594
40.25;3;sell;13:15:00.925
40.255;1587;buy;13:15:01.157
40.26;26;buy;13:15:02.553
40.25;91;sell;13:15:05.442
40.255;20;buy;13:15:07.160
40.255;27;buy;13:15:07.516
40.255;64;buy;13:15:09.836
40.25;10;buy;13:15:10.075
40.245;31;sell;13:15:11.131
40.245;31;sell;13:15:11.139
40.245;31;sell;13:15:11.145
40.245;31;sell;13:15:11.148
40.245;31;sell;13:15:11.153
40.245;31;sell;13:15:11.157
40.245;31;sell;13:15:11.161
40.245;201;sell;13:15:11.197
40.235;31;sell;13:15:11.277
40.235;64;sell;13:15:11.299
40.235;56;sell;13:15:11.304
40.235;56;sell;13:15:11.327
40.235;31;sell;13:15:11.351
40.235;31;sell;13:15:11.357
40.235;31;sell;13:15:11.361
40.235;31;sell;13:15:11.365
40.235;31;sell;13:15:11.367
40.235;31;sell;13:15:11.370
40.235;31;sell;13:15:11.375
40.235;31;sell;13:15:11.377
40.235;31;sell;13:15:11.380
40.235;31;sell;13:15:11.392
40.235;31;sell;13:15:11.412
40.235;31;sell;13:15:11.415
40.235;31;sell;13:15:11.417
40.235;31;sell;13:15:11.418
40.235;31;sell;13:15:11.420
40.235;31;sell;13:15:11.421
40.235;31;sell;13:15:11.425
40.235;31;sell;13:15:11.429
40.235;56;sell;13:15:11.431
40.235;31;sell;13:15:11.432
40.235;31;sell;13:15:11.570
40.235;31;sell;13:15:11.577
40.24;4;buy;13:15:11.610
40.235;31;sell;13:15:11.676
40.235;31;sell;13:15:11.681
40.235;31;sell;13:15:11.840
40.235;31;sell;13:15:11.843
40.235;31;sell;13:15:11.846
40.235;31;sell;13:15:11.865
40.235;31;sell;13:15:11.868
40.235;31;sell;13:15:11.871
40.235;31;sell;13:15:11.874
40.235;31;sell;13:15:11.994
40.235;31;sell;13:15:12.415
40.235;31;sell;13:15:12.419
40.235;31;sell;13:15:12.742
40.235;31;sell;13:15:12.747
40.235;31;sell;13:15:12.749
40.235;31;sell;13:15:12.751
40.235;31;sell;13:15:12.752
40.235;31;sell;13:15:12.754
40.235;31;sell;13:15:12.756
40.235;31;sell;13:15:12.757
40.235;31;sell;13:15:12.758
40.235;31;sell;13:15:12.759
40.235;31;sell;13:15:12.760
40.235;31;sell;13:15:12.762
40.235;31;sell;13:15:12.764
40.235;31;sell;13:15:12.765
40.235;31;sell;13:15:12.766
40.235;31;sell;13:15:12.767
40.235;31;sell;13:15:12.768
40.235;62;sell;13:15:12.770
40.235;31;sell;13:15:12.771
40.235;31;sell;13:15:14.345
40.235;31;sell;13:15:14.818
40.235;31;sell;13:15:14.822
40.235;31;sell;13:15:14.825
40.235;31;sell;13:15:14.894
40.235;31;sell;13:15:14.902
40.235;31;sell;13:15:14.906
40.235;31;sell;13:15:14.908
40.235;31;sell;13:15:14.911
40.235;31;sell;13:15:15.449
40.235;31;sell;13:15:15.453
40.235;31;sell;13:15:15.454
40.235;31;sell;13:15:15.456
40.235;31;sell;13:15:15.461
40.235;31;sell;13:15:15.463
40.235;31;sell;13:15:15.465
40.235;31;sell;13:15:15.466
40.235;31;sell;13:15:15.468
40.235;31;sell;13:15:15.470
40.235;31;sell;13:15:15.474
40.235;31;sell;13:15:15.477
40.235;31;sell;13:15:15.479
40.235;31;sell;13:15:15.481
40.235;31;sell;13:15:15.486
40.235;31;sell;13:15:15.488
40.235;31;sell;13:15:15.490
40.235;31;sell;13:15:15.492
40.235;31;sell;13:15:15.494
40.235;31;sell;13:15:15.496
40.235;31;sell;13:15:15.498
40.235;31;sell;13:15:15.500
40.235;31;sell;13:15:15.502
40.235;31;sell;13:15:15.504
40.235;31;sell;13:15:15.506
40.235;31;sell;13:15:15.507
40.235;31;sell;13:15:15.509
40.235;31;sell;13:15:15.511
40.235;31;sell;13:15:15.514
40.235;31;sell;13:15:15.516
40.235;31;sell;13:15:15.517
40.235;31;sell;13:15:15.519
40.235;31;sell;13:15:15.521
40.235;31;sell;13:15:15.523
40.235;31;sell;13:15:15.525
40.235;31;sell;13:15:15.526
40.235;31;sell;13:15:15.528
40.235;31;sell;13:15:15.530
40.235;31;sell;13:15:15.531
40.235;31;sell;13:15:15.533
40.235;129;sell;13:15:15.581
40.235;31;sell;13:15:15.620
40.235;31;sell;13:15:15.626
40.235;31;sell;13:15:15.628
40.235;31;sell;13:15:15.634
40.235;31;sell;13:15:15.636
40.235;1;sell;13:15:15.681
40.235;31;sell;13:15:15.832
40.235;31;sell;13:15:15.837
40.235;31;sell;13:15:15.839
40.235;31;sell;13:15:15.840
40.235;31;sell;13:15:15.842
40.235;31;sell;13:15:15.844
40.235;31;sell;13:15:15.848
40.235;31;sell;13:15:15.850
40.235;31;sell;13:15:15.851
40.235;31;sell;13:15:15.853
40.235;31;sell;13:15:15.855
40.235;31;sell;13:15:15.857
40.235;31;sell;13:15:15.858
40.235;31;sell;13:15:15.860
40.235;31;sell;13:15:15.861
40.235;31;sell;13:15:15.863
40.235;124;sell;13:15:15.881
40.235;124;sell;13:15:15.882
40.235;1761;sell;13:15:15.921
40.235;696;sell;13:15:15.936
40.235;5;sell;13:15:15.949
40.235;14;sell;13:15:15.993
40.23;3018;sell;13:15:16.000
40.225;56;sell;13:15:16.082
40.22;1;sell;13:15:16.223
40.225;10;buy;13:15:16.604
40.225;27;buy;13:15:18.527
40.22;30;sell;13:15:18.620
40.22;1;buy;13:15:19.262
40.215;15;sell;13:15:20.793
40.21;31;sell;13:15:23.047
40.21;31;sell;13:15:23.650
40.21;31;sell;13:15:24.755
40.21;31;sell;13:15:24.760
40.21;31;sell;13:15:24.763
40.21;31;sell;13:15:24.766
40.21;31;sell;13:15:24.769
40.21;31;sell;13:15:24.771
40.21;31;sell;13:15:24.776
40.21;31;sell;13:15:24.778
40.21;31;sell;13:15:24.780
40.21;31;sell;13:15:24.781
40.21;31;sell;13:15:24.783
40.21;31;sell;13:15:24.784
40.21;31;sell;13:15:24.786
40.21;31;sell;13:15:24.787
40.21;31;sell;13:15:24.789
40.21;31;sell;13:15:24.790
40.21;31;sell;13:15:24.791
40.21;31;sell;13:15:24.793
40.21;31;sell;13:15:24.794
40.21;31;sell;13:15:24.796
40.21;31;sell;13:15:24.797
40.21;31;sell;13:15:24.799
40.21;31;sell;13:15:24.801
40.21;31;sell;13:15:24.802
40.21;31;sell;13:15:24.803
40.21;31;sell;13:15:24.804
40.21;31;sell;13:15:24.805
40.21;31;sell;13:15:24.806
40.21;62;sell;13:15:24.808
40.21;18;sell;13:15:24.810
40.21;65;buy;13:15:24.830
40.205;87;sell;13:15:26.151
40.205;31;sell;13:15:27.399
40.21;1;buy;13:15:28.219
40.205;63;sell;13:15:28.423
40.205;27;buy;13:15:29.531
40.205;1;buy;13:15:31.643
40.205;5;buy;13:15:32.003
40.2;69;sell;13:15:32.482
40.205;124;buy;13:15:34.381
40.205;41;buy;13:15:34.421
40.205;124;buy;13:15:34.481
40.205;2;sell;13:15:35.162
40.23;65;buy;13:15:39.847
40.245;27;buy;13:15:40.522
40.225;100;sell;13:15:42.805
40.21;200;sell;13:15:45.444
40.205;3;sell;13:15:46.153
40.205;12;buy;13:15:47.042
40.2;31;sell;13:15:47.620
40.2;31;sell;13:15:47.630
40.2;31;sell;13:15:47.634
40.2;31;sell;13:15:48.650
40.2;31;sell;13:15:48.758
40.2;31;sell;13:15:48.873
40.2;31;sell;13:15:48.876
40.2;31;sell;13:15:48.879
40.2;31;sell;13:15:48.884
40.2;31;sell;13:15:48.887
40.2;31;sell;13:15:49.059
40.2;31;sell;13:15:49.061
40.2;31;sell;13:15:49.063
40.2;31;sell;13:15:49.065
40.2;31;sell;13:15:49.067
40.2;106;sell;13:15:49.143
40.2;1531;sell;13:15:49.171
40.2;31;sell;13:15:49.200
40.2;31;sell;13:15:49.212
40.2;31;sell;13:15:49.214
40.2;31;sell;13:15:49.217
40.2;31;sell;13:15:49.219
40.2;31;sell;13:15:49.221
40.2;31;sell;13:15:49.224
40.2;31;sell;13:15:49.228
40.205;174;buy;13:15:50.382
40.205;174;buy;13:15:50.482
40.205;696;buy;13:15:50.571
40.205;315;buy;13:15:50.623
40.205;125;buy;13:15:50.671
40.205;133;buy;13:15:50.723
40.205;571;buy;13:15:50.771
40.23;37;buy;13:15:51.121
40.235;27;buy;13:15:51.525
40.25;8;buy;13:15:54.121
40.26;64;buy;13:15:54.850
40.26;27;buy;13:16:02.530
40.255;220;buy;13:16:05.236
40.26;100;buy;13:16:05.662
40.26;10;buy;13:16:08.334
40.265;97;buy;13:16:09.136
40.265;4;buy;13:16:09.236
40.27;65;buy;13:16:09.859
40.27;62;buy;13:16:10.096
40.275;1;buy;13:16:10.836
40.27;16;sell;13:16:13.412
40.275;27;buy;13:16:13.529
40.275;1;buy;13:16:14.197
40.275;100;buy;13:16:15.885
40.275;97;buy;13:16:16.936
40.275;16;sell;13:16:17.902
40.275;200;sell;13:16:19.947
40.275;100;sell;13:16:21.833
40.275;31;sell;13:16:24.231
40.28;26;buy;13:16:24.548
40.28;64;buy;13:16:24.853
40.275;200;sell;13:16:34.172
40.28;27;buy;13:16:35.530
40.275;24;sell;13:16:35.918
40.275;65;buy;13:16:39.867
40.275;1;buy;13:16:39.909
40.28;50;buy;13:16:42.604
40.28;1;buy;13:16:43.576
40.27;1668;sell;13:16:43.732
40.27;180;buy;13:16:44.127
40.255;200;sell;13:16:44.675
40.26;133;buy;13:16:45.782
40.265;41;buy;13:16:45.882
40.26;27;buy;13:16:46.535
40.25;31;sell;13:16:50.461
40.25;31;sell;13:16:50.472
40.25;31;sell;13:16:50.479
40.25;31;sell;13:16:50.483
40.25;31;sell;13:16:50.486
40.25;31;sell;13:16:50.490
40.25;31;sell;13:16:50.493
40.25;31;sell;13:16:50.496
40.25;31;sell;13:16:50.506
40.25;31;sell;13:16:50.509
40.25;31;sell;13:16:50.512
40.25;31;sell;13:16:50.515
40.25;31;sell;13:16:50.517
40.25;31;sell;13:16:50.520
40.25;31;sell;13:16:50.522
40.25;31;sell;13:16:50.524
40.25;31;sell;13:16:50.526
40.25;31;sell;13:16:50.528
40.25;31;sell;13:16:50.531
40.25;31;sell;13:16:50.533
40.25;31;sell;13:16:50.535
40.25;31;sell;13:16:50.537
40.25;31;sell;13:16:50.541
40.255;1;buy;13:16:51.149
40.25;31;sell;13:16:52.665
40.25;31;sell;13:16:52.670
40.25;31;sell;13:16:52.674
40.25;31;sell;13:16:52.676
40.25;31;sell;13:16:53.047
40.25;31;sell;13:16:53.052
40.25;31;sell;13:16:53.055
40.25;31;sell;13:16:53.059
40.25;31;sell;13:16:53.063
40.25;31;sell;13:16:53.066
40.25;31;sell;13:16:53.069
40.25;31;sell;13:16:53.074
40.25;31;sell;13:16:53.077
40.25;31;sell;13:16:53.080
40.25;31;sell;13:16:53.083
40.25;31;sell;13:16:53.086
40.25;31;sell;13:16:53.090
40.25;31;sell;13:16:53.093
40.25;31;sell;13:16:53.096
40.25;31;sell;13:16:53.099
40.25;31;sell;13:16:53.102
40.25;31;sell;13:16:53.105
40.25;31;sell;13:16:53.108
40.25;31;sell;13:16:53.112
40.25;31;sell;13:16:53.115
40.25;31;sell;13:16:53.118
40.25;31;sell;13:16:53.121
40.25;31;sell;13:16:53.124
40.25;31;sell;13:16:53.127
40.25;31;sell;13:16:53.130
40.25;31;sell;13:16:53.133
40.25;31;sell;13:16:53.135
40.25;31;sell;13:16:53.138
40.25;31;sell;13:16:53.141
40.25;31;sell;13:16:53.144
40.25;31;sell;13:16:53.147
40.25;67;sell;13:16:53.381
40.25;119;sell;13:16:53.382
40.245;31;sell;13:16:53.402
40.225;3;sell;13:16:53.416
40.225;35;sell;13:16:53.790
40.22;1;buy;13:16:53.903
40.21;81;sell;13:16:54.000
40.215;65;buy;13:16:54.862
40.21;17;sell;13:16:55.971
40.21;9;sell;13:16:57.512
40.215;27;buy;13:16:57.542
40.215;50;buy;13:17:01.114
40.21;283;sell;13:17:01.846
40.215;1;buy;13:17:02.130
40.215;69;buy;13:17:03.162
40.215;10;buy;13:17:04.049
40.215;27;buy;13:17:08.557
40.21;31;sell;13:17:09.550
40.21;31;sell;13:17:09.568
40.21;31;sell;13:17:09.573
40.21;31;sell;13:17:09.578
40.21;31;sell;13:17:09.583
40.21;31;sell;13:17:09.587
40.21;31;sell;13:17:09.591
40.21;31;sell;13:17:09.594
40.21;31;sell;13:17:09.597
40.21;31;sell;13:17:09.666
40.21;31;sell;13:17:09.670
40.21;31;sell;13:17:09.673
40.21;31;sell;13:17:09.676
40.21;31;sell;13:17:09.679
40.21;31;sell;13:17:09.682
40.21;31;sell;13:17:09.685
40.21;31;sell;13:17:09.689
40.21;31;sell;13:17:09.691
40.21;31;sell;13:17:09.694
40.21;31;sell;13:17:09.697
40.21;31;sell;13:17:09.701
40.21;31;sell;13:17:09.704
40.21;31;sell;13:17:09.706
40.21;31;sell;13:17:09.708
40.21;201;sell;13:17:09.712
40.21;64;buy;13:17:09.923
40.205;31;sell;13:17:09.987
40.205;31;sell;13:17:09.992
40.205;31;sell;13:17:09.995
40.205;31;sell;13:17:09.997
40.205;10;sell;13:17:10.001
40.205;10;buy;13:17:10.344
40.205;552;buy;13:17:11.649
40.21;31;sell;13:17:11.650
40.21;62;sell;13:17:11.651
40.21;62;sell;13:17:11.652
40.21;35;sell;13:17:11.653
40.205;31;sell;13:17:12.894
40.205;31;sell;13:17:12.906
40.205;31;sell;13:17:12.907
40.205;62;sell;13:17:12.908
40.205;31;sell;13:17:12.909
40.21;10;buy;13:17:13.352
40.21;1;buy;13:17:14.453
40.21;1;buy;13:17:17.324
40.21;1;buy;13:17:18.242
40.21;1;buy;13:17:18.872
40.21;27;buy;13:17:19.547
40.2;1131;sell;13:17:20.442
40.2;119;sell;13:17:21.276
40.2;146;sell;13:17:21.536
40.2;133;sell;13:17:21.788
40.2;124;sell;13:17:21.881
40.2;120;sell;13:17:22.038
40.2;109;sell;13:17:22.292
40.2;1600;sell;13:17:22.624
40.2;15;sell;13:17:23.250
40.205;65;buy;13:17:24.879
40.205;1;buy;13:17:28.075
40.205;27;buy;13:17:30.543
40.205;1;buy;13:17:30.590
40.2;99;sell;13:17:31.449
40.205;100;buy;13:17:32.438
40.205;1;buy;13:17:33.463
40.2;90;sell;13:17:35.688
40.205;100;buy;13:17:38.971
40.205;20;buy;13:17:39.292
40.205;64;buy;13:17:39.886
40.2;5;sell;13:17:39.935
40.205;27;buy;13:17:41.543
40.2;5000;sell;13:17:43.553
40.205;1;buy;13:17:45.869
40.2;8;sell;13:17:46.402
40.205;277;buy;13:17:48.036
40.205;56;buy;13:17:48.181
40.2;1070;sell;13:17:49.304
40.205;1;buy;13:17:49.548
40.205;124;buy;13:17:51.181
40.205;355;buy;13:17:51.382
40.205;17;buy;13:17:51.581
40.205;27;buy;13:17:52.558
40.2;100;sell;13:17:53.000
40.205;5;buy;13:17:54.158
40.205;65;buy;13:17:54.899
40.205;10;buy;13:17:55.934
40.205;3;buy;13:17:59.243
40.205;3;buy;13:17:59.527
40.205;3;buy;13:18:00.529
40.205;3;buy;13:18:00.715
40.205;131;buy;13:18:03.036
40.215;27;buy;13:18:03.553
40.2;648;sell;13:18:04.282
40.2;104;sell;13:18:04.383
40.2;45;sell;13:18:04.637
40.21;4;buy;13:18:06.400
40.2;100;sell;13:18:07.519
40.2;2001;sell;13:18:09.023
40.21;65;buy;13:18:09.900
40.21;15;buy;13:18:13.675
40.21;5;buy;13:18:13.901
40.21;27;buy;13:18:14.563
40.21;1;buy;13:18:15.859
40.21;28;buy;13:18:16.411
40.205;24;sell;13:18:17.965
40.21;180;buy;13:18:18.620
40.21;4;buy;13:18:21.582
40.215;50;buy;13:18:23.057
40.22;64;buy;13:18:24.913
40.22;10;buy;13:18:25.242
40.22;27;buy;13:18:25.561
40.22;565;buy;13:18:28.736
40.22;124;buy;13:18:28.881
40.22;158;buy;13:18:28.921
40.22;249;buy;13:18:29.036
40.245;1;buy;13:18:29.562
40.225;300;sell;13:18:32.398
40.22;82;buy;13:18:34.682
40.24;26;buy;13:18:36.564
40.22;20;sell;13:18:36.567
40.24;96;buy;13:18:36.857
40.245;361;buy;13:18:38.094
40.265;65;buy;13:18:39.906
40.265;1;buy;13:18:41.896
40.265;1;buy;13:18:44.753
40.265;27;buy;13:18:47.572
40.285;100;buy;13:18:54.055
40.285;64;buy;13:18:54.928
40.28;155;sell;13:18:54.988
40.25;141;sell;13:18:55.247
40.275;10;buy;13:18:55.389
40.25;128;sell;13:18:55.500
40.255;144;buy;13:18:55.782
40.255;72;buy;13:18:56.082
40.255;10;buy;13:18:57.579
40.255;27;buy;13:18:58.563
40.265;27;buy;13:19:09.577
40.26;65;buy;13:19:09.926
40.25;690;sell;13:19:11.401
40.26;200;buy;13:19:12.863
40.26;2;buy;13:19:13.093
40.255;95;buy;13:19:15.219
40.255;1;buy;13:19:19.312
40.255;27;buy;13:19:20.588
40.255;1;buy;13:19:21.241
40.25;1;sell;13:19:22.983
40.255;65;buy;13:19:24.933
40.255;7;buy;13:19:29.852
40.255;27;buy;13:19:31.567
40.255;30;buy;13:19:38.305
40.255;64;buy;13:19:39.926
40.25;13;sell;13:19:40.070
40.255;1000;buy;13:19:41.618
40.265;27;buy;13:19:42.581
40.25;1;sell;13:19:47.516
40.265;4;buy;13:19:47.904
40.265;1000;buy;13:19:49.894
40.255;10000;sell;13:19:50.933
40.23;3;buy;13:19:52.667
40.23;27;buy;13:19:53.588
40.22;65;buy;13:19:54.945
40.215;1300;sell;13:19:55.540
40.22;12;buy;13:19:59.997
40.22;5;buy;13:20:00.202
40.22;27;buy;13:20:04.572
40.21;64;buy;13:20:09.939
40.21;1;buy;13:20:15.307
40.21;27;buy;13:20:15.580
40.21;100;buy;13:20:17.017
40.215;5;buy;13:20:18.259
40.215;1;buy;13:20:19.247
40.2;31;sell;13:20:21.773
40.2;31;sell;13:20:21.780
40.2;31;sell;13:20:21.784
40.2;31;sell;13:20:21.787
40.2;31;sell;13:20:21.790
40.2;31;sell;13:20:21.793
40.2;109;sell;13:20:23.295
40.205;289;buy;13:20:24.832
40.21;65;buy;13:20:24.945
40.21;27;buy;13:20:26.591
40.205;110;sell;13:20:27.270
40.21;5;buy;13:20:28.922
40.215;15;buy;13:20:29.035
40.205;31;sell;13:20:29.366
40.205;300;sell;13:20:30.798
40.205;100;sell;13:20:30.799
40.205;112;sell;13:20:32.716
40.21;10;buy;13:20:34.187
40.21;6;buy;13:20:35.448
40.21;27;buy;13:20:37.585
40.205;31;sell;13:20:38.707
40.21;65;buy;13:20:39.959
40.21;40;buy;13:20:45.862
40.205;109;sell;13:20:46.024
40.21;100;buy;13:20:46.114
40.215;26;buy;13:20:48.579
40.22;15;buy;13:20:50.069
40.225;1;buy;13:20:52.446
40.21;46;sell;13:20:53.595
40.215;4;buy;13:20:54.704
40.215;64;buy;13:20:54.971
40.225;1;buy;13:20:59.123
40.22;27;buy;13:20:59.582
40.23;2391;buy;13:21:05.482
40.26;3;buy;13:21:07.304
40.245;65;buy;13:21:09.973
40.26;27;buy;13:21:10.586
40.265;20;buy;13:21:12.254
40.265;17;buy;13:21:17.705
40.265;27;buy;13:21:21.592
40.265;9;buy;13:21:22.879
40.265;1;buy;13:21:23.120
40.265;5;buy;13:21:23.400
40.265;65;buy;13:21:24.981
40.24;1;sell;13:21:29.148
40.265;1337;buy;13:21:32.396
40.29;27;buy;13:21:32.589
40.295;102;buy;13:21:38.386
40.295;1;buy;13:21:39.449
40.295;64;buy;13:21:39.975
40.29;1;sell;13:21:42.871
40.29;27;buy;13:21:43.604
40.29;1;buy;13:21:45.887
40.28;1;buy;13:21:49.205
40.265;1;sell;13:21:50.643
40.28;1;buy;13:21:52.968
40.28;27;buy;13:21:54.606
40.28;65;buy;13:21:54.984
40.28;1;buy;13:21:56.602
40.28;1;buy;13:21:59.393
40.28;3;buy;13:21:59.816
40.27;10;sell;13:22:02.671
40.265;10;sell;13:22:02.771
40.245;50;sell;13:22:04.070
40.265;27;buy;13:22:05.600
40.265;1;buy;13:22:07.541
40.26;10;buy;13:22:08.768
40.26;567;buy;13:22:08.985
40.26;219;buy;13:22:09.323
40.25;54;sell;13:22:09.503
40.265;64;buy;13:22:09.984
40.265;1;buy;13:22:11.512
40.265;2;buy;13:22:12.173
40.265;620;buy;13:22:15.552
40.28;27;buy;13:22:16.616
40.28;300;buy;13:22:17.609
40.275;5;buy;13:22:19.883
40.265;257;sell;13:22:21.574
40.27;65;buy;13:22:24.023
40.27;125;buy;13:22:24.523
40.27;38;buy;13:22:24.723
40.275;65;buy;13:22:24.991
40.275;27;buy;13:22:27.616
40.275;500;buy;13:22:32.312
40.285;27;buy;13:22:38.621
40.29;65;buy;13:22:40.000
40.29;1338;buy;13:22:42.800
40.285;200;sell;13:22:43.838
40.3;1;buy;13:22:46.798
40.295;1;buy;13:22:48.631
40.295;27;buy;13:22:49.606
40.3;72;buy;13:22:50.179
40.315;64;buy;13:22:55.014
40.32;26;buy;13:23:00.618
40.32;500;buy;13:23:01.677
40.305;600;sell;13:23:07.680
40.32;65;buy;13:23:10.007
40.31;27;buy;13:23:11.615
40.31;1;buy;13:23:14.818
40.31;1;buy;13:23:14.835
40.31;1;buy;13:23:14.837
40.31;2;buy;13:23:14.850
40.31;1;buy;13:23:14.870
40.31;1;buy;13:23:14.894
40.31;2;buy;13:23:14.903
40.31;2;buy;13:23:14.928
40.31;1;buy;13:23:14.962
40.31;1;buy;13:23:14.991
40.31;2;buy;13:23:15.002
40.31;1;buy;13:23:15.004
40.31;1;buy;13:23:15.054
40.31;1;buy;13:23:15.068
40.31;2;buy;13:23:15.106
40.31;1;buy;13:23:15.107
40.31;1;buy;13:23:15.135
40.31;1;buy;13:23:15.138
40.31;2;buy;13:23:15.180
40.31;1;buy;13:23:15.181
40.31;1;buy;13:23:15.188
40.31;2;buy;13:23:15.245
40.31;1;buy;13:23:15.246
40.31;1;buy;13:23:15.268
40.31;2;buy;13:23:15.316
40.31;1;buy;13:23:15.318
40.31;1;buy;13:23:15.352
40.31;2;buy;13:23:15.408
40.31;1;buy;13:23:15.409
40.31;1;buy;13:23:15.446
40.31;2;buy;13:23:15.491
40.31;1;buy;13:23:15.537
40.31;1;buy;13:23:15.566
40.31;1;buy;13:23:15.615
40.31;1;buy;13:23:15.659
40.31;1;buy;13:23:15.709
40.31;1;buy;13:23:15.734
40.31;1;buy;13:23:15.772
40.31;1;buy;13:23:15.823
40.31;1;buy;13:23:15.888
40.32;1;buy;13:23:16.551
40.32;1;buy;13:23:16.596
40.32;1;buy;13:23:16.631
40.32;2;buy;13:23:17.903
40.315;1;buy;13:23:21.854
40.315;27;buy;13:23:22.611
40.315;64;buy;13:23:25.029
40.305;99;sell;13:23:25.036
40.3;100;sell;13:23:27.036
40.3;100;buy;13:23:27.500
40.3;1;buy;13:23:28.904
40.3;13;buy;13:23:29.828
40.295;27;buy;13:23:33.622
40.285;1;buy;13:23:38.232
40.285;292;buy;13:23:39.037
40.285;10;buy;13:23:39.851
40.285;65;buy;13:23:40.026
40.285;27;buy;13:23:44.622
40.285;40;buy;13:23:47.333
40.29;10;buy;13:23:48.823
40.29;100;buy;13:23:50.476
40.29;60;buy;13:23:50.869
40.29;55;buy;13:23:54.308
40.29;65;buy;13:23:55.028
40.295;27;buy;13:23:55.620
40.295;1;buy;13:24:04.340
40.295;50;buy;13:24:04.890
40.295;2500;buy;13:24:05.085
40.315;4;buy;13:24:05.174
40.315;27;buy;13:24:06.628
40.315;98;buy;13:24:07.645
40.315;64;buy;13:24:10.053
40.31;1;buy;13:24:12.647
40.31;74;buy;13:24:12.721
40.31;2;buy;13:24:15.213
40.315;5;buy;13:24:16.429
40.315;5;buy;13:24:17.299
40.315;27;buy;13:24:17.629
40.3;805;sell;13:24:17.986
40.32;5;buy;13:24:18.511
40.32;5;buy;13:24:19.787
40.3;100;sell;13:24:20.297
40.315;5;buy;13:24:21.243
40.315;5;buy;13:24:23.147
40.32;5;buy;13:24:23.998
40.3;14;sell;13:24:25.010
40.32;65;buy;13:24:25.040
40.32;5;buy;13:24:25.214
40.32;10;buy;13:24:25.450
40.32;5;buy;13:24:26.397
40.32;5;buy;13:24:27.646
40.32;999;buy;13:24:28.228
40.32;27;buy;13:24:28.624
40.32;5;buy;13:24:29.016
40.32;1;buy;13:24:29.102
40.32;5;buy;13:24:30.455
40.32;2;buy;13:24:35.187
40.305;200;buy;13:24:37.648
40.32;27;buy;13:24:39.641
40.32;64;buy;13:24:40.052
40.32;1;buy;13:24:42.887
40.32;250;buy;13:24:48.085
40.32;14;buy;13:24:48.501
40.32;27;buy;13:24:50.631
40.32;3;buy;13:24:51.698
40.32;65;buy;13:24:55.053
40.32;1;buy;13:24:57.774
40.32;15;buy;13:24:59.368
40.32;30;buy;13:25:00.923
40.315;27;buy;13:25:01.663
40.315;12;buy;13:25:01.878
40.305;4;sell;13:25:02.336
40.3;50;sell;13:25:03.036
40.3;675;sell;13:25:03.071
40.3;695;sell;13:25:03.136
40.3;384;sell;13:25:03.236
40.29;2;buy;13:25:03.335
40.285;18;sell;13:25:04.121
40.28;27;sell;13:25:06.121
40.285;65;buy;13:25:10.063
40.285;2;buy;13:25:11.558
40.285;26;buy;13:25:12.635
40.29;14;buy;13:25:15.488
40.29;913;buy;13:25:19.465
40.28;7;sell;13:25:21.382
40.275;5;sell;13:25:22.129
40.27;27;buy;13:25:23.647
40.27;64;buy;13:25:25.060
40.27;1;buy;13:25:29.863
40.27;27;buy;13:25:34.662
40.265;200;sell;13:25:38.741
40.27;65;buy;13:25:40.064
40.265;33;sell;13:25:41.798
40.265;34;sell;13:25:41.805
40.265;175;sell;13:25:41.812
40.265;33;sell;13:25:41.857
40.26;1;sell;13:25:41.939
40.255;160;sell;13:25:42.076
40.255;146;sell;13:25:42.329
40.255;132;sell;13:25:42.580
40.255;120;sell;13:25:42.831
40.255;109;sell;13:25:43.081
40.255;1;sell;13:25:43.770
40.26;27;buy;13:25:45.644
40.26;35;buy;13:25:48.064
40.26;1;buy;13:25:49.155
40.26;1;buy;13:25:53.913
40.26;64;buy;13:25:55.077
40.265;27;buy;13:25:56.649
40.255;99;sell;13:25:56.873
40.26;39;buy;13:26:01.157
40.26;1;buy;13:26:04.806
40.26;491;buy;13:26:06.728
40.275;27;buy;13:26:07.647
40.26;1400;sell;13:26:08.252
40.26;700;sell;13:26:08.253
40.255;309;sell;13:26:08.336
40.255;131;sell;13:26:08.504
40.24;200;sell;13:26:08.754
40.235;700;sell;13:26:09.000
40.235;200;sell;13:26:09.005
40.235;200;sell;13:26:09.255
40.235;200;sell;13:26:09.505
40.235;19;sell;13:26:09.756
40.23;1;sell;13:26:10.006
40.225;65;buy;13:26:10.095
40.225;100;buy;13:26:10.142
40.22;200;sell;13:26:10.257
40.22;700;sell;13:26:10.270
40.2;10;sell;13:26:11.028
40.2;5;sell;13:26:14.560
40.205;1;buy;13:26:18.462
40.215;27;buy;13:26:18.654
40.2;24;sell;13:26:18.905
40.205;12;buy;13:26:19.873
40.205;25;buy;13:26:20.341
40.205;65;buy;13:26:25.089
40.205;27;buy;13:26:29.658
40.2;150;sell;13:26:30.935
40.2;174;sell;13:26:32.382
40.2;447;sell;13:26:32.423
40.2;124;sell;13:26:32.682
40.2;40;sell;13:26:33.132
40.2;448;sell;13:26:33.431
40.2;372;sell;13:26:33.481
40.2;199;sell;13:26:33.521
40.2;600;sell;13:26:33.576
40.2;372;sell;13:26:33.581
40.2;200;sell;13:26:33.584
40.2;96;sell;13:26:33.629
40.2;124;sell;13:26:33.684
40.2;200;sell;13:26:33.852
40.2;283;sell;13:26:33.891
40.2;500;sell;13:26:33.892
40.195;47;sell;13:26:34.171
40.19;1;sell;13:26:34.236
40.19;31;sell;13:26:34.237
40.19;351;sell;13:26:34.271
40.18;138;sell;13:26:34.284
40.175;1500;sell;13:26:34.326
40.185;5;buy;13:26:34.327
40.175;299;sell;13:26:34.371
40.175;75;sell;13:26:34.472
40.175;125;sell;13:26:34.546
40.175;114;sell;13:26:34.798
40.18;70;buy;13:26:35.357
40.18;124;buy;13:26:35.581
40.18;62;buy;13:26:35.721
40.175;104;sell;13:26:35.789
40.18;200;sell;13:26:35.948
40.175;94;sell;13:26:36.167
40.18;47;buy;13:26:36.558
40.175;85;sell;13:26:38.464
40.18;4;buy;13:26:38.708
40.175;31;sell;13:26:39.969
40.175;31;sell;13:26:39.974
40.18;130;buy;13:26:39.986
40.18;64;buy;13:26:40.094
40.175;31;sell;13:26:40.328
40.175;31;sell;13:26:40.342
40.175;31;sell;13:26:40.352
40.18;27;buy;13:26:40.652
40.175;93;sell;13:26:42.522
40.175;103;sell;13:26:43.308
40.175;106;sell;13:26:43.700
40.18;100;buy;13:26:43.747
40.175;115;sell;13:26:43.954
40.175;104;sell;13:26:44.319
40.175;11;sell;13:26:44.675
40.18;14;buy;13:26:45.311
40.175;348;sell;13:26:46.282
40.175;115;sell;13:26:48.247
40.175;174;sell;13:26:48.282
40.175;74;sell;13:26:48.753
40.18;496;buy;13:26:50.181
40.18;199;buy;13:26:50.221
40.185;27;buy;13:26:51.668
40.18;65;buy;13:26:55.103
40.175;99;sell;13:26:56.283
40.18;3;buy;13:26:56.531
40.175;150;buy;13:26:58.492
40.175;500;buy;13:26:58.706
40.175;13;buy;13:27:00.280
40.175;13;buy;13:27:00.371
40.175;13;buy;13:27:00.444
40.175;13;buy;13:27:00.535
40.175;13;buy;13:27:00.598
40.17;367;sell;13:27:00.613
40.17;13;buy;13:27:00.696
40.17;6;buy;13:27:00.735
40.17;13;buy;13:27:00.768
40.17;13;buy;13:27:00.820
40.17;13;buy;13:27:00.864
40.165;9;buy;13:27:00.920
40.16;1;buy;13:27:02.273
40.16;27;buy;13:27:02.660
40.16;4;buy;13:27:02.900
40.16;606;buy;13:27:06.679
40.16;700;sell;13:27:08.000
40.175;4;buy;13:27:08.546
40.175;65;buy;13:27:10.099
40.175;250;buy;13:27:11.181
40.175;27;buy;13:27:13.683
40.175;395;buy;13:27:16.701
40.18;2;buy;13:27:18.740
40.18;25;buy;13:27:20.215
40.18;3;buy;13:27:20.270
40.175;200;buy;13:27:23.315
40.175;26;buy;13:27:24.674
40.175;64;buy;13:27:25.104
40.175;27;buy;13:27:35.685
40.175;24;buy;13:27:36.890
40.17;3000;buy;13:27:37.725
40.17;125;buy;13:27:38.436
40.17;65;buy;13:27:40.119
40.17;60;buy;13:27:42.071
40.165;180;sell;13:27:44.582
40.175;36;buy;13:27:46.610
40.175;27;buy;13:27:46.678
40.175;25;buy;13:27:52.028
40.165;200;sell;13:27:55.033
40.175;64;buy;13:27:55.122
40.175;27;buy;13:27:57.676
40.165;5;sell;13:27:58.365
40.175;3816;buy;13:27:59.133
40.2;77;sell;13:28:02.137
40.2;31;sell;13:28:03.250
40.2;31;sell;13:28:03.255
40.2;62;sell;13:28:03.256
40.2;62;sell;13:28:03.257
40.2;62;sell;13:28:03.258
40.2;62;sell;13:28:03.259
40.2;62;sell;13:28:03.260
40.2;62;sell;13:28:03.261
40.2;62;sell;13:28:03.262
40.2;62;sell;13:28:03.263
40.2;62;sell;13:28:03.264
40.2;62;sell;13:28:03.265
40.2;62;sell;13:28:03.267
40.2;62;sell;13:28:03.268
40.2;62;sell;13:28:03.269
40.2;31;sell;13:28:03.270
40.2;31;sell;13:28:03.271
40.2;31;sell;13:28:03.273
40.2;31;sell;13:28:03.274
40.2;62;sell;13:28:03.275
40.2;53;sell;13:28:03.276
40.195;300;buy;13:28:06.135
40.195;27;buy;13:28:08.685
40.195;269;buy;13:28:08.776
40.205;7;sell;13:28:09.411
40.215;65;buy;13:28:10.143
40.205;751;sell;13:28:11.298
40.2;200;sell;13:28:11.549
40.2;200;sell;13:28:11.799
40.2;49;sell;13:28:12.045
40.2;200;sell;13:28:12.050
40.2;200;sell;13:28:12.302
40.2;200;sell;13:28:12.552
40.2;200;sell;13:28:12.803
40.205;27;buy;13:28:19.678
40.205;199;buy;13:28:21.421
40.205;274;buy;13:28:21.439
40.205;2;sell;13:28:23.125
40.215;65;buy;13:28:25.139
40.22;1;buy;13:28:29.630
40.22;27;buy;13:28:30.679
40.215;25;buy;13:28:39.462
40.22;64;buy;13:28:40.149
40.225;27;buy;13:28:41.685
40.21;1;sell;13:28:41.894
40.225;3;buy;13:28:44.299
40.225;10;buy;13:28:49.155
40.225;1187;buy;13:28:49.194
40.23;27;buy;13:28:52.682
40.23;1;buy;13:28:53.478
40.23;5;buy;13:28:54.147
40.225;5000;sell;13:28:54.614
40.215;65;buy;13:28:55.138
40.215;1;buy;13:28:57.211
40.215;5;buy;13:28:58.485
40.225;288;buy;13:29:00.981
40.235;10;buy;13:29:01.082
40.245;27;buy;13:29:03.687
40.245;25;buy;13:29:05.571
40.26;8;buy;13:29:05.985
40.26;220;buy;13:29:06.340
40.25;64;buy;13:29:10.158
40.25;500;buy;13:29:10.347
40.25;357;buy;13:29:10.772
40.265;25;buy;13:29:11.736
40.265;25;buy;13:29:13.756
40.265;27;buy;13:29:14.688
40.265;1;buy;13:29:20.465
40.275;275;buy;13:29:24.267
40.285;65;buy;13:29:25.150
40.29;27;buy;13:29:25.689
40.29;1;buy;13:29:32.669
40.29;5;buy;13:29:33.148
40.295;27;buy;13:29:36.693
40.3;65;buy;13:29:40.164
40.285;5;sell;13:29:42.849
40.285;22;sell;13:29:42.849
40.3;140;buy;13:29:43.929
40.31;26;buy;13:29:47.703
40.29;1;sell;13:29:48.924
40.31;136;buy;13:29:52.909
40.31;136;buy;13:29:53.295
40.31;10;buy;13:29:53.507
40.31;100;buy;13:29:54.142
40.32;64;buy;13:29:55.174
40.32;50;buy;13:29:55.177
40.32;4;buy;13:29:55.281
40.32;50;buy;13:29:57.329
40.32;27;buy;13:29:58.693
40.32;8;buy;13:29:59.526
40.305;31;sell;13:30:00.371
40.305;31;sell;13:30:00.386
40.305;31;sell;13:30:00.451
40.305;31;sell;13:30:00.453
40.305;31;sell;13:30:00.455
40.305;31;sell;13:30:00.462
40.305;31;sell;13:30:00.483
40.3;25;sell;13:30:01.254
40.29;117;buy;13:30:02.982
40.295;1;buy;13:30:03.742
40.3;19;buy;13:30:04.237
40.3;10;buy;13:30:04.842
40.3;175;buy;13:30:07.236
40.305;123;buy;13:30:09.136
40.31;27;buy;13:30:09.702
40.305;25;sell;13:30:10.102
40.31;65;buy;13:30:10.183
40.305;10;sell;13:30:11.152
40.31;5;buy;13:30:11.934
40.3;3;buy;13:30:14.131
40.3;1;buy;13:30:14.670
40.3;27;buy;13:30:20.698
40.3;20;buy;13:30:20.931
40.305;3;buy;13:30:21.765
40.31;64;buy;13:30:25.176
40.31;24;buy;13:30:30.558
40.305;40;sell;13:30:31.211
40.31;12;buy;13:30:31.637
40.31;27;buy;13:30:31.708
40.31;1;buy;13:30:37.684
40.305;6;sell;13:30:37.890
40.31;538;buy;13:30:38.486
40.32;65;buy;13:30:40.185
40.315;2;sell;13:30:41.421
40.325;250;buy;13:30:41.886
40.325;27;buy;13:30:42.708
40.315;21;sell;13:30:44.747
40.32;339;buy;13:30:45.571
40.315;220;sell;13:30:47.647
40.31;19;sell;13:30:51.055
40.305;10;buy;13:30:52.875
40.305;27;buy;13:30:53.708
40.305;65;buy;13:30:55.194
40.305;50;buy;13:30:57.989
40.31;30;buy;13:30:58.848
40.305;1;buy;13:31:02.412
40.305;1;buy;13:31:02.685
40.305;50;buy;13:31:02.727
40.3;20;sell;13:31:04.088
40.305;27;buy;13:31:04.723
40.305;10;buy;13:31:05.861
40.3;31;sell;13:31:06.593
40.3;31;sell;13:31:06.596
40.3;31;sell;13:31:06.597
40.3;62;sell;13:31:06.598
40.3;62;sell;13:31:06.599
40.3;62;sell;13:31:06.601
40.3;31;sell;13:31:06.602
40.3;31;sell;13:31:06.604
40.3;31;sell;13:31:06.609
40.3;31;sell;13:31:06.611
40.3;62;sell;13:31:06.612
40.3;31;sell;13:31:06.614
40.3;23;sell;13:31:08.352
40.3;107;sell;13:31:08.663
40.285;4;sell;13:31:08.701
40.27;89;sell;13:31:08.748
40.275;47;buy;13:31:09.082
40.275;1;buy;13:31:09.538
40.275;174;buy;13:31:09.982
40.28;65;buy;13:31:10.023
40.29;64;buy;13:31:10.195
40.29;26;buy;13:31:14.482
40.295;1;buy;13:31:15.192
40.295;27;buy;13:31:15.718
40.295;10;buy;13:31:17.617
40.285;1;buy;13:31:20.089
40.285;1;buy;13:31:21.661
40.285;1;buy;13:31:23.479
40.275;201;sell;13:31:23.932
40.28;65;buy;13:31:25.200
40.28;130;buy;13:31:26.163
40.28;27;buy;13:31:26.723
40.28;4;buy;13:31:30.190
40.28;23;buy;13:31:32.743
40.28;10;buy;13:31:33.762
40.275;31;sell;13:31:33.815
40.275;31;sell;13:31:33.818
40.275;31;sell;13:31:33.820
40.275;31;sell;13:31:33.821
40.275;31;sell;13:31:33.822
40.275;31;sell;13:31:34.034
40.275;30;sell;13:31:34.039
40.265;200;buy;13:31:35.873
40.27;100;buy;13:31:36.629
40.265;27;buy;13:31:37.718
40.275;64;buy;13:31:40.203
40.26;10;sell;13:31:42.267
40.27;27;buy;13:31:48.727
40.265;10;buy;13:31:49.561
40.26;31;sell;13:31:50.840
40.26;31;sell;13:31:50.861
40.26;2954;sell;13:31:51.054
40.255;15;sell;13:31:51.123
40.25;2;sell;13:31:51.181
40.24;1;sell;13:31:51.216
40.24;301;buy;13:31:52.523
40.25;4000;buy;13:31:52.524
40.245;10;sell;13:31:53.656
40.265;65;buy;13:31:55.210
40.26;26;buy;13:31:59.724
40.25;201;sell;13:32:00.589
40.265;2;buy;13:32:03.509
40.255;128;sell;13:32:08.095
40.255;116;sell;13:32:08.350
40.255;106;sell;13:32:08.603
40.255;201;sell;13:32:09.959
40.255;7;sell;13:32:09.969
40.255;11;sell;13:32:09.982
40.255;96;sell;13:32:09.986
40.255;31;sell;13:32:10.038
40.25;122;sell;13:32:10.085
40.255;65;buy;13:32:10.228
40.25;62;sell;13:32:10.229
40.25;93;sell;13:32:10.230
40.25;62;sell;13:32:10.231
40.25;31;sell;13:32:10.232
40.25;13;sell;13:32:10.233
40.23;67;sell;13:32:10.302
40.23;33;sell;13:32:10.303
40.23;34;sell;13:32:10.313
40.235;27;buy;13:32:10.731
40.235;400;buy;13:32:11.036
40.235;125;buy;13:32:11.236
40.24;125;buy;13:32:11.782
40.24;22;buy;13:32:11.823
40.245;1;buy;13:32:12.691
40.235;138;sell;13:32:14.222
40.235;126;sell;13:32:14.480
40.235;114;sell;13:32:14.731
40.24;104;buy;13:32:15.036
40.245;5;buy;13:32:16.499
40.24;316;buy;13:32:17.036
40.235;31;sell;13:32:17.040
40.235;31;sell;13:32:17.041
40.235;62;sell;13:32:17.042
40.235;62;sell;13:32:17.043
40.235;62;sell;13:32:17.044
40.235;62;sell;13:32:17.045
40.235;62;sell;13:32:17.046
40.235;62;sell;13:32:17.047
40.235;151;sell;13:32:17.515
40.23;137;sell;13:32:17.779
40.23;31;sell;13:32:17.784
40.23;31;sell;13:32:17.786
40.23;31;sell;13:32:17.787
40.23;62;sell;13:32:17.788
40.225;125;sell;13:32:18.031
40.225;113;sell;13:32:18.281
40.235;30;buy;13:32:18.544
40.235;60;buy;13:32:20.323
40.235;23;buy;13:32:20.382
40.225;101;sell;13:32:21.572
40.235;27;buy;13:32:21.740
40.225;35;sell;13:32:23.937
40.235;64;buy;13:32:25.226
40.23;328;buy;13:32:28.121
40.24;4;buy;13:32:29.823
40.24;27;buy;13:32:32.729
40.23;89;sell;13:32:33.644
40.225;5;sell;13:32:38.799
40.235;20;buy;13:32:39.948
40.235;65;buy;13:32:40.227
40.225;35;sell;13:32:41.525
40.23;27;buy;13:32:43.734
40.23;50;buy;13:32:44.834
40.23;5;buy;13:32:46.476
40.23;637;buy;13:32:47.571
40.23;125;buy;13:32:52.671
40.235;27;buy;13:32:54.734
40.235;65;buy;13:32:55.237
40.235;4;buy;13:33:01.085
40.255;27;buy;13:33:05.739
40.255;1;buy;13:33:06.480
40.25;64;buy;13:33:10.246
40.235;119;sell;13:33:10.897
40.24;10;buy;13:33:12.365
40.235;2;sell;13:33:16.213
40.245;27;buy;13:33:16.744
40.24;55;buy;13:33:21.337
40.235;67;sell;13:33:21.820
40.24;65;buy;13:33:25.252
40.235;400;sell;13:33:25.460
40.24;1;buy;13:33:27.694
40.24;27;buy;13:33:27.748
40.235;500;sell;13:33:27.946
40.23;100;buy;13:33:29.167
40.23;1;buy;13:33:29.245
40.23;6;buy;13:33:30.005
40.23;452;buy;13:33:35.612
40.24;2;buy;13:33:37.840
40.24;27;buy;13:33:38.741
40.24;64;buy;13:33:40.260
40.245;1;buy;13:33:47.098
40.245;27;buy;13:33:49.741
40.245;7;buy;13:33:51.410
40.245;165;buy;13:33:55.121
40.26;65;buy;13:33:55.259
40.25;127;sell;13:33:58.588
40.24;50;buy;13:33:58.652
40.24;20;buy;13:33:58.743
40.24;27;buy;13:34:00.759
40.24;345;sell;13:34:06.499
40.25;65;buy;13:34:10.277
40.265;26;buy;13:34:11.752
40.265;24;buy;13:34:12.832
40.26;29;sell;13:34:13.624
40.275;27;buy;13:34:22.751
40.28;12;buy;13:34:23.200
40.275;64;buy;13:34:25.273
40.265;37;buy;13:34:26.557
40.255;50;buy;13:34:31.783
40.255;27;buy;13:34:33.751
40.26;1;buy;13:34:34.082
40.26;1;buy;13:34:34.485
40.255;12;buy;13:34:37.486
40.27;65;buy;13:34:40.276
40.27;2;buy;13:34:41.578
40.27;5;buy;13:34:42.692
40.27;27;buy;13:34:44.763
40.275;2;buy;13:34:48.711
40.28;64;buy;13:34:55.289
40.28;27;buy;13:34:55.765
40.285;300;buy;13:34:58.473
40.28;10;sell;13:35:00.452
40.29;2;buy;13:35:02.965
40.275;27;buy;13:35:06.764
40.27;50;sell;13:35:08.204
40.265;65;buy;13:35:10.294
40.255;45;sell;13:35:12.924
40.245;150;sell;13:35:14.492
40.26;500;buy;13:35:14.495
40.255;1;buy;13:35:15.719
40.255;5;buy;13:35:17.601
40.255;27;buy;13:35:17.762
40.255;135;buy;13:35:17.825
40.25;125;buy;13:35:17.882
40.245;1;sell;13:35:18.024
40.25;49;buy;13:35:18.082
40.25;1;buy;13:35:18.186
40.25;1;buy;13:35:18.209
40.275;34;buy;13:35:21.571
40.265;65;buy;13:35:25.296
40.265;60;buy;13:35:26.882
40.275;100;buy;13:35:28.232
40.275;27;buy;13:35:28.763
40.285;27;buy;13:35:39.780
40.29;64;buy;13:35:40.308
40.285;124;buy;13:35:49.548
40.285;27;buy;13:35:50.773
40.29;1;buy;13:35:52.107
40.285;65;buy;13:35:55.310
40.285;27;buy;13:36:01.779
40.285;450;buy;13:36:07.170
40.285;1;buy;13:36:07.614
40.295;3;buy;13:36:08.219
40.295;64;buy;13:36:10.312
40.295;2;buy;13:36:12.077
40.295;27;buy;13:36:12.770
40.31;3;buy;13:36:15.487
40.3;1;buy;13:36:18.386
40.31;26;buy;13:36:23.787
40.31;65;buy;13:36:25.313
40.29;1;sell;13:36:27.423
40.29;253;sell;13:36:30.042
40.305;2;buy;13:36:30.787
40.295;111;buy;13:36:32.671
40.295;27;buy;13:36:34.778
40.295;1053;buy;13:36:35.086
40.31;1;sell;13:36:35.161
40.31;26;sell;13:36:36.033
40.31;695;sell;13:36:38.336
40.31;1;sell;13:36:38.736
40.31;125;sell;13:36:38.771
40.31;249;sell;13:36:39.036
40.31;650;sell;13:36:39.236
40.295;65;buy;13:36:40.327
40.295;1;buy;13:36:43.734
40.295;1;buy;13:36:43.809
40.295;27;buy;13:36:45.783
40.295;3;buy;13:36:49.840
40.29;20;sell;13:36:51.251
40.295;1;buy;13:36:54.422
40.295;64;buy;13:36:55.325
40.295;27;buy;13:36:56.780
40.295;12;buy;13:36:57.685
40.295;358;buy;13:36:58.227
40.295;9;buy;13:37:00.997
40.295;1;buy;13:37:02.416
40.295;1;buy;13:37:02.761
40.295;27;buy;13:37:07.784
40.295;1;buy;13:37:09.465
40.295;65;buy;13:37:10.335
40.3;150;buy;13:37:16.149
40.295;27;buy;13:37:18.793
40.29;10;sell;13:37:23.640
40.295;1;buy;13:37:24.455
40.295;64;buy;13:37:25.339
40.295;3;buy;13:37:29.074
40.295;27;buy;13:37:29.784
40.295;65;buy;13:37:40.345
40.295;27;buy;13:37:40.793
40.295;124;buy;13:37:41.177
40.295;1;buy;13:37:41.242
40.295;3;buy;13:37:42.175
40.29;40;sell;13:37:46.167
40.295;2;buy;13:37:47.582
40.295;480;buy;13:37:48.545
40.3;27;buy;13:37:51.797
40.3;64;buy;13:37:53.682
40.3;34;buy;13:37:53.823
40.3;4;buy;13:37:54.614
40.3;65;buy;13:37:55.353
40.3;56;buy;13:37:55.423
40.295;11;sell;13:37:58.679
40.3;5;buy;13:37:59.440
40.3;1;buy;13:38:00.851
40.3;32;buy;13:38:01.513
40.3;27;buy;13:38:02.802
40.3;50;buy;13:38:05.668
40.295;31;sell;13:38:06.253
40.295;31;sell;13:38:06.261
40.295;31;sell;13:38:06.262
40.295;62;sell;13:38:06.263
40.295;62;sell;13:38:06.264
40.295;31;sell;13:38:06.265
40.295;62;sell;13:38:06.266
40.295;62;sell;13:38:06.267
40.295;31;sell;13:38:06.268
40.295;31;sell;13:38:06.269
40.295;62;sell;13:38:06.270
40.295;31;sell;13:38:06.271
40.295;31;sell;13:38:06.272
40.295;62;sell;13:38:06.273
40.295;31;sell;13:38:06.274
40.295;15;sell;13:38:06.275
40.295;493;sell;13:38:07.120
40.295;45;sell;13:38:09.836
40.3;64;buy;13:38:10.363
40.3;1;buy;13:38:10.580
40.3;27;buy;13:38:13.807
40.3;100;buy;13:38:14.998
40.295;14;sell;13:38:24.560
40.295;51;sell;13:38:24.682
40.295;27;buy;13:38:24.809
40.295;65;buy;13:38:25.356
40.295;2;buy;13:38:31.878
40.295;2;buy;13:38:33.664
40.295;26;buy;13:38:35.810
40.295;3;buy;13:38:38.076
40.295;65;buy;13:38:40.374
40.295;27;buy;13:38:46.813
40.295;64;buy;13:38:55.382
40.295;27;buy;13:38:57.811
40.29;7;sell;13:39:03.499
40.295;40;buy;13:39:04.120
40.295;27;buy;13:39:08.814
40.295;65;buy;13:39:10.376
40.295;100;buy;13:39:13.983
40.295;27;buy;13:39:19.819
40.295;64;buy;13:39:25.381
40.305;30;buy;13:39:25.977
40.315;27;buy;13:39:30.814
40.315;1;buy;13:39:31.508
40.325;18;buy;13:39:34.130
40.315;2;buy;13:39:34.708
40.32;50;buy;13:39:35.310
40.32;15;buy;13:39:35.644
40.315;2;buy;13:39:37.352
40.315;65;buy;13:39:40.397
40.315;3;buy;13:39:40.976
40.31;27;buy;13:39:41.821
40.3;1;sell;13:39:45.256
40.3;27;buy;13:39:52.813
40.3;1;buy;13:39:54.520
40.3;65;buy;13:39:55.404
40.3;2;buy;13:39:56.874
40.3;100;buy;13:39:59.314
40.295;56;sell;13:40:03.058
40.28;4;sell;13:40:03.070
40.275;9;sell;13:40:03.079
40.26;36;sell;13:40:03.087
40.26;2;buy;13:40:03.564
40.26;27;buy;13:40:03.828
40.26;64;buy;13:40:10.411
40.26;10;buy;13:40:11.754
40.27;27;buy;13:40:14.818
40.27;2;buy;13:40:19.237
40.27;1;buy;13:40:23.468
40.27;65;buy;13:40:25.416
40.27;27;buy;13:40:25.834
40.275;2299;buy;13:40:32.553
40.295;124;buy;13:40:32.982
40.295;1;buy;13:40:33.536
40.295;125;buy;13:40:33.636
40.295;40;sell;13:40:33.636
40.3;27;buy;13:40:36.827
40.31;64;buy;13:40:40.415
40.3;508;sell;13:40:44.071
40.31;1;buy;13:40:45.845
40.31;26;buy;13:40:47.825
40.31;1;buy;13:40:54.341
40.31;65;buy;13:40:55.435
40.31;1000;buy;13:40:55.944
40.305;7;sell;13:40:56.367
40.325;27;buy;13:40:58.841
40.325;27;buy;13:41:09.835
40.325;65;buy;13:41:10.427
40.325;30;buy;13:41:14.122
40.32;500;buy;13:41:17.504
40.31;10000;sell;13:41:17.989
40.29;138;sell;13:41:18.182
40.305;1;buy;13:41:18.889
40.305;27;buy;13:41:20.842
40.305;4;buy;13:41:23.084
40.305;1;buy;13:41:24.574
40.305;64;buy;13:41:25.442
40.305;3;buy;13:41:28.329
40.305;1;buy;13:41:30.987
40.305;27;buy;13:41:31.842
40.305;65;buy;13:41:40.431
40.305;24;buy;13:41:41.632
40.3;1;buy;13:41:42.576
40.3;618;buy;13:41:42.772
40.305;27;buy;13:41:42.919
40.32;27;buy;13:41:53.849
40.315;64;buy;13:41:55.438
40.315;5;buy;13:41:56.260
40.305;6;sell;13:41:59.442
40.315;150;buy;13:42:01.148
40.31;27;buy;13:42:04.854
40.31;5;buy;13:42:05.637
40.315;65;buy;13:42:10.448
40.32;27;buy;13:42:15.857
40.305;248;sell;13:42:16.638
40.315;1;buy;13:42:16.759
40.315;1;buy;13:42:19.714
40.32;4;buy;13:42:23.712
40.32;4;buy;13:42:24.753
40.32;65;buy;13:42:25.457
40.32;27;buy;13:42:26.852
40.32;10;buy;13:42:36.032
40.32;27;buy;13:42:37.857
40.32;64;buy;13:42:40.462
40.325;20;buy;13:42:47.949
40.325;27;buy;13:42:48.864
40.325;100;buy;13:42:49.549
40.325;71;buy;13:42:50.585
40.325;65;buy;13:42:55.460
40.325;27;buy;13:42:59.858
40.32;2;buy;13:43:02.736
40.32;5;buy;13:43:06.375
40.32;2;buy;13:43:06.528
40.32;64;buy;13:43:10.475
40.33;26;buy;13:43:10.864
40.325;18;buy;13:43:12.528
40.325;1;buy;13:43:16.628
40.325;40;buy;13:43:19.631
40.325;27;buy;13:43:21.858
40.32;10;sell;13:43:22.199
40.33;1;buy;13:43:24.174
40.32;3;sell;13:43:25.325
40.325;65;buy;13:43:25.490
40.325;26;buy;13:43:27.053
40.325;10;buy;13:43:27.243
40.32;1;sell;13:43:28.060
40.33;27;buy;13:43:32.862
40.325;65;buy;13:43:40.489
40.325;27;buy;13:43:43.872
40.325;10;buy;13:43:45.244
40.32;110;sell;13:43:47.818
40.315;2;sell;13:43:50.045
40.32;1;buy;13:43:54.198
40.32;27;buy;13:43:54.875
40.32;64;buy;13:43:55.482
40.315;1;sell;13:44:02.336
40.315;27;buy;13:44:05.874
40.315;2;buy;13:44:07.239
40.31;125;sell;13:44:07.336
40.315;25;buy;13:44:09.788
40.315;65;buy;13:44:10.491
40.31;1;sell;13:44:12.868
40.315;250;buy;13:44:15.361
40.315;27;buy;13:44:16.867
40.315;5;buy;13:44:18.404
40.315;4;buy;13:44:19.023
40.315;100;buy;13:44:19.820
40.315;65;buy;13:44:25.515
40.315;50;buy;13:44:25.761
40.315;27;buy;13:44:27.883
40.315;500;buy;13:44:29.624
40.315;27;buy;13:44:38.875
40.31;4;sell;13:44:39.569
40.315;64;buy;13:44:40.505
40.31;400;sell;13:44:40.622
40.315;27;buy;13:44:49.880
40.31;25;sell;13:44:50.277
40.315;65;buy;13:44:55.521
40.315;10;buy;13:44:57.475
40.315;27;buy;13:45:00.887
40.315;10;buy;13:45:03.316
40.31;5000;sell;13:45:04.653
40.285;248;sell;13:45:07.212
40.3;64;buy;13:45:10.522
40.3;27;buy;13:45:11.880
40.285;58;sell;13:45:13.643
40.3;3307;buy;13:45:17.690
40.325;26;buy;13:45:22.883
40.325;65;buy;13:45:25.520
40.32;1157;sell;13:45:26.263
40.305;1;sell;13:45:32.088
40.32;1;buy;13:45:32.933
40.31;27;buy;13:45:33.887
40.315;1;buy;13:45:38.165
40.315;65;buy;13:45:40.531
40.32;1;buy;13:45:41.282
40.32;27;buy;13:45:44.889
40.32;1;buy;13:45:53.093
40.31;50;sell;13:45:54.382
40.32;64;buy;13:45:55.528
40.32;27;buy;13:45:55.913
40.315;27;buy;13:46:06.898
40.315;65;buy;13:46:10.550
40.315;10;buy;13:46:15.599
40.315;27;buy;13:46:17.899
40.32;64;buy;13:46:25.552
40.32;100;buy;13:46:26.382
40.32;100;buy;13:46:26.688
40.32;100;buy;13:46:26.844
40.32;100;buy;13:46:27.002
40.32;27;buy;13:46:28.906
40.32;1500;buy;13:46:28.952
40.32;1;buy;13:46:30.450
40.32;100;buy;13:46:32.854
40.32;9;buy;13:46:36.774
40.315;4;sell;13:46:37.162
40.32;20;buy;13:46:39.130
40.32;27;buy;13:46:39.907
40.32;65;buy;13:46:40.559
40.315;1;sell;13:46:46.396
40.32;3;buy;13:46:50.527
40.32;27;buy;13:46:50.916
40.32;20;buy;13:46:52.682
40.32;101;buy;13:46:52.941
40.32;12;buy;13:46:53.621
40.32;12;buy;13:46:55.499
40.32;65;buy;13:46:55.559
40.31;10;sell;13:46:55.982
40.305;27;buy;13:47:01.901
40.305;10;buy;13:47:02.821
40.305;1;buy;13:47:03.829
40.305;1;buy;13:47:07.641
40.305;64;buy;13:47:10.572
40.305;1;buy;13:47:11.571
40.305;27;buy;13:47:12.913
40.305;90;buy;13:47:15.023
40.305;1;buy;13:47:16.893
40.3;17;sell;13:47:17.180
40.305;5;buy;13:47:23.807
40.305;27;buy;13:47:23.904
40.305;65;buy;13:47:25.575
40.305;3;buy;13:47:29.970
40.305;26;buy;13:47:34.914
40.305;1;buy;13:47:35.566
40.305;64;buy;13:47:40.572
40.3;3700;sell;13:47:45.208
40.295;27;buy;13:47:45.915
40.295;200;buy;13:47:47.429
40.29;5;buy;13:47:47.561
40.29;2;buy;13:47:49.540
40.29;65;buy;13:47:55.583
40.29;27;buy;13:47:56.931
40.29;4;buy;13:47:59.871
40.285;300;buy;13:48:01.371
40.28;100;buy;13:48:02.279
40.265;100;sell;13:48:05.595
40.27;10;buy;13:48:07.644
40.27;27;buy;13:48:07.918
40.28;65;buy;13:48:10.580
40.28;1;buy;13:48:11.705
40.28;9;buy;13:48:12.753
40.28;400;buy;13:48:15.986
40.275;27;buy;13:48:18.924
40.255;30;sell;13:48:19.507
40.25;105;sell;13:48:24.566
40.26;64;buy;13:48:25.585
40.24;106;sell;13:48:25.828
40.25;260;buy;13:48:27.283
40.245;200;buy;13:48:27.285
40.235;1;sell;13:48:28.374
40.235;33;sell;13:48:28.542
40.245;27;buy;13:48:29.923
40.24;5;sell;13:48:34.572
40.245;1;buy;13:48:35.557
40.245;65;buy;13:48:40.608
40.245;27;buy;13:48:40.924
40.245;1;buy;13:48:42.841
40.26;500;buy;13:48:44.865
40.25;1;sell;13:48:46.910
40.265;1;buy;13:48:47.789
40.29;27;buy;13:48:51.938
40.285;64;buy;13:48:55.610
40.285;27;buy;13:49:02.936
40.285;65;buy;13:49:07.416
40.275;65;buy;13:49:10.606
40.285;27;buy;13:49:13.938
40.265;22;sell;13:49:17.794
40.28;27;buy;13:49:24.947
40.285;65;buy;13:49:25.619
40.285;1;buy;13:49:34.397
40.285;1;buy;13:49:35.233
40.285;27;buy;13:49:35.935
40.285;1;buy;13:49:35.937
40.285;33;buy;13:49:37.302
40.285;64;buy;13:49:40.615
40.285;30;buy;13:49:44.190
40.285;4;buy;13:49:44.922
40.285;10;buy;13:49:44.978
40.285;26;buy;13:49:46.947
40.28;1;sell;13:49:47.944
40.285;1;buy;13:49:48.787
40.285;3;buy;13:49:50.287
40.285;5;buy;13:49:53.350
40.285;1;buy;13:49:54.683
40.285;65;buy;13:49:55.633
40.285;27;buy;13:49:57.949
40.285;2;buy;13:50:01.500
40.285;8;buy;13:50:03.842
40.28;19;sell;13:50:05.381
40.265;1;buy;13:50:08.024
40.265;27;buy;13:50:08.972
40.265;65;buy;13:50:10.642
40.26;260;buy;13:50:14.357
40.255;4;sell;13:50:14.361
40.26;27;buy;13:50:19.950
40.26;64;buy;13:50:25.646
40.26;1;buy;13:50:26.471
40.26;314;buy;13:50:29.518
40.265;40;buy;13:50:29.520
40.28;10;buy;13:50:29.582
40.285;27;buy;13:50:30.951
40.285;69;buy;13:50:32.723
40.285;65;buy;13:50:40.643
40.285;2;buy;13:50:41.307
40.285;27;buy;13:50:41.959
40.29;4;buy;13:50:43.445
40.29;27;buy;13:50:52.949
40.275;705;sell;13:50:53.159
40.295;64;buy;13:50:55.653
40.3;1;buy;13:50:58.025
40.3;50;buy;13:50:58.757
40.28;4;sell;13:51:02.398
40.295;27;buy;13:51:03.963
40.29;1000;buy;13:51:10.351
40.3;65;buy;13:51:10.654
40.295;27;buy;13:51:14.953
40.285;7;sell;13:51:16.364
40.28;4;buy;13:51:20.653
40.28;2;buy;13:51:20.872
40.28;24;buy;13:51:22.400
40.27;65;buy;13:51:25.687
40.27;2;buy;13:51:25.924
40.27;27;buy;13:51:25.982
40.27;100;buy;13:51:28.810
40.265;1;sell;13:51:29.938
40.27;6;buy;13:51:32.665
40.27;26;buy;13:51:35.332
40.27;27;buy;13:51:36.973
40.27;1;buy;13:51:37.070
40.27;24;buy;13:51:37.182
40.27;64;buy;13:51:40.675
40.275;1;buy;13:51:42.353
40.275;1;buy;13:51:46.305
40.275;2;buy;13:51:47.811
40.275;27;buy;13:51:47.958
40.275;3;buy;13:51:55.151
40.275;65;buy;13:51:55.667
40.28;1;buy;13:51:55.833
40.27;145;sell;13:51:57.207
40.275;26;buy;13:51:58.971
40.27;200;sell;13:52:05.488
40.265;157;sell;13:52:05.659
40.265;1;buy;13:52:06.077
40.265;5;buy;13:52:09.647
40.265;27;buy;13:52:09.972
40.265;10;buy;13:52:10.035
40.265;64;buy;13:52:10.675
40.265;1;buy;13:52:11.806
40.265;1;buy;13:52:12.421
40.26;2123;sell;13:52:12.669
40.265;10;buy;13:52:18.202
40.265;10;buy;13:52:20.366
40.265;27;buy;13:52:20.983
40.27;10;buy;13:52:22.810
40.27;65;buy;13:52:25.679
40.27;1;buy;13:52:27.750
40.265;5000;sell;13:52:29.147
40.26;174;sell;13:52:29.182
40.26;210;sell;13:52:29.282
40.26;159;sell;13:52:29.323
40.26;1700;sell;13:52:30.064
40.26;5331;sell;13:52:30.091
40.255;27;buy;13:52:31.984
40.255;10;buy;13:52:34.616
40.255;5;buy;13:52:36.822
40.255;65;buy;13:52:40.690
40.255;27;buy;13:52:42.985
40.255;1;buy;13:52:44.103
40.255;2;buy;13:52:44.907
40.255;15;buy;13:52:47.917
40.25;155;sell;13:52:50.723
40.245;105;sell;13:52:50.782
40.24;292;sell;13:52:50.923
40.24;69;sell;13:52:51.882
40.245;27;buy;13:52:53.988
40.245;64;buy;13:52:55.702
40.245;1;buy;13:52:56.053
40.245;1;buy;13:52:58.399
40.245;59;buy;13:52:58.496
40.245;27;buy;13:53:04.999
40.245;65;buy;13:53:10.704
40.25;25;buy;13:53:11.963
40.245;27;buy;13:53:15.977
40.245;50;buy;13:53:17.011
40.24;124;sell;13:53:22.782
40.24;124;sell;13:53:22.882
40.245;30;buy;13:53:23.258
40.245;64;buy;13:53:25.706
40.245;27;buy;13:53:26.983
40.245;32;buy;13:53:34.059
40.245;1;buy;13:53:34.714
40.245;3;buy;13:53:36.075
40.245;27;buy;13:53:37.996
40.245;65;buy;13:53:40.716
40.245;1;buy;13:53:41.922
40.24;391;sell;13:53:46.753
40.235;300;buy;13:53:46.756
40.23;48;sell;13:53:46.882
40.23;54;sell;13:53:48.382
40.23;2;sell;13:53:48.781
40.23;199;sell;13:53:48.921
40.235;27;buy;13:53:48.996
40.23;71;sell;13:53:49.821
40.235;5;buy;13:53:51.709
40.235;65;buy;13:53:55.726
40.235;1;buy;13:53:55.733
40.23;8;sell;13:53:59.387
40.23;32;sell;13:53:59.589
40.235;27;buy;13:53:59.988
40.23;1;sell;13:54:04.964
40.235;4;buy;13:54:04.981
40.235;64;buy;13:54:10.727
40.235;27;buy;13:54:10.998
40.235;4;buy;13:54:13.944
40.23;10;sell;13:54:17.242
40.235;37;buy;13:54:17.646
40.235;1;buy;13:54:18.786
40.235;26;buy;13:54:21.993
40.23;1;sell;13:54:23.560
40.235;65;buy;13:54:25.728
40.235;10;buy;13:54:31.895
40.235;27;buy;13:54:33.002
40.235;1;buy;13:54:37.210
40.235;3;buy;13:54:37.812
40.235;64;buy;13:54:40.739
40.235;27;buy;13:54:43.997
40.23;89;sell;13:54:44.038
40.235;100;buy;13:54:47.105
40.235;22;buy;13:54:52.156
40.235;25;buy;13:54:52.656
40.235;15;buy;13:54:54.929
40.235;27;buy;13:54:55.010
40.235;65;buy;13:54:55.747
40.235;19;buy;13:54:56.274
40.235;38;buy;13:54:57.405
40.23;30;sell;13:55:03.704
40.235;27;buy;13:55:06.012
40.235;65;buy;13:55:10.754
40.235;27;buy;13:55:17.014
40.235;1;buy;13:55:18.464
40.24;64;buy;13:55:25.752
40.24;1;buy;13:55:27.329
40.24;27;buy;13:55:28.006
40.24;174;buy;13:55:32.282
40.24;1;buy;13:55:37.496
40.24;27;buy;13:55:39.015
40.24;65;buy;13:55:40.766
40.24;100;buy;13:55:46.315
40.23;2371;sell;13:55:47.513
40.23;300;buy;13:55:47.514
40.23;27;buy;13:55:50.024
40.23;10;buy;13:55:52.394
40.23;174;buy;13:55:52.482
40.23;65;buy;13:55:55.758
40.23;100;buy;13:55:56.364
40.23;20;buy;13:55:58.048
40.23;100;buy;13:55:58.238
40.23;833;buy;13:55:58.453
40.24;120;buy;13:55:58.456
40.245;200;buy;13:55:58.706
40.245;2;buy;13:56:00.088
40.245;174;buy;13:56:00.482
40.245;447;buy;13:56:00.523
40.245;124;buy;13:56:00.682
40.245;447;buy;13:56:00.723
40.245;695;buy;13:56:00.736
40.245;372;buy;13:56:00.881
40.245;199;buy;13:56:01.021
40.245;27;buy;13:56:01.023
40.245;4;buy;13:56:01.738
40.245;154;buy;13:56:02.040
40.245;1000;buy;13:56:04.015
40.245;1000;buy;13:56:04.592
40.245;1000;buy;13:56:04.950
40.245;1;buy;13:56:07.386
40.245;500;buy;13:56:10.601
40.245;64;buy;13:56:10.774
40.245;27;buy;13:56:12.023
40.245;2;buy;13:56:12.969
40.245;10;buy;13:56:17.345
40.24;105;sell;13:56:17.487
40.24;117;sell;13:56:17.492
40.24;390;sell;13:56:17.505
40.24;132;sell;13:56:17.519
40.235;1500;sell;13:56:17.575
40.23;125;sell;13:56:17.769
40.23;75;sell;13:56:17.776
40.225;99;sell;13:56:18.076
40.23;100;buy;13:56:18.275
40.23;1;buy;13:56:20.407
40.23;10;buy;13:56:21.833
40.23;27;buy;13:56:23.024
40.225;63;sell;13:56:24.554
40.225;35;sell;13:56:24.586
40.225;7;sell;13:56:24.587
40.225;124;sell;13:56:24.681
40.23;65;buy;13:56:25.781
40.225;1;sell;13:56:28.071
40.23;400;buy;13:56:30.607
40.23;392;buy;13:56:32.860
40.235;26;buy;13:56:34.018
40.235;583;buy;13:56:37.118
40.235;622;buy;13:56:39.037
40.245;3055;buy;13:56:40.723
40.26;64;buy;13:56:40.775
40.27;190;buy;13:56:40.867
40.27;202;buy;13:56:43.560
40.275;27;buy;13:56:45.030
40.265;17;sell;13:56:47.862
40.275;98;buy;13:56:47.882
40.265;6;sell;13:56:48.260
40.295;65;buy;13:56:55.785
40.295;27;buy;13:56:56.037
40.28;87;sell;13:57:05.660
40.29;27;buy;13:57:07.038
40.29;4;buy;13:57:08.510
40.29;20;buy;13:57:10.670
40.29;65;buy;13:57:10.801
40.29;27;buy;13:57:18.040
40.29;1000;buy;13:57:19.190
40.29;500;buy;13:57:21.886
40.3;4;buy;13:57:25.616
40.3;64;buy;13:57:25.795
40.305;4;buy;13:57:26.604
40.305;1;buy;13:57:26.670
40.305;27;buy;13:57:29.044
40.29;37;sell;13:57:31.279
40.29;100;buy;13:57:33.379
40.29;27;buy;13:57:40.042
40.295;65;buy;13:57:40.866
40.285;14;sell;13:57:47.066
40.29;27;buy;13:57:51.090
40.29;64;buy;13:57:55.812
40.285;2;sell;13:58:00.859
40.295;27;buy;13:58:02.038
40.29;4;buy;13:58:06.872
40.29;1;buy;13:58:07.023
40.29;5;buy;13:58:08.701
40.29;2;buy;13:58:09.895
40.295;65;buy;13:58:10.820
40.3;27;buy;13:58:13.053
40.29;27;buy;13:58:24.040
40.29;65;buy;13:58:25.836
40.295;27;buy;13:58:35.050
40.285;8;sell;13:58:40.818
40.295;64;buy;13:58:40.828
40.295;26;buy;13:58:46.057
40.28;65;buy;13:58:55.838
40.28;27;buy;13:58:57.054
40.28;1;buy;13:58:57.284
40.265;10;sell;13:58:57.756
40.28;8;buy;13:58:59.272
40.265;5;sell;13:59:01.038
40.28;1;buy;13:59:02.092
40.28;27;buy;13:59:08.049
40.285;64;buy;13:59:10.848
40.29;886;buy;13:59:13.684
40.31;43;buy;13:59:13.882
40.315;5;buy;13:59:15.422
40.305;2;sell;13:59:16.275
40.31;27;buy;13:59:19.058
40.31;3;buy;13:59:25.208
40.31;65;buy;13:59:25.853
40.295;1000;sell;13:59:26.341
40.295;14;sell;13:59:26.469
40.31;3;buy;13:59:26.821
40.31;27;buy;13:59:30.067
40.305;24;buy;13:59:33.515
40.305;65;buy;13:59:40.850
40.305;27;buy;13:59:41.068
40.31;50;buy;13:59:42.446
40.31;27;buy;13:59:52.069
40.305;64;buy;13:59:55.851
40.3;1;sell;14:00:01.154
40.305;1;buy;14:00:01.550
40.305;500;buy;14:00:02.932
40.305;27;buy;14:00:03.061
40.3;9;sell;14:00:03.123
40.28;39;sell;14:00:03.160
40.265;1;sell;14:00:05.827
40.28;65;buy;14:00:10.862
40.275;1;buy;14:00:12.351
40.275;27;buy;14:00:14.076
40.275;3600;buy;14:00:19.869
40.295;27;buy;14:00:25.068
40.295;64;buy;14:00:25.877
40.275;1;sell;14:00:27.710
40.285;12;buy;14:00:28.942
40.275;8;sell;14:00:34.782
40.27;1;sell;14:00:35.022
40.26;27;buy;14:00:36.080
40.255;65;buy;14:00:40.875
40.265;1;buy;14:00:46.929
40.265;27;buy;14:00:47.083
40.26;6;buy;14:00:50.362
40.26;8;buy;14:00:52.369
40.26;65;buy;14:00:55.876
40.26;26;buy;14:00:58.084
40.26;3;buy;14:01:00.372
40.25;2;sell;14:01:05.882
40.245;5;sell;14:01:05.923
40.24;1;sell;14:01:06.082
40.245;27;buy;14:01:09.105
40.255;12;buy;14:01:09.299
40.25;25;buy;14:01:09.798
40.265;8;buy;14:01:10.769
40.265;64;buy;14:01:10.894
40.265;10;buy;14:01:12.284
40.27;50;buy;14:01:13.130
40.27;9;buy;14:01:13.813
40.25;27;sell;14:01:15.864
40.25;5;sell;14:01:18.882
40.255;27;buy;14:01:20.096
40.255;65;buy;14:01:25.894
40.255;2;buy;14:01:26.611
40.26;1;buy;14:01:26.985
40.25;9;sell;14:01:30.456
40.245;27;buy;14:01:31.092
40.23;447;sell;14:01:32.724
40.23;299;sell;14:01:32.782
40.23;432;sell;14:01:32.823
40.23;298;sell;14:01:32.882
40.23;156;sell;14:01:32.916
40.23;45;sell;14:01:32.923
40.23;174;sell;14:01:32.982
40.235;5;buy;14:01:33.831
40.235;125;buy;14:01:37.636
40.235;571;buy;14:01:38.036
40.235;1;buy;14:01:39.501
40.235;248;buy;14:01:40.380
40.235;65;buy;14:01:40.893
40.235;27;buy;14:01:42.090
40.23;106;sell;14:01:43.603
40.23;21;sell;14:01:44.199
40.23;100;sell;14:01:48.428
40.23;100;sell;14:01:49.047
40.235;10;buy;14:01:50.328
40.235;27;buy;14:01:53.083
40.235;64;buy;14:01:55.898
40.235;5;buy;14:02:00.881
40.235;2;buy;14:02:01.895
40.235;1;buy;14:02:03.106
40.235;27;buy;14:02:04.091
40.23;40;sell;14:02:04.365
40.235;3;buy;14:02:05.740
40.23;1;sell;14:02:07.040
40.235;11;buy;14:02:07.180
40.235;9;buy;14:02:08.706
40.245;1;buy;14:02:10.674
40.245;65;buy;14:02:10.905
40.24;1;sell;14:02:14.270
40.245;27;buy;14:02:15.089
40.245;2;buy;14:02:16.418
40.245;1;buy;14:02:17.840
40.25;1;sell;14:02:21.400
40.25;8;sell;14:02:22.085
40.25;1;sell;14:02:22.522
40.25;1;sell;14:02:23.385
40.255;1;buy;14:02:24.800
40.255;64;buy;14:02:25.913
40.255;27;buy;14:02:26.227
40.26;29;buy;14:02:27.315
40.255;221;sell;14:02:27.581
40.245;1;sell;14:02:28.696
40.255;1;buy;14:02:31.960
40.255;2;buy;14:02:33.055
40.245;1;sell;14:02:36.050
40.255;27;buy;14:02:37.103
40.245;1;sell;14:02:37.193
40.26;1;buy;14:02:39.455
40.26;65;buy;14:02:40.924
40.245;1;sell;14:02:42.911
40.26;1;buy;14:02:46.270
40.26;27;buy;14:02:48.108
40.245;1;sell;14:02:49.420
40.255;1;buy;14:02:53.242
40.26;65;buy;14:02:55.931
40.245;1;sell;14:02:56.780
40.26;44;buy;14:02:56.923
40.255;27;buy;14:02:59.105
40.255;1;buy;14:02:59.988
40.25;3;buy;14:03:00.524
40.245;1;sell;14:03:03.049
40.25;1;buy;14:03:07.360
40.25;76;buy;14:03:08.389
40.25;26;buy;14:03:10.107
40.245;1;sell;14:03:10.684
40.25;64;buy;14:03:10.924
40.25;910;buy;14:03:13.383
40.25;1;buy;14:03:14.207
40.25;1;buy;14:03:17.091
40.245;1;sell;14:03:17.391
40.245;124;sell;14:03:18.081
40.245;10;sell;14:03:18.679
40.25;5;buy;14:03:19.137
40.245;199;sell;14:03:19.421
40.245;122;sell;14:03:19.481
40.235;1;buy;14:03:20.885
40.235;27;buy;14:03:21.101
40.235;50;buy;14:03:23.984
40.23;1;sell;14:03:24.080
40.235;1;buy;14:03:25.688
40.235;65;buy;14:03:25.937
40.235;1;buy;14:03:28.160
40.23;7;sell;14:03:31.352
40.23;98;sell;14:03:31.375
40.23;1;sell;14:03:31.400
40.23;126;sell;14:03:31.481
40.23;50;sell;14:03:31.691
40.225;688;sell;14:03:32.102
40.22;27;buy;14:03:32.108
40.215;106;sell;14:03:32.182
40.21;22;sell;14:03:32.207
40.21;178;sell;14:03:32.218
40.205;33;sell;14:03:32.227
40.205;26;sell;14:03:32.254
40.2;89;sell;14:03:32.453
40.2;1500;sell;14:03:32.461
40.2;223;sell;14:03:32.615
40.2;248;sell;14:03:32.681
40.2;174;buy;14:03:33.982
40.2;17;buy;14:03:34.018
40.2;174;buy;14:03:34.082
40.2;1;buy;14:03:35.228
40.195;52;sell;14:03:35.674
40.21;64;buy;14:03:40.944
40.205;27;buy;14:03:43.115
40.23;1;buy;14:03:50.571
40.215;81;sell;14:03:52.955
40.22;27;buy;14:03:54.119
40.22;1;buy;14:03:55.245
40.22;65;buy;14:03:55.954
40.22;27;buy;14:04:05.127
40.215;500;sell;14:04:06.712
40.215;500;sell;14:04:07.781
40.215;1;sell;14:04:08.005
40.215;119;sell;14:04:08.770
40.215;65;buy;14:04:10.966
40.215;1;buy;14:04:12.485
40.215;1;buy;14:04:12.546
40.21;18;sell;14:04:13.766
40.21;201;sell;14:04:14.304
40.205;30;sell;14:04:14.397
40.195;60;sell;14:04:14.427
40.19;124;sell;14:04:14.444
40.19;100;sell;14:04:14.534
40.19;100;sell;14:04:14.545
40.19;100;sell;14:04:14.550
40.18;419;sell;14:04:14.567
40.18;201;sell;14:04:14.630
40.18;22;sell;14:04:14.676
40.18;1500;sell;14:04:14.685
40.18;106;sell;14:04:14.692
40.17;142;sell;14:04:14.740
40.175;10;buy;14:04:14.812
40.165;264;sell;14:04:14.915
40.16;200;sell;14:04:14.982
40.16;151;sell;14:04:15.004
40.16;201;sell;14:04:15.060
40.16;137;sell;14:04:15.271
40.16;125;sell;14:04:15.532
40.16;113;sell;14:04:15.782
40.165;27;buy;14:04:16.116
40.16;103;sell;14:04:16.130
40.165;11;buy;14:04:16.283
40.16;16;sell;14:04:17.160
40.16;7;sell;14:04:17.738
40.16;93;sell;14:04:19.338
40.16;8;sell;14:04:20.181
40.165;5;buy;14:04:20.238
40.16;54;sell;14:04:20.522
40.165;1;buy;14:04:22.719
40.16;219;sell;14:04:25.547
40.165;64;buy;14:04:25.966
40.16;2;sell;14:04:26.351
40.17;27;buy;14:04:27.131
40.16;5;sell;14:04:29.384
40.16;5;sell;14:04:30.057
40.17;5;buy;14:04:31.532
40.16;27;sell;14:04:32.840
40.16;14;sell;14:04:34.747
40.16;2000;sell;14:04:35.317
40.15;1;sell;14:04:36.374
40.15;500;sell;14:04:36.571
40.155;27;buy;14:04:38.128
40.15;100;sell;14:04:38.811
40.155;1;buy;14:04:40.521
40.155;65;buy;14:04:40.971
40.155;99;buy;14:04:41.717
40.15;1030;sell;14:04:42.402
40.145;82;sell;14:04:42.424
40.145;150;sell;14:04:42.575
40.135;36;sell;14:04:42.605
40.13;216;sell;14:04:42.623
40.13;844;sell;14:04:42.674
40.13;9;buy;14:04:42.996
40.125;248;sell;14:04:43.580
40.13;7;buy;14:04:43.760
40.13;9;buy;14:04:44.512
40.135;2;buy;14:04:44.736
40.145;1;buy;14:04:46.548
40.14;27;buy;14:04:49.135
40.135;125;buy;14:04:50.036
40.145;32;buy;14:04:51.970
40.14;124;buy;14:04:53.036
40.13;256;sell;14:04:53.617
40.13;30;sell;14:04:53.795
40.135;100;buy;14:04:55.662
40.135;64;buy;14:04:55.977
40.13;111;sell;14:04:58.393
40.135;1;buy;14:04:58.680
40.135;27;buy;14:05:00.135
40.125;1981;sell;14:05:03.205
40.125;1907;sell;14:05:03.211
40.12;84;sell;14:05:06.817
40.11;100;sell;14:05:06.880
40.115;36;buy;14:05:06.894
40.115;60;buy;14:05:06.966
40.11;220;sell;14:05:07.516
40.115;2;buy;14:05:07.861
40.11;215;sell;14:05:08.417
40.105;185;sell;14:05:08.418
40.1;15;sell;14:05:08.451
40.1;1500;sell;14:05:08.453
40.1;2800;sell;14:05:08.525
40.09;154;sell;14:05:08.571
40.1;300;sell;14:05:08.582
40.105;8;buy;14:05:08.612
40.1;77;sell;14:05:08.646
40.1;8;sell;14:05:08.650
40.1;40;sell;14:05:08.698
40.1;250;sell;14:05:08.709
40.1;2;sell;14:05:08.723
40.1;174;sell;14:05:08.782
40.105;1;buy;14:05:08.829
40.1;217;sell;14:05:08.855
40.1;2;sell;14:05:08.857
40.1;26;sell;14:05:08.858
40.1;1;sell;14:05:08.982
40.1;10;sell;14:05:09.117
40.105;1;buy;14:05:09.265
40.1;7;sell;14:05:09.642
40.11;7;sell;14:05:10.645
40.13;9;buy;14:05:10.760
40.13;65;buy;14:05:10.976
40.13;27;buy;14:05:11.130
40.11;1087;sell;14:05:12.003
40.105;66;buy;14:05:12.637
40.105;1;buy;14:05:12.737
40.105;1;buy;14:05:13.037
40.105;2;buy;14:05:13.637
40.105;1;buy;14:05:13.937
40.1;2057;sell;14:05:14.306
40.105;11;buy;14:05:14.648
40.1;50;sell;14:05:15.048
40.1;13;sell;14:05:15.512
40.1;12;sell;14:05:15.879
40.1;1;sell;14:05:16.177
40.105;5;buy;14:05:16.237
40.105;1;buy;14:05:16.637
40.105;1;buy;14:05:16.937
40.105;1;buy;14:05:17.037
40.105;2;buy;14:05:17.637
40.105;1;buy;14:05:17.937
40.105;1;buy;14:05:18.237
40.105;1;buy;14:05:18.537
40.105;1;buy;14:05:18.837
40.105;1;buy;14:05:19.137
40.105;1;buy;14:05:19.437
40.105;1;buy;14:05:19.737
40.105;1;buy;14:05:20.037
40.105;1;buy;14:05:20.337
40.1;1003;sell;14:05:20.789
40.105;2;buy;14:05:20.937
40.105;1;buy;14:05:21.137
40.1;1;sell;14:05:21.522
40.105;2;buy;14:05:21.937
40.105;1;buy;14:05:22.037
40.105;26;buy;14:05:22.135
40.105;2;buy;14:05:22.737
40.105;1;buy;14:05:22.937
40.105;1;buy;14:05:23.237
40.105;1;buy;14:05:23.637
40.105;5;buy;14:05:23.752
40.105;1;buy;14:05:23.837
40.105;1;buy;14:05:24.137
40.105;34;buy;14:05:24.336
40.105;1;buy;14:05:24.437
40.105;1;buy;14:05:24.636
40.11;1;buy;14:05:24.737
40.11;33;buy;14:05:24.936
40.11;1;buy;14:05:25.037
40.11;15;buy;14:05:25.136
40.135;65;buy;14:05:25.989
40.115;5;sell;14:05:26.635
40.125;1530;sell;14:05:31.023
40.13;27;buy;14:05:33.140
40.13;1974;buy;14:05:40.787
40.145;64;buy;14:05:40.986
40.14;27;buy;14:05:44.141
40.14;10;buy;14:05:51.584
40.13;100;sell;14:05:52.061
40.14;2;buy;14:05:52.925
40.15;27;buy;14:05:55.156
40.155;65;buy;14:05:56.000
40.155;1;buy;14:05:56.334
40.15;7;sell;14:05:56.749
40.15;19;sell;14:06:01.220
40.155;174;buy;14:06:01.782
40.16;27;buy;14:06:06.142
40.16;203;buy;14:06:06.725
40.155;24;sell;14:06:06.727
40.155;18;sell;14:06:07.436
40.155;8;sell;14:06:07.536
40.155;40;buy;14:06:09.977
40.155;64;buy;14:06:11.002
40.15;4;sell;14:06:11.004
40.155;248;buy;14:06:11.441
40.155;2;buy;14:06:12.207
40.15;6;sell;14:06:15.072
40.155;1;buy;14:06:17.059
40.155;27;buy;14:06:17.143
40.155;1;buy;14:06:18.291
40.15;5;sell;14:06:20.174
40.155;125;buy;14:06:20.682
40.155;125;buy;14:06:20.724
40.155;50;buy;14:06:20.782
40.155;75;buy;14:06:20.823
40.16;1;buy;14:06:21.046
40.16;4;buy;14:06:21.723
40.15;70;sell;14:06:25.362
40.165;71;buy;14:06:25.779
40.165;65;buy;14:06:26.009
40.165;2;buy;14:06:26.594
40.17;27;buy;14:06:28.144
40.155;100;sell;14:06:28.880
40.165;27;buy;14:06:39.147
40.165;65;buy;14:06:41.010
40.16;159;sell;14:06:48.837
40.165;20;buy;14:06:49.306
40.165;27;buy;14:06:50.144
40.165;15;buy;14:06:51.644
40.165;99;buy;14:06:52.205
40.165;11;buy;14:06:52.631
40.165;5;buy;14:06:54.007
40.165;100;buy;14:06:54.874
40.165;10;buy;14:06:55.264
40.17;64;buy;14:06:56.022
40.17;27;buy;14:07:01.149
40.16;10;sell;14:07:01.603
40.165;2;buy;14:07:04.600
40.155;2;sell;14:07:05.825
40.155;198;sell;14:07:05.825
40.165;1;buy;14:07:08.593
40.165;100;buy;14:07:08.907
40.165;65;buy;14:07:11.035
40.165;27;buy;14:07:12.147
40.165;3;buy;14:07:14.247
40.165;2;buy;14:07:14.632
40.165;1;buy;14:07:15.030
40.165;3;buy;14:07:20.479
40.165;27;buy;14:07:23.165
40.17;200;buy;14:07:25.056
40.175;124;buy;14:07:25.306
40.185;200;buy;14:07:25.557
40.195;200;buy;14:07:25.809
40.195;65;buy;14:07:26.034
40.195;48;sell;14:07:26.224
40.195;52;sell;14:07:26.475
40.2;200;sell;14:07:32.685
40.2;27;buy;14:07:34.162
40.2;1;buy;14:07:40.480
40.2;64;buy;14:07:41.035
40.2;90;buy;14:07:43.020
40.2;1;buy;14:07:43.412
40.2;26;buy;14:07:45.164
40.2;25;buy;14:07:49.717
40.2;300;buy;14:07:50.938
40.205;65;buy;14:07:56.034
40.205;27;buy;14:07:56.167
40.2;12;sell;14:08:03.419
40.205;25;buy;14:08:05.340
40.2;206;sell;14:08:06.571
40.205;27;buy;14:08:07.173
40.205;2;buy;14:08:10.034
40.205;64;buy;14:08:11.053
40.205;102;buy;14:08:15.045
40.205;98;buy;14:08:17.778
40.2;8;sell;14:08:17.786
40.205;27;buy;14:08:18.172
40.205;3;buy;14:08:19.584
40.205;1000;buy;14:08:25.875
40.205;65;buy;14:08:26.051
40.205;27;buy;14:08:29.164
40.2;8;sell;14:08:29.377
40.2;90;sell;14:08:30.069
40.2;2;buy;14:08:32.978
40.2;140;buy;14:08:33.779
40.2;127;buy;14:08:34.044
40.205;116;buy;14:08:34.296
40.21;2;sell;14:08:35.344
40.215;223;buy;14:08:35.602
40.215;105;buy;14:08:35.610
40.215;10;buy;14:08:39.143
40.22;27;buy;14:08:40.176
40.22;65;buy;14:08:41.064
40.225;2;buy;14:08:42.266
40.22;26;sell;14:08:43.849
40.22;300;sell;14:08:44.978
40.225;1090;buy;14:08:45.926
40.23;5;buy;14:08:46.549
40.23;5;buy;14:08:47.161
40.225;28;sell;14:08:49.925
40.23;27;buy;14:08:51.168
40.23;64;buy;14:08:56.065
40.23;1;buy;14:09:00.279
40.23;27;buy;14:09:02.179
40.23;1;buy;14:09:02.827
40.23;3;buy;14:09:10.207
40.23;118;buy;14:09:10.966
40.23;65;buy;14:09:11.073
40.235;27;buy;14:09:13.183
40.23;68;buy;14:09:16.552
40.24;101;buy;14:09:16.723
40.24;117;buy;14:09:22.223
40.245;27;buy;14:09:24.176
40.245;149;buy;14:09:24.273
40.25;135;buy;14:09:24.528
40.255;123;buy;14:09:24.791
40.265;64;buy;14:09:26.082
40.26;200;sell;14:09:26.495
40.265;39;buy;14:09:31.273
40.265;3;buy;14:09:34.633
40.265;27;buy;14:09:35.192
40.265;4;buy;14:09:35.477
40.265;300;buy;14:09:38.975
40.265;65;buy;14:09:41.084
40.265;101;buy;14:09:41.087
40.26;27;buy;14:09:46.181
40.26;51;buy;14:09:46.523
40.26;100;buy;14:09:47.404
40.26;7;buy;14:09:48.434
40.25;20;sell;14:09:51.142
40.26;27;buy;14:09:51.923
40.26;1;buy;14:09:55.285
40.26;65;buy;14:09:56.082
40.26;26;buy;14:09:57.189
40.26;1754;buy;14:09:57.988
40.255;152;sell;14:09:59.036
40.25;191;sell;14:09:59.636
40.26;1;buy;14:09:59.780
40.255;300;buy;14:10:00.429
40.25;2;buy;14:10:05.655
40.245;8;sell;14:10:06.636
40.245;8;sell;14:10:06.736
40.25;27;buy;14:10:08.201
40.25;1;buy;14:10:08.651
40.25;10;buy;14:10:10.642
40.25;64;buy;14:10:11.103
40.25;100;buy;14:10:12.235
40.255;27;buy;14:10:19.200
40.255;220;buy;14:10:22.185
40.265;65;buy;14:10:26.100
40.265;50;buy;14:10:26.289
40.265;27;buy;14:10:30.195
40.27;60;buy;14:10:34.137
40.27;84;buy;14:10:37.482
40.265;64;buy;14:10:41.104
40.265;27;buy;14:10:41.201
40.265;135;buy;14:10:42.878
40.265;13;buy;14:10:43.011
40.265;3;buy;14:10:43.565
40.265;1;buy;14:10:49.277
40.265;660;buy;14:10:49.561
40.265;27;buy;14:10:52.204
40.265;1;buy;14:10:54.094
40.265;72;buy;14:10:54.896
40.265;65;buy;14:10:56.106
40.265;100;buy;14:10:56.609
40.265;1644;buy;14:10:58.486
40.27;27;buy;14:11:03.203
40.27;2;buy;14:11:04.891
40.27;100;buy;14:11:06.073
40.27;15;buy;14:11:08.318
40.27;40;buy;14:11:09.330
40.27;65;buy;14:11:11.120
40.265;489;sell;14:11:12.671
40.265;8;sell;14:11:12.736
40.265;515;sell;14:11:12.836
40.265;9;sell;14:11:12.936
40.265;9;sell;14:11:13.036
40.265;7;sell;14:11:13.136
40.27;27;buy;14:11:14.198
40.27;125;buy;14:11:14.294
40.27;27;buy;14:11:25.206
40.27;64;buy;14:11:26.133
40.27;2;buy;14:11:26.354
40.265;32;sell;14:11:29.404
40.27;5;buy;14:11:33.921
40.265;34;sell;14:11:33.923
40.27;27;buy;14:11:36.209
40.27;25;buy;14:11:39.344
40.27;65;buy;14:11:41.130
40.27;24;buy;14:11:43.023
40.27;900;buy;14:11:44.410
40.27;27;buy;14:11:47.218
40.27;3000;buy;14:11:50.667
40.27;100;buy;14:11:53.636
40.27;5;buy;14:11:55.106
40.27;64;buy;14:11:56.131
40.27;58;buy;14:11:58.048
40.27;27;buy;14:11:58.211
40.275;13;buy;14:12:03.179
40.275;249;buy;14:12:07.762
40.275;26;buy;14:12:09.228
40.265;10;sell;14:12:10.846
40.275;65;buy;14:12:11.133
40.275;200;buy;14:12:11.431
40.275;84;buy;14:12:11.480
40.275;124;buy;14:12:11.488
40.275;1160;sell;14:12:17.453
40.275;24;buy;14:12:18.627
40.275;5;buy;14:12:19.090
40.275;27;buy;14:12:20.224
40.275;1;buy;14:12:20.941
40.275;65;buy;14:12:26.140
40.275;1;buy;14:12:26.969
40.275;5;buy;14:12:28.262
40.275;12;buy;14:12:28.791
40.27;566;sell;14:12:30.737
40.265;27;buy;14:12:31.225
40.265;75;buy;14:12:31.607
40.265;64;buy;14:12:41.149
40.265;27;buy;14:12:42.218
40.265;1;buy;14:12:42.860
40.265;1;buy;14:12:42.915
40.265;20;buy;14:12:44.379
40.265;2585;buy;14:12:50.717
40.29;4;buy;14:12:52.816
40.295;112;buy;14:12:53.067
40.285;11;sell;14:12:53.108
40.3;27;buy;14:12:53.223
40.305;8;buy;14:12:53.307
40.295;450;sell;14:12:53.924
40.305;15;buy;14:12:55.558
40.305;65;buy;14:12:56.158
40.305;1;buy;14:13:00.612
40.295;50;sell;14:13:00.767
40.305;10;buy;14:13:01.395
40.305;1;buy;14:13:03.355
40.305;10;buy;14:13:03.771
40.305;27;buy;14:13:04.233
40.305;250;buy;14:13:05.089
40.31;3;buy;14:13:08.202
40.31;65;buy;14:13:11.164
40.31;27;buy;14:13:15.229
40.31;50;buy;14:13:21.145
40.31;2;buy;14:13:24.272
40.31;64;buy;14:13:26.176
40.31;27;buy;14:13:26.231
40.31;92;buy;14:13:29.422
40.31;149;buy;14:13:30.949
40.315;99;buy;14:13:31.182
40.32;1;buy;14:13:31.625
40.31;100;sell;14:13:31.799
40.31;9;sell;14:13:35.744
40.325;27;buy;14:13:37.239
40.325;100;buy;14:13:38.534
40.33;65;buy;14:13:41.173
40.33;223;buy;14:13:43.239
40.335;118;buy;14:13:43.248
40.335;107;buy;14:13:43.509
40.34;3000;buy;14:13:45.538
40.34;157;sell;14:13:45.929
40.34;50;buy;14:13:46.354
40.34;18;buy;14:13:46.558
40.34;450;buy;14:13:46.647
40.345;27;buy;14:13:48.241
40.345;10;buy;14:13:54.090
40.345;3;buy;14:13:54.635
40.345;64;buy;14:13:56.176
40.345;50;buy;14:13:58.418
40.345;27;buy;14:13:59.237
40.345;10;buy;14:14:02.875
40.34;4;sell;14:14:04.896
40.34;20;sell;14:14:07.036
40.33;27;buy;14:14:10.246
40.325;2;sell;14:14:11.036
40.32;65;buy;14:14:11.204
40.32;51;buy;14:14:13.323
40.31;30;sell;14:14:14.664
40.32;25;buy;14:14:15.739
40.345;500;buy;14:14:20.334
40.36;26;buy;14:14:21.241
40.35;2681;sell;14:14:23.871
40.345;60;buy;14:14:24.238
40.345;10;buy;14:14:24.832
40.33;105;sell;14:14:25.000
40.345;65;buy;14:14:26.200
40.345;60;buy;14:14:26.780
40.345;100;buy;14:14:27.395
40.345;2;buy;14:14:28.134
40.345;241;buy;14:14:29.080
40.345;27;buy;14:14:32.245
40.35;1270;buy;14:14:35.393
40.37;465;buy;14:14:40.191
40.36;21;sell;14:14:40.551
40.37;64;buy;14:14:41.198
40.375;75;buy;14:14:42.664
40.375;27;buy;14:14:43.244
40.37;100;buy;14:14:44.753
40.37;28;buy;14:14:47.817
40.37;1;buy;14:14:50.966
40.37;27;buy;14:14:54.251
40.37;4;sell;14:14:55.753
40.375;1000;buy;14:14:56.181
40.385;65;buy;14:14:56.194
40.39;190;buy;14:14:56.602
40.37;500;sell;14:14:58.174
40.37;86;sell;14:14:59.960
40.36;25;sell;14:15:00.259
40.36;6;sell;14:15:00.351
40.36;50;sell;14:15:00.440
40.36;25;sell;14:15:00.461
40.36;49;sell;14:15:00.587
40.36;7;sell;14:15:00.717
40.365;20;buy;14:15:00.900
40.36;40;sell;14:15:02.016
40.36;22;sell;14:15:02.098
40.365;209;buy;14:15:02.437
40.36;18;sell;14:15:02.675
40.36;25;sell;14:15:03.001
40.36;75;sell;14:15:03.036
40.36;19;sell;14:15:03.309
40.365;27;buy;14:15:05.266
40.365;33;buy;14:15:05.955
40.36;173;sell;14:15:06.882
40.36;1;sell;14:15:07.082
40.36;626;sell;14:15:07.223
40.36;749;sell;14:15:07.282
40.36;248;sell;14:15:07.284
40.335;64;buy;14:15:11.211
40.33;17;sell;14:15:14.353
40.335;1;buy;14:15:14.684
40.33;100;sell;14:15:14.904
40.335;27;buy;14:15:16.246
40.32;13;sell;14:15:18.338
40.32;12;sell;14:15:20.414
40.32;18;sell;14:15:21.134
40.32;1;sell;14:15:26.195
40.325;65;buy;14:15:26.223
40.33;27;buy;14:15:27.264
40.325;50;buy;14:15:31.644
40.32;50;sell;14:15:32.794
40.325;2;buy;14:15:37.109
40.325;27;buy;14:15:38.264
40.325;36;buy;14:15:40.283
40.325;65;buy;14:15:41.220
40.325;94;buy;14:15:41.494
40.32;14;sell;14:15:45.658
40.325;44;buy;14:15:48.334
40.335;27;buy;14:15:49.262
40.355;64;buy;14:15:56.231
40.355;100;buy;14:15:56.775
40.345;27;buy;14:16:00.263
40.34;4;sell;14:16:02.465
40.33;1452;sell;14:16:05.223
40.3;2;sell;14:16:05.282
40.3;6;sell;14:16:05.320
40.3;1;sell;14:16:05.323
40.3;497;sell;14:16:05.336
40.27;65;buy;14:16:11.235
40.27;27;buy;14:16:11.266
40.265;1;sell;14:16:11.397
40.265;40;sell;14:16:21.870
40.26;27;buy;14:16:22.280
40.255;30;sell;14:16:23.225
40.26;64;buy;14:16:26.242
40.26;5;buy;14:16:26.944
40.255;3;sell;14:16:30.205
40.26;150;buy;14:16:31.377
40.255;5;sell;14:16:31.582
40.26;2;buy;14:16:32.140
40.26;26;buy;14:16:33.278
40.26;12;buy;14:16:34.263
40.265;25;buy;14:16:39.136
40.265;65;buy;14:16:41.235
40.265;372;buy;14:16:42.712
40.27;27;buy;14:16:44.272
40.27;4;buy;14:16:46.787
40.27;150;buy;14:16:49.481
40.265;70;sell;14:16:49.557
40.27;1;buy;14:16:49.751
40.27;1;buy;14:16:49.837
40.27;13;buy;14:16:52.845
40.27;27;buy;14:16:55.276
40.27;65;buy;14:16:56.248
40.27;75;buy;14:16:57.524
40.265;59;sell;14:17:02.492
40.255;265;sell;14:17:02.497
40.255;2;buy;14:17:03.907
40.255;27;buy;14:17:06.297
40.255;64;buy;14:17:11.250
40.255;1;buy;14:17:12.565
40.255;27;buy;14:17:17.280
40.25;1000;sell;14:17:20.652
40.225;450;sell;14:17:20.657
40.225;496;buy;14:17:21.336
40.22;248;sell;14:17:21.374
40.225;1;buy;14:17:21.436
40.22;1000;sell;14:17:21.731
40.22;1000;sell;14:17:23.170
40.22;1000;sell;14:17:25.201
40.22;65;buy;14:17:26.258
40.215;389;sell;14:17:26.795
40.21;55;sell;14:17:27.161
40.21;145;sell;14:17:27.290
40.21;565;sell;14:17:27.307
40.205;21;sell;14:17:27.580
40.205;14;sell;14:17:28.035
40.205;19;sell;14:17:28.104
40.205;7;sell;14:17:28.180
40.21;27;buy;14:17:28.280
40.205;90;sell;14:17:29.395
40.205;12;sell;14:17:29.415
40.205;11;sell;14:17:29.421
40.205;100;sell;14:17:29.431
40.2;830;sell;14:17:29.479
40.195;28;sell;14:17:29.531
40.19;78;sell;14:17:29.557
40.185;300;sell;14:17:30.000
40.19;5;buy;14:17:30.162
40.185;223;sell;14:17:30.240
40.185;1594;sell;14:17:30.248
40.175;28;sell;14:17:30.292
40.17;122;sell;14:17:30.308
40.17;3;sell;14:17:30.319
40.17;81;sell;14:17:30.338
40.17;4;buy;14:17:30.454
40.17;14;buy;14:17:30.932
40.165;201;sell;14:17:31.178
40.16;858;sell;14:17:31.202
40.155;7;sell;14:17:31.223
40.155;7;sell;14:17:31.248
40.16;222;buy;14:17:31.323
40.16;154;buy;14:17:31.336
40.16;174;buy;14:17:31.382
40.16;522;buy;14:17:31.436
40.165;174;buy;14:17:31.882
40.16;175;buy;14:17:32.123
40.165;55;buy;14:17:32.282
40.165;50;buy;14:17:32.323
40.16;38;buy;14:17:32.381
40.155;156;sell;14:17:32.396
40.155;7;sell;14:17:33.122
40.165;21;buy;14:17:33.436
40.16;108;buy;14:17:34.182
40.165;11;buy;14:17:34.382
40.165;8;buy;14:17:34.481
40.155;5;sell;14:17:35.614
40.16;27;buy;14:17:39.277
40.16;1;buy;14:17:39.355
40.16;64;buy;14:17:41.270
40.165;500;buy;14:17:46.069
40.155;3;sell;14:17:46.845
40.165;1;buy;14:17:46.893
40.155;100;sell;14:17:47.521
40.165;18;buy;14:17:50.216
40.165;27;buy;14:17:50.295
40.16;15;buy;14:17:52.737
40.16;15;buy;14:17:52.881
40.16;98;buy;14:17:53.721
40.165;4;buy;14:17:56.262
40.165;65;buy;14:17:56.276
40.17;2500;buy;14:17:57.148
40.175;2;buy;14:17:58.084
40.17;27;buy;14:18:01.284
40.165;500;sell;14:18:03.027
40.17;1;buy;14:18:03.110
40.165;174;sell;14:18:03.282
40.16;2;buy;14:18:04.373
40.16;10;buy;14:18:06.270
40.155;107;sell;14:18:07.305
40.155;97;sell;14:18:07.665
40.16;6;buy;14:18:09.720
40.165;164;buy;14:18:09.971
40.16;72;buy;14:18:10.981
40.165;65;buy;14:18:11.276
40.165;47;buy;14:18:11.971
40.17;27;buy;14:18:12.300
40.16;66;sell;14:18:12.889
40.165;5;buy;14:18:14.871
40.17;39;buy;14:18:14.971
40.16;3788;sell;14:18:18.038
40.15;448;sell;14:18:18.123
40.15;153;sell;14:18:18.182
40.14;41;sell;14:18:18.282
40.135;2;sell;14:18:18.882
40.135;100;sell;14:18:18.957
40.135;154;sell;14:18:19.082
40.14;10;buy;14:18:21.519
40.14;27;buy;14:18:23.289
40.14;1;buy;14:18:25.536
40.145;64;buy;14:18:26.276
40.145;19;buy;14:18:31.021
40.14;2000;sell;14:18:32.255
40.135;106;sell;14:18:33.887
40.135;88;sell;14:18:34.182
40.14;27;buy;14:18:34.346
40.14;748;buy;14:18:35.621
40.145;139;buy;14:18:36.042
40.15;16;buy;14:18:37.798
40.155;10;buy;14:18:39.946
40.155;65;buy;14:18:41.298
40.155;27;buy;14:18:45.300
40.155;50;buy;14:18:45.784
40.155;440;buy;14:18:47.171
40.155;2;buy;14:18:47.200
40.155;1000;buy;14:18:47.454
40.155;240;buy;14:18:47.481
40.155;351;buy;14:18:47.899
40.175;8;buy;14:18:53.982
40.18;1002;sell;14:18:54.290
40.175;50;sell;14:18:54.811
40.195;3;buy;14:18:56.293
40.195;65;buy;14:18:56.298
40.195;26;buy;14:18:56.303
40.19;100;buy;14:18:58.946
40.19;1;buy;14:19:03.279
40.19;14;buy;14:19:06.448
40.19;27;buy;14:19:07.300
40.19;2500;buy;14:19:09.859
40.205;1;buy;14:19:11.170
40.205;64;buy;14:19:11.306
40.205;144;buy;14:19:12.373
40.205;30;buy;14:19:12.613
40.205;25;buy;14:19:17.655
40.205;500;buy;14:19:18.010
40.205;27;buy;14:19:18.309
40.205;303;buy;14:19:18.615
40.21;10;buy;14:19:19.070
40.21;2;buy;14:19:20.340
40.21;5;buy;14:19:21.290
40.21;25;buy;14:19:22.419
40.21;18;buy;14:19:22.692
40.21;65;buy;14:19:26.312
40.205;479;sell;14:19:26.536
40.195;106;sell;14:19:26.636
40.19;8;sell;14:19:27.982
40.19;7;sell;14:19:28.236
40.195;30;buy;14:19:28.622
40.195;27;buy;14:19:29.310
40.195;25;buy;14:19:29.642
40.19;136;buy;14:19:30.934
40.185;44;buy;14:19:31.182
40.185;136;buy;14:19:31.282
40.185;19;buy;14:19:37.724
40.19;27;buy;14:19:40.315
40.195;64;buy;14:19:41.306
40.195;5;buy;14:19:43.338
40.195;1;buy;14:19:44.192
40.195;6;buy;14:19:45.219
40.195;4;buy;14:19:45.514
40.195;8;buy;14:19:46.074
40.195;100;buy;14:19:46.169
40.195;12;buy;14:19:46.207
40.195;8;buy;14:19:48.528
40.195;631;sell;14:19:49.141
40.21;165;buy;14:19:50.086
40.21;135;buy;14:19:50.086
40.21;8409;buy;14:19:51.038
40.22;4;buy;14:19:51.045
40.22;1;buy;14:19:51.142
40.22;27;buy;14:19:51.309
40.22;65;buy;14:19:56.323
40.225;27;buy;14:20:02.315
40.225;5;buy;14:20:02.622
40.205;24;sell;14:20:02.995
40.205;24;sell;14:20:03.141
40.205;48;sell;14:20:03.287
40.205;84;sell;14:20:05.783
40.22;14;buy;14:20:06.952
40.205;24;buy;14:20:11.029
40.205;65;buy;14:20:11.319
40.205;27;buy;14:20:13.317
40.2;25;buy;14:20:16.367
40.2;50;buy;14:20:17.250
40.205;38;buy;14:20:19.362
40.21;1;buy;14:20:19.558
40.21;1;buy;14:20:20.411
40.21;5;buy;14:20:22.284
40.21;40;buy;14:20:23.817
40.215;8;buy;14:20:24.213
40.215;27;buy;14:20:24.312
40.215;64;buy;14:20:26.457
40.21;100;buy;14:20:30.329
40.215;27;buy;14:20:35.327
40.215;1;buy;14:20:35.389
40.215;5;buy;14:20:40.968
40.215;65;buy;14:20:41.340
40.21;350;sell;14:20:42.081
40.215;10000;buy;14:20:44.285
40.215;2;sell;14:20:45.646
40.24;27;buy;14:20:46.317
40.24;15;buy;14:20:46.770
40.24;8;buy;14:20:51.382
40.255;40;buy;14:20:52.365
40.26;214;buy;14:20:52.365
40.265;64;buy;14:20:56.343
40.265;27;buy;14:20:57.328
40.24;70;sell;14:20:57.587
40.265;60;buy;14:20:58.127
40.265;4294;buy;14:20:59.140
40.27;23;buy;14:21:01.731
40.27;45;buy;14:21:01.882
40.275;65;buy;14:21:02.123
40.28;5;buy;14:21:02.153
40.28;121;buy;14:21:02.182
40.28;34;buy;14:21:05.582
40.285;38;buy;14:21:05.623
40.29;10000;buy;14:21:05.651
40.325;200;buy;14:21:05.724
40.32;106;sell;14:21:06.236
40.32;32;sell;14:21:06.802
40.32;6;sell;14:21:06.803
40.325;2;buy;14:21:07.731
40.325;26;buy;14:21:08.332
40.325;1;buy;14:21:10.521
40.325;65;buy;14:21:11.340
40.325;25;buy;14:21:12.513
40.325;1;buy;14:21:13.396
40.325;300;buy;14:21:15.606
40.325;66;buy;14:21:17.755
40.325;27;buy;14:21:19.334
40.325;1;buy;14:21:19.488
40.325;1;buy;14:21:20.834
40.325;2;buy;14:21:25.044
40.325;65;buy;14:21:26.351
40.325;1000;buy;14:21:27.521
40.34;153;buy;14:21:28.654
40.34;194;buy;14:21:29.511
40.34;1045;buy;14:21:29.511
40.345;2;sell;14:21:29.982
40.35;27;buy;14:21:30.325
40.35;20;buy;14:21:30.877
40.35;4;buy;14:21:30.984
40.35;100;buy;14:21:34.365
40.355;260;sell;14:21:37.236
40.35;250;sell;14:21:37.539
40.355;10;buy;14:21:39.985
40.34;7;sell;14:21:41.273
40.355;27;buy;14:21:41.340
40.355;64;buy;14:21:41.358
40.355;500;buy;14:21:43.931
40.355;31;buy;14:21:44.023
40.355;76;buy;14:21:44.082
40.355;5;buy;14:21:44.290
40.355;1;buy;14:21:44.441
40.35;382;sell;14:21:47.171
40.355;27;buy;14:21:52.343
40.355;37;buy;14:21:52.412
40.355;65;buy;14:21:56.362
40.355;1;buy;14:22:01.889
40.355;27;buy;14:22:03.331
40.345;382;sell;14:22:04.036
40.34;52;sell;14:22:04.136
40.345;19;buy;14:22:05.086
40.345;150;buy;14:22:05.575
40.34;64;buy;14:22:11.363
40.34;3;buy;14:22:12.816
40.34;1;buy;14:22:13.042
40.335;282;sell;14:22:13.171
40.335;27;buy;14:22:14.333
40.33;17;sell;14:22:16.236
40.33;30;sell;14:22:16.271
40.33;124;sell;14:22:16.285
40.33;98;sell;14:22:16.321
40.315;272;buy;14:22:19.564
40.315;10000;buy;14:22:19.824
40.35;80;buy;14:22:20.258
40.34;500;sell;14:22:24.138
40.35;27;buy;14:22:25.347
40.35;65;buy;14:22:26.376
40.35;3;buy;14:22:26.788
40.35;22;buy;14:22:28.376
40.35;2;buy;14:22:31.241
40.35;1;buy;14:22:33.266
40.35;2;buy;14:22:36.327
40.35;27;buy;14:22:36.345
40.35;30;sell;14:22:40.550
40.355;65;buy;14:22:41.387
40.36;2;buy;14:22:41.640
40.36;600;buy;14:22:46.323
40.375;27;buy;14:22:47.341
40.375;61;buy;14:22:47.907
40.375;64;buy;14:22:56.387
40.38;5;buy;14:22:56.510
40.355;500;sell;14:22:57.271
40.38;300;buy;14:22:57.733
40.365;27;buy;14:22:58.345
40.365;100;buy;14:23:04.766
40.375;27;buy;14:23:09.355
40.375;65;buy;14:23:11.396
40.38;10;buy;14:23:12.073
40.37;150;sell;14:23:16.696
40.375;26;buy;14:23:20.355
40.375;25;buy;14:23:23.362
40.37;1;sell;14:23:25.002
40.375;64;buy;14:23:26.396
40.375;50;buy;14:23:30.393
40.375;27;buy;14:23:31.360
40.375;10;buy;14:23:31.636
40.375;7;buy;14:23:31.736
40.375;5;buy;14:23:39.037
40.375;40;buy;14:23:41.287
40.375;65;buy;14:23:41.398
40.375;27;buy;14:23:42.358
40.375;355;buy;14:23:42.638
40.375;106;buy;14:23:42.834
40.375;2;buy;14:23:49.760
40.375;27;buy;14:23:53.360
40.375;1;buy;14:23:53.970
40.375;1;buy;14:23:54.573
40.375;65;buy;14:23:56.423
40.375;27;buy;14:24:04.363
40.375;55;buy;14:24:05.219
40.375;25;buy;14:24:05.443
40.37;725;sell;14:24:07.175
40.37;600;buy;14:24:07.372
40.37;5;buy;14:24:08.407
40.37;64;buy;14:24:11.409
40.37;27;buy;14:24:15.373
40.37;3;buy;14:24:19.449
40.37;27;buy;14:24:26.361
40.37;65;buy;14:24:26.424
40.37;600;buy;14:24:31.997
40.37;21;buy;14:24:32.309
40.37;27;buy;14:24:37.375
40.37;65;buy;14:24:41.426
40.37;27;buy;14:24:48.363
40.37;3;buy;14:24:50.030
40.37;64;buy;14:24:56.424
40.37;27;buy;14:24:59.395
40.365;5;sell;14:25:03.748
40.37;27;buy;14:25:10.378
40.37;65;buy;14:25:11.442
40.37;10;buy;14:25:13.473
40.37;1;buy;14:25:20.266
40.37;27;buy;14:25:21.372
40.37;64;buy;14:25:26.454
40.37;26;buy;14:25:32.390
40.37;30;buy;14:25:32.509
40.37;694;buy;14:25:35.836
40.37;338;buy;14:25:35.936
40.375;356;buy;14:25:36.036
40.375;124;buy;14:25:36.281
40.375;2;buy;14:25:37.709
40.375;1;buy;14:25:39.013
40.375;1180;buy;14:25:41.299
40.375;80;buy;14:25:41.300
40.375;32;buy;14:25:41.321
40.39;65;buy;14:25:41.447
40.38;5;sell;14:25:43.320
40.4;27;buy;14:25:43.378
40.4;286;buy;14:25:52.371
40.405;74;buy;14:25:52.473
40.41;1;buy;14:25:52.671
40.415;201;buy;14:25:53.061
40.42;300;buy;14:25:53.880
40.42;27;buy;14:25:54.380
40.42;1;buy;14:25:55.171
40.425;65;buy;14:25:56.459
40.43;1;buy;14:25:56.814
40.43;1;buy;14:26:01.931
40.425;50;sell;14:26:02.110
40.43;2;buy;14:26:04.510
40.43;27;buy;14:26:05.392
40.43;1;buy;14:26:07.418
40.43;100;buy;14:26:09.290
40.425;29;sell;14:26:09.387
40.435;1;buy;14:26:09.617
40.435;4500;buy;14:26:09.697
40.435;71;sell;14:26:09.791
40.44;19;buy;14:26:09.815
40.44;833;buy;14:26:09.825
40.45;9;buy;14:26:09.835
40.435;64;buy;14:26:11.454
40.435;27;buy;14:26:16.396
40.435;50;buy;14:26:17.019
40.43;100;sell;14:26:17.189
40.44;136;buy;14:26:23.847
40.445;65;buy;14:26:26.461
40.445;27;buy;14:26:27.388
40.44;8;buy;14:26:28.671
40.445;50;buy;14:26:34.858
40.445;20;buy;14:26:35.705
40.44;105;sell;14:26:38.136
40.445;27;buy;14:26:38.390
40.435;108;sell;14:26:39.536
40.43;49;sell;14:26:39.936
40.44;64;buy;14:26:41.473
40.43;28;buy;14:26:42.798
40.43;1;buy;14:26:43.187
40.425;8;sell;14:26:43.936
40.43;10;buy;14:26:45.694
40.425;1;buy;14:26:46.409
40.425;27;buy;14:26:49.395
40.425;1;buy;14:26:50.983
40.425;65;buy;14:26:56.475
40.425;27;buy;14:27:00.390
40.425;3;buy;14:27:01.345
40.42;10;sell;14:27:04.198
40.425;70;buy;14:27:10.266
40.425;1;buy;14:27:10.879
40.425;27;buy;14:27:11.397
40.425;65;buy;14:27:11.490
40.425;27;buy;14:27:22.403
40.425;8;buy;14:27:23.815
40.425;64;buy;14:27:26.490
40.425;1;buy;14:27:27.919
40.425;27;buy;14:27:33.407
40.425;65;buy;14:27:41.492
40.415;1;sell;14:27:43.355
40.425;26;buy;14:27:44.408
40.435;56;sell;14:27:47.212
40.44;1;buy;14:27:50.100
40.44;27;buy;14:27:55.413
40.445;64;buy;14:27:56.497
40.445;15;buy;14:27:57.861
40.44;100;sell;14:28:01.058
40.445;27;buy;14:28:06.416
40.445;1;buy;14:28:07.220
40.44;65;buy;14:28:11.501
40.44;1;buy;14:28:12.941
40.435;9;sell;14:28:13.936
40.425;50;sell;14:28:17.363
40.43;27;buy;14:28:17.406
40.43;1;buy;14:28:19.338
40.425;886;sell;14:28:21.402
40.41;65;buy;14:28:26.522
40.42;27;buy;14:28:28.438
40.43;1;buy;14:28:34.578
40.43;4;buy;14:28:34.759
40.43;27;buy;14:28:39.419
40.415;250;sell;14:28:41.211
40.43;64;buy;14:28:41.510
40.43;2;buy;14:28:43.824
40.43;4;buy;14:28:48.116
40.415;2;sell;14:28:49.362
40.43;27;buy;14:28:50.416
40.43;11;buy;14:28:50.707
40.42;5;sell;14:28:55.545
40.43;65;buy;14:28:56.524
40.43;27;buy;14:29:01.415
40.43;2;buy;14:29:07.768
40.425;350;buy;14:29:08.676
40.425;494;buy;14:29:08.869
40.415;153;sell;14:29:09.515
40.425;64;buy;14:29:11.530
40.425;27;buy;14:29:12.424
40.425;1;buy;14:29:16.328
40.42;100;sell;14:29:17.334
40.425;1;buy;14:29:21.418
40.425;3;buy;14:29:21.577
40.425;1;buy;14:29:21.796
40.425;50;buy;14:29:23.179
40.425;27;buy;14:29:23.420
40.42;100;sell;14:29:24.379
40.425;30;buy;14:29:24.723
40.425;100;buy;14:29:24.812
40.425;65;buy;14:29:26.533
40.42;1;sell;14:29:30.651
40.42;100;sell;14:29:31.526
40.425;470;sell;14:29:33.987
40.43;27;buy;14:29:34.422
40.43;9;sell;14:29:36.277
40.415;100;sell;14:29:38.260
40.41;10;sell;14:29:40.381
40.425;65;buy;14:29:41.544
40.425;250;buy;14:29:45.143
40.425;27;buy;14:29:45.423
40.41;99;sell;14:29:45.797
40.425;2;buy;14:29:52.588
40.425;26;buy;14:29:56.438
40.425;64;buy;14:29:56.548
40.41;76;sell;14:30:02.982
40.415;10;buy;14:30:05.045
40.41;90;sell;14:30:06.653
40.415;27;buy;14:30:07.442
40.415;65;buy;14:30:11.556
40.41;173;sell;14:30:16.982
40.415;27;buy;14:30:18.436
40.41;22;sell;14:30:21.223
40.41;1;sell;14:30:25.549
40.42;65;buy;14:30:26.557
40.41;2;sell;14:30:26.662
40.415;27;buy;14:30:29.432
40.42;2;buy;14:30:33.977
40.42;27;buy;14:30:40.440
40.42;64;buy;14:30:41.569
40.425;27;buy;14:30:51.442
40.42;76;sell;14:30:56.100
40.425;65;buy;14:30:56.574
40.425;27;buy;14:31:02.444
40.425;91;buy;14:31:06.087
40.425;10;buy;14:31:08.187
40.425;64;buy;14:31:11.574
40.42;10;sell;14:31:12.958
40.425;27;buy;14:31:13.443
40.425;25;buy;14:31:14.578
40.425;20;buy;14:31:18.036
40.43;15;buy;14:31:19.113
40.43;1;buy;14:31:22.426
40.43;27;buy;14:31:24.451
40.43;65;buy;14:31:26.588
40.43;4;buy;14:31:27.388
40.425;1;sell;14:31:31.383
40.43;27;buy;14:31:35.456
40.435;65;buy;14:31:41.587
40.43;8;sell;14:31:45.049
40.44;27;buy;14:31:46.449
40.445;219;buy;14:31:47.571
40.45;15;buy;14:31:49.154
40.455;1;buy;14:31:53.367
40.455;64;buy;14:31:56.593
40.46;27;buy;14:31:57.451
40.46;27;buy;14:32:08.467
40.45;50;sell;14:32:08.636
40.465;65;buy;14:32:11.591
40.465;5;buy;14:32:14.213
40.47;26;buy;14:32:19.460
40.47;159;buy;14:32:20.878
40.47;50;buy;14:32:21.463
40.465;6;buy;14:32:25.191
40.47;64;buy;14:32:26.610
40.47;100;buy;14:32:26.842
40.47;200;buy;14:32:29.727
40.475;27;buy;14:32:30.457
40.47;2;sell;14:32:31.871
40.47;471;sell;14:32:36.682
40.465;27;buy;14:32:41.463
40.465;65;buy;14:32:41.603
40.47;100;buy;14:32:44.346
40.46;10;sell;14:32:44.646
40.47;27;buy;14:32:52.473
40.47;30;buy;14:32:53.662
40.47;65;buy;14:32:56.618
40.47;250;buy;14:33:01.398
40.47;1;buy;14:33:02.212
40.47;27;buy;14:33:03.484
40.47;38;buy;14:33:06.049
40.47;200;buy;14:33:07.120
40.47;10;buy;14:33:09.492
40.46;200;sell;14:33:09.633
40.46;124;buy;14:33:10.112
40.46;40;buy;14:33:11.282
40.46;64;buy;14:33:11.628
40.46;27;buy;14:33:14.478
40.46;1;buy;14:33:16.888
40.45;100;sell;14:33:18.668
40.46;2;buy;14:33:24.875
40.46;27;buy;14:33:25.475
40.46;65;buy;14:33:26.624
40.45;8;sell;14:33:32.005
40.45;27;buy;14:33:36.491
40.45;64;buy;14:33:41.628
40.45;27;buy;14:33:47.488
40.455;10;buy;14:33:51.741
40.455;10;buy;14:33:53.661
40.455;10;buy;14:33:54.733
40.46;65;buy;14:33:56.649
40.465;27;buy;14:33:58.493
40.465;322;buy;14:33:59.717
40.45;763;sell;14:34:01.318
40.465;10;buy;14:34:08.395
40.465;27;buy;14:34:09.489
40.465;65;buy;14:34:11.773
40.465;10;buy;14:34:12.024
40.465;2;buy;14:34:15.204
40.465;10;buy;14:34:15.773
40.47;10;buy;14:34:19.415
40.47;27;buy;14:34:20.489
40.47;10;buy;14:34:22.638
40.47;8;buy;14:34:23.584
40.47;10;buy;14:34:26.018
40.47;64;buy;14:34:26.649
40.47;10;buy;14:34:29.133
40.47;35;buy;14:34:29.205
40.47;26;buy;14:34:31.497
40.47;10;buy;14:34:31.800
40.47;65;buy;14:34:41.659
40.47;27;buy;14:34:42.493
40.46;244;sell;14:34:45.145
40.47;1;buy;14:34:48.088
40.47;10;buy;14:34:51.835
40.47;27;buy;14:34:53.487
40.46;8;sell;14:34:54.368
40.46;64;buy;14:34:56.658
40.46;20;buy;14:34:56.717
40.46;5;buy;14:35:00.688
40.46;27;buy;14:35:04.512
40.46;5;buy;14:35:08.670
40.46;221;buy;14:35:09.323
40.475;65;buy;14:35:11.666
40.475;27;buy;14:35:15.495
40.47;1;buy;14:35:18.602
40.47;1;buy;14:35:19.023
40.465;200;sell;14:35:20.791
40.47;27;buy;14:35:26.509
40.47;65;buy;14:35:26.670
40.47;150;buy;14:35:27.328
40.47;41;buy;14:35:33.635
40.47;10;buy;14:35:35.150
40.465;25;buy;14:35:36.496
40.465;9;buy;14:35:36.751
40.465;1;buy;14:35:36.864
40.465;27;buy;14:35:37.500
40.465;64;buy;14:35:41.699
40.465;40;buy;14:35:42.923
40.465;1;buy;14:35:43.704
40.46;261;sell;14:35:47.536
40.465;27;buy;14:35:48.511
40.465;3;buy;14:35:52.975
40.465;24;buy;14:35:56.079
40.465;65;buy;14:35:56.683
40.465;27;buy;14:35:59.502
40.46;124;sell;14:36:03.736
40.455;30;sell;14:36:03.836
40.455;78;sell;14:36:04.036
40.45;608;sell;14:36:05.736
40.445;27;buy;14:36:10.506
40.445;65;buy;14:36:11.684
40.445;5;buy;14:36:13.692
40.445;100;buy;14:36:18.048
40.445;27;buy;14:36:21.514
40.445;20;buy;14:36:25.912
40.445;64;buy;14:36:26.691
40.44;100;sell;14:36:28.229
40.435;27;buy;14:36:32.507
40.43;1;sell;14:36:34.935
40.435;50;buy;14:36:35.648
40.43;350;sell;14:36:35.841
40.44;65;buy;14:36:41.704
40.43;1;sell;14:36:42.404
40.44;26;buy;14:36:43.513
40.425;10000;sell;14:36:51.685
40.425;10;buy;14:36:53.838
40.425;27;buy;14:36:54.512
40.43;17;buy;14:36:56.188
40.43;64;buy;14:36:56.714
40.43;30;buy;14:36:59.457
40.43;27;buy;14:37:05.528
40.43;88;buy;14:37:08.379
40.43;12;buy;14:37:08.839
40.425;5;buy;14:37:09.088
40.425;65;buy;14:37:11.707
40.425;10;buy;14:37:15.100
40.425;27;buy;14:37:16.522
40.43;15;buy;14:37:24.162
40.44;65;buy;14:37:26.716
40.445;27;buy;14:37:27.520
40.44;1235;buy;14:37:30.482
40.46;27;buy;14:37:38.532
40.46;64;buy;14:37:41.720
40.46;10;buy;14:37:44.572
40.46;1;buy;14:37:45.288
40.46;27;buy;14:37:49.532
40.455;2;buy;14:37:54.044
40.455;65;buy;14:37:56.734
40.45;27;buy;14:38:00.536
40.45;10;buy;14:38:01.900
40.45;1;buy;14:38:01.981
40.43;26;sell;14:38:02.193
40.41;107;sell;14:38:03.155
40.405;1;buy;14:38:03.977
40.405;105;buy;14:38:04.682
40.41;10;buy;14:38:06.164
40.42;5;buy;14:38:07.406
40.43;27;buy;14:38:11.538
40.43;1;buy;14:38:11.615
40.43;64;buy;14:38:11.732
40.43;50;buy;14:38:13.781
40.415;56;sell;14:38:17.301
40.415;20;sell;14:38:17.331
40.415;5;sell;14:38:20.808
40.43;27;buy;14:38:22.538
40.435;65;buy;14:38:26.737
40.415;11;sell;14:38:31.469
40.415;11;sell;14:38:31.474
40.415;55;sell;14:38:31.486
40.415;34;sell;14:38:31.494
40.415;1638;sell;14:38:31.497
40.415;6;sell;14:38:31.506
40.415;17;sell;14:38:31.509
40.415;8;sell;14:38:31.514
40.415;6;sell;14:38:31.515
40.415;8;sell;14:38:31.521
40.415;14;sell;14:38:31.526
40.415;9;sell;14:38:31.527
40.415;59;sell;14:38:31.545
40.415;15;sell;14:38:31.563
40.405;61;sell;14:38:31.564
40.405;8;sell;14:38:31.565
40.395;6;sell;14:38:31.572
40.395;209;sell;14:38:31.580
40.395;35;sell;14:38:31.587
40.395;65;sell;14:38:31.589
40.395;81;sell;14:38:31.594
40.39;23;sell;14:38:31.595
40.39;19;sell;14:38:31.596
40.395;89;sell;14:38:31.601
40.395;29;sell;14:38:31.606
40.395;23;sell;14:38:31.614
40.39;21;sell;14:38:31.628
40.39;8;sell;14:38:31.636
40.39;92;sell;14:38:31.640
40.385;6;sell;14:38:31.645
40.385;7;sell;14:38:31.663
40.385;6;sell;14:38:31.666
40.385;6;sell;14:38:31.667
40.385;10;sell;14:38:31.669
40.385;10;sell;14:38:31.672
40.385;27;sell;14:38:31.676
40.385;6;sell;14:38:31.677
40.385;47;sell;14:38:31.687
40.385;24;sell;14:38:31.688
40.385;6;sell;14:38:31.691
40.385;11;sell;14:38:31.696
40.385;12;sell;14:38:31.700
40.385;31;sell;14:38:31.701
40.385;6;sell;14:38:31.704
40.385;25;sell;14:38:31.706
40.385;24;sell;14:38:31.720
40.385;35;sell;14:38:31.729
40.385;27;sell;14:38:31.731
40.385;27;sell;14:38:31.733
40.385;6;sell;14:38:31.749
40.385;22;sell;14:38:31.756
40.385;30;sell;14:38:31.764
40.385;6;sell;14:38:31.765
40.385;23;sell;14:38:31.774
40.385;9;sell;14:38:31.782
40.385;28;sell;14:38:31.784
40.385;11;sell;14:38:31.799
40.385;16;sell;14:38:31.801
40.385;14;sell;14:38:31.802
40.385;6;sell;14:38:31.826
40.385;6;sell;14:38:31.830
40.385;39;sell;14:38:31.844
40.385;12;sell;14:38:31.890
40.385;43;sell;14:38:31.907
40.385;300;sell;14:38:33.142
40.4;27;buy;14:38:33.542
40.4;65;buy;14:38:41.750
40.4;18;buy;14:38:44.545
40.4;9;buy;14:38:44.545
40.4;12;buy;14:38:48.495
40.4;17;buy;14:38:49.830
40.4;462;sell;14:38:51.736
40.4;26;buy;14:38:55.538
40.4;64;buy;14:38:56.746
40.4;503;buy;14:39:01.400
40.415;27;buy;14:39:06.545
40.405;10000;sell;14:39:08.040
40.41;10;buy;14:39:10.138
40.41;65;buy;14:39:11.756
40.4;1;buy;14:39:11.946
40.4;27;buy;14:39:17.552
40.375;50;sell;14:39:20.227
40.39;140;buy;14:39:21.172
40.375;3;sell;14:39:23.325
40.375;75;sell;14:39:24.649
40.395;64;buy;14:39:26.766
40.395;27;buy;14:39:28.559
40.375;50;sell;14:39:33.544
40.395;27;buy;14:39:39.547
40.395;65;buy;14:39:41.776
40.375;10000;sell;14:39:44.747
40.35;65;buy;14:39:48.129
40.35;2;buy;14:39:48.320
40.35;27;buy;14:39:50.556
40.35;65;buy;14:39:56.777
40.355;6;buy;14:40:00.573
40.355;27;buy;14:40:01.560
40.36;20;buy;14:40:05.523
40.36;1;buy;14:40:05.651
40.36;1;buy;14:40:06.350
40.36;1;buy;14:40:08.390
40.36;9;buy;14:40:09.867
40.36;64;buy;14:40:11.788
40.36;27;buy;14:40:12.553
40.375;1237;buy;14:40:17.496
40.37;27;buy;14:40:23.559
40.37;65;buy;14:40:26.784
40.365;1470;sell;14:40:31.941
40.345;1;buy;14:40:33.573
40.345;6;buy;14:40:33.827
40.345;27;buy;14:40:34.559
40.345;147;buy;14:40:35.761
40.345;2;buy;14:40:36.226
40.345;1;buy;14:40:37.488
40.345;64;buy;14:40:41.794
40.35;105;buy;14:40:44.171
40.35;686;buy;14:40:44.236
40.35;68;buy;14:40:44.282
40.35;24;buy;14:40:44.702
40.35;27;buy;14:40:45.578
40.345;259;sell;14:40:54.478
40.335;27;buy;14:40:56.572
40.335;65;buy;14:40:56.793
40.33;13;sell;14:41:01.393
40.33;2;buy;14:41:02.788
40.33;1;buy;14:41:05.018
40.33;26;buy;14:41:07.567
40.33;65;buy;14:41:11.805
40.33;4;buy;14:41:13.640
40.325;492;sell;14:41:14.889
40.315;28;buy;14:41:17.508
40.315;27;buy;14:41:18.576
40.315;20;buy;14:41:21.262
40.315;10;buy;14:41:22.845
40.31;88;sell;14:41:23.325
40.315;124;buy;14:41:23.536
40.31;1120;sell;14:41:24.032
40.3;93;buy;14:41:24.123
40.3;34;buy;14:41:24.136
40.315;64;buy;14:41:26.815
40.335;27;buy;14:41:29.570
40.335;2584;sell;14:41:37.317
40.32;3;buy;14:41:38.198
40.32;27;buy;14:41:40.584
40.32;65;buy;14:41:41.823
40.32;512;buy;14:41:43.380
40.325;22;sell;14:41:49.098
40.335;27;buy;14:41:51.573
40.345;1;buy;14:41:54.022
40.335;2;sell;14:41:54.463
40.34;20;sell;14:41:56.735
40.355;65;buy;14:41:56.826
40.36;50;buy;14:41:57.418
40.36;68;buy;14:42:00.885
40.36;27;buy;14:42:02.588
40.355;1;buy;14:42:04.468
40.355;4;buy;14:42:06.535
40.36;64;buy;14:42:11.836
40.36;27;buy;14:42:13.590
40.36;2;buy;14:42:18.492
40.35;6;sell;14:42:19.911
40.365;5;buy;14:42:21.310
40.37;27;buy;14:42:24.594
40.37;65;buy;14:42:26.829
40.37;300;buy;14:42:27.990
40.375;27;buy;14:42:35.584
40.375;1;buy;14:42:36.080
40.38;64;buy;14:42:41.840
40.38;27;buy;14:42:46.597
40.38;1;buy;14:42:48.734
40.385;65;buy;14:42:56.837
40.385;27;buy;14:42:57.588
40.385;2;buy;14:42:58.063
40.385;1;buy;14:43:03.468
40.385;27;buy;14:43:08.594
40.385;65;buy;14:43:11.865
40.385;200;buy;14:43:11.975
40.385;1;buy;14:43:12.272
40.385;1;buy;14:43:14.722
40.385;27;buy;14:43:19.597
40.38;64;buy;14:43:26.859
40.37;50;sell;14:43:28.803
40.37;26;buy;14:43:30.614
40.37;3;buy;14:43:34.562
40.37;1;buy;14:43:36.528
40.37;27;buy;14:43:41.595
40.37;65;buy;14:43:41.855
40.365;100;buy;14:43:46.361
40.365;1;buy;14:43:46.950
40.355;42;sell;14:43:51.239
40.36;100;buy;14:43:51.529
40.36;27;buy;14:43:52.613
40.36;5;buy;14:43:56.856
40.365;64;buy;14:43:56.874
40.36;20;buy;14:44:01.997
40.36;27;buy;14:44:03.609
40.36;5;buy;14:44:04.048
40.36;65;buy;14:44:11.874
40.355;89;sell;14:44:13.171
40.37;27;buy;14:44:14.604
40.37;30;buy;14:44:20.052
40.36;124;sell;14:44:21.158
40.36;27;buy;14:44:25.617
40.36;65;buy;14:44:26.876
40.36;752;buy;14:44:27.126
40.365;27;buy;14:44:36.619
40.365;64;buy;14:44:41.889
40.36;23;sell;14:44:42.675
40.365;1;buy;14:44:44.274
40.36;100;sell;14:44:45.031
40.365;27;buy;14:44:47.621
40.365;95;buy;14:44:49.554
40.36;124;sell;14:44:49.981
40.365;1;buy;14:44:49.988
40.365;1;buy;14:44:55.237
40.365;65;buy;14:44:56.883
40.365;27;buy;14:44:58.609
40.365;50;buy;14:45:01.551
40.36;95;sell;14:45:03.992
40.36;446;sell;14:45:04.023
40.36;206;sell;14:45:04.082
40.36;62;sell;14:45:04.171
40.34;124;sell;14:45:05.259
40.32;112;sell;14:45:05.516
40.32;101;sell;14:45:05.770
40.32;45;sell;14:45:07.015
40.32;91;sell;14:45:07.034
40.325;27;buy;14:45:09.612
40.32;82;sell;14:45:11.277
40.325;64;buy;14:45:11.904
40.325;2479;buy;14:45:13.203
40.325;95;buy;14:45:19.288
40.325;27;buy;14:45:20.620
40.325;15;buy;14:45:24.701
40.33;15;buy;14:45:26.536
40.33;65;buy;14:45:26.898
40.325;27;buy;14:45:31.628
40.32;10;sell;14:45:40.585
40.325;65;buy;14:45:41.904
40.325;26;buy;14:45:42.633
40.325;1;buy;14:45:44.235
40.325;10;buy;14:45:45.279
40.32;200;sell;14:45:47.201
40.32;418;sell;14:45:47.217
40.31;10;sell;14:45:50.668
40.315;1;buy;14:45:53.550
40.315;27;buy;14:45:53.633
40.315;64;buy;14:45:56.913
40.31;500;sell;14:45:57.470
40.315;646;buy;14:45:59.536
40.31;147;sell;14:45:59.785
40.305;173;buy;14:46:00.082
40.305;62;buy;14:46:02.171
40.3;201;sell;14:46:02.927
40.3;45;sell;14:46:02.951
40.3;156;sell;14:46:02.966
40.3;575;sell;14:46:02.974
40.29;10;sell;14:46:03.035
40.28;33;sell;14:46:03.132
40.28;125;buy;14:46:04.223
40.28;125;buy;14:46:04.282
40.28;125;buy;14:46:04.323
40.28;132;buy;14:46:04.382
40.285;42;buy;14:46:04.482
40.285;27;buy;14:46:04.632
40.285;2;buy;14:46:07.662
40.285;480;buy;14:46:09.848
40.28;118;sell;14:46:11.451
40.29;65;buy;14:46:11.914
40.29;1;buy;14:46:13.783
40.29;27;buy;14:46:15.633
40.29;1;buy;14:46:16.151
40.29;118;buy;14:46:16.271
40.305;27;buy;14:46:26.638
40.3;64;buy;14:46:26.919
40.3;164;buy;14:46:28.771
40.31;353;buy;14:46:28.971
40.31;27;buy;14:46:37.645
40.305;9;sell;14:46:38.636
40.305;65;buy;14:46:41.936
40.305;100;buy;14:46:47.922
40.305;27;buy;14:46:48.632
40.29;1;sell;14:46:49.178
40.305;50;buy;14:46:52.311
40.305;65;buy;14:46:56.943
40.305;27;buy;14:46:59.642
40.3;1;buy;14:47:07.574
40.3;27;buy;14:47:10.649
40.3;200;buy;14:47:11.580
40.3;64;buy;14:47:11.939
40.29;11;sell;14:47:17.765
40.31;27;buy;14:47:21.646
40.31;65;buy;14:47:26.944
40.31;3;buy;14:47:30.280
40.31;2978;buy;14:47:32.055
40.335;27;buy;14:47:32.656
40.335;65;buy;14:47:41.964
40.335;27;buy;14:47:43.646
40.335;1;buy;14:47:44.041
40.335;30;buy;14:47:44.417
40.33;247;buy;14:47:51.900
40.33;26;buy;14:47:54.647
40.33;64;buy;14:47:57.024
40.335;9;buy;14:47:59.923
40.335;27;buy;14:48:05.662
40.32;250;sell;14:48:07.195
40.335;9;sell;14:48:09.836
40.34;65;buy;14:48:11.961
40.34;27;buy;14:48:16.657
40.34;48;buy;14:48:18.082
40.345;99;buy;14:48:18.123
40.34;13;buy;14:48:18.223
40.34;13;buy;14:48:18.282
40.35;1;buy;14:48:18.423
40.335;25;sell;14:48:21.076
40.34;40;buy;14:48:26.923
40.355;64;buy;14:48:26.977
40.355;27;buy;14:48:27.662
40.335;8;sell;14:48:30.836
40.34;8;sell;14:48:31.636
40.33;32;sell;14:48:32.836
40.34;27;buy;14:48:38.669
40.34;65;buy;14:48:41.972
40.34;34;buy;14:48:49.623
40.355;27;buy;14:48:49.672
40.355;33;buy;14:48:50.882
40.355;1;buy;14:48:50.977
40.36;107;buy;14:48:51.982
40.36;65;buy;14:48:56.997
40.355;100;buy;14:48:59.947
40.36;27;buy;14:49:00.670
40.36;2;buy;14:49:01.595
40.355;27;buy;14:49:11.668
40.355;33;buy;14:49:11.853
40.355;64;buy;14:49:11.981
40.355;255;buy;14:49:16.424
40.355;27;buy;14:49:22.666
40.335;1000;sell;14:49:22.999
40.34;65;buy;14:49:26.991
40.34;127;buy;14:49:31.081
40.34;27;buy;14:49:33.674
40.34;25;buy;14:49:35.747
40.34;64;buy;14:49:42.004
40.34;20;buy;14:49:42.940
40.35;20;buy;14:49:44.671
40.35;7;buy;14:49:44.671
40.345;27;buy;14:49:55.675
40.345;65;buy;14:49:57.020
40.32;1;sell;14:49:57.664
40.32;10;sell;14:49:59.933
40.345;1;buy;14:50:00.860
40.345;26;buy;14:50:06.684
40.345;65;buy;14:50:12.007
40.345;27;buy;14:50:17.678
40.365;1;buy;14:50:18.243
40.335;4;sell;14:50:19.780
40.34;9;sell;14:50:25.779
40.365;64;buy;14:50:27.015
40.37;27;buy;14:50:28.677
40.37;200;buy;14:50:32.772
40.375;27;buy;14:50:39.690
40.38;65;buy;14:50:42.028
40.385;123;buy;14:50:46.794
40.365;10;sell;14:50:49.299
40.38;1;buy;14:50:50.640
40.38;27;buy;14:50:50.693
40.375;64;buy;14:50:57.035
40.375;2;buy;14:50:58.966
40.375;27;buy;14:51:01.697
40.375;17;buy;14:51:04.588
40.375;23;sell;14:51:06.253
40.37;3;sell;14:51:08.391
40.385;1;buy;14:51:08.826
40.385;65;buy;14:51:12.029
40.385;27;buy;14:51:12.687
40.385;240;buy;14:51:18.986
40.4;24;buy;14:51:19.353
40.4;27;buy;14:51:23.699
40.4;65;buy;14:51:27.045
40.4;27;buy;14:51:34.706
40.4;82;buy;14:51:36.382
40.41;64;buy;14:51:42.056
40.41;2;buy;14:51:42.714
40.41;27;buy;14:51:45.698
40.41;265;buy;14:51:47.906
40.42;235;sell;14:51:52.771
40.41;15;sell;14:51:55.371
40.405;2;sell;14:51:56.071
40.4;67;sell;14:51:56.436
40.39;27;buy;14:51:56.708
40.39;65;buy;14:51:57.047
40.39;5;buy;14:51:59.085
40.39;50;buy;14:52:03.753
40.39;27;buy;14:52:07.704
40.39;4;buy;14:52:09.827
40.39;64;buy;14:52:12.057
40.395;26;buy;14:52:18.713
40.4;65;buy;14:52:27.083
40.4;27;buy;14:52:29.712
40.395;27;buy;14:52:40.715
40.395;65;buy;14:52:42.073
40.39;9;sell;14:52:44.636
40.385;24;sell;14:52:46.371
40.375;3;buy;14:52:48.490
40.375;27;buy;14:52:51.709
40.38;56;buy;14:52:56.325
40.38;64;buy;14:52:57.080
40.38;27;buy;14:53:02.760
40.38;3;sell;14:53:05.679
40.395;65;buy;14:53:12.097
40.395;27;buy;14:53:13.716
40.395;1;buy;14:53:18.472
40.4;27;buy;14:53:24.727
40.405;65;buy;14:53:27.085
40.405;27;buy;14:53:35.727
40.405;1;buy;14:53:36.568
40.41;64;buy;14:53:42.086
40.41;1;buy;14:53:44.701
40.405;27;buy;14:53:46.724
40.405;30;buy;14:53:46.741
40.405;20;buy;14:53:50.032
40.405;65;buy;14:53:57.102
40.41;27;buy;14:53:57.723
40.395;10;sell;14:54:01.114
40.405;15;buy;14:54:04.289
40.405;27;buy;14:54:08.741
40.41;64;buy;14:54:12.110
40.41;4;buy;14:54:16.228
40.395;200;sell;14:54:18.263
40.41;27;buy;14:54:19.727
40.41;1;buy;14:54:21.416
40.405;253;sell;14:54:24.571
40.39;65;buy;14:54:27.109
40.39;26;buy;14:54:30.740
40.39;6;buy;14:54:34.410
40.39;50;buy;14:54:35.019
40.385;1;buy;14:54:36.978
40.38;6;sell;14:54:37.051
40.39;27;buy;14:54:41.757
40.39;65;buy;14:54:42.118
40.385;1;buy;14:54:42.942
40.39;1;buy;14:54:47.767
40.39;27;buy;14:54:52.736
40.39;64;buy;14:54:57.118
40.4;1;buy;14:55:01.942
40.4;27;buy;14:55:03.734
40.4;8;buy;14:55:07.145
40.38;116;sell;14:55:10.733
40.39;65;buy;14:55:12.125
40.39;27;buy;14:55:14.748
40.39;1;buy;14:55:16.791
40.39;27;buy;14:55:25.761
40.385;64;buy;14:55:27.134
40.385;200;buy;14:55:33.496
40.395;27;buy;14:55:36.747
40.395;65;buy;14:55:42.147
40.395;500;buy;14:55:42.900
40.395;27;buy;14:55:47.744
40.385;1;sell;14:55:55.934
40.385;1;sell;14:55:56.008
40.385;1;sell;14:55:56.061
40.385;1;sell;14:55:56.108
40.4;400;buy;14:55:56.564
40.4;65;buy;14:55:57.139
40.4;27;buy;14:55:58.753
40.385;1;buy;14:56:05.638
40.385;1;buy;14:56:06.769
40.37;45;sell;14:56:07.120
40.375;27;buy;14:56:09.765
40.365;6;sell;14:56:10.503
40.37;3;buy;14:56:11.654
40.37;64;buy;14:56:12.153
40.365;36;sell;14:56:14.860
40.36;6;sell;14:56:14.871
40.355;3;sell;14:56:15.099
40.35;28;sell;14:56:15.107
40.35;27;buy;14:56:20.750
40.355;65;buy;14:56:27.162
40.355;27;buy;14:56:31.763
40.35;100;buy;14:56:41.121
40.355;64;buy;14:56:42.168
40.35;27;buy;14:56:42.755
40.35;24;buy;14:56:44.051
40.35;2;buy;14:56:49.573
40.35;4;buy;14:56:51.673
40.345;1;sell;14:56:52.237
40.34;1;sell;14:56:52.247
40.335;3;sell;14:56:52.258
40.33;412;sell;14:56:52.268
40.33;26;buy;14:56:53.764
40.325;4;sell;14:56:54.376
40.33;65;buy;14:56:57.168
40.325;298;sell;14:56:58.385
40.315;279;sell;14:56:58.390
40.31;20;buy;14:56:58.390
40.315;125;buy;14:57:00.482
40.315;125;buy;14:57:00.523
40.315;21;buy;14:57:00.582
40.315;104;buy;14:57:00.623
40.315;8;buy;14:57:00.723
40.32;27;buy;14:57:04.777
40.33;65;buy;14:57:12.169
40.32;50;sell;14:57:12.245
40.325;27;buy;14:57:15.765
40.32;1;sell;14:57:20.280
40.32;150;sell;14:57:20.440
40.305;51;sell;14:57:20.462
40.315;2;buy;14:57:22.093
40.315;15;buy;14:57:22.341
40.31;124;buy;14:57:23.939
40.32;27;buy;14:57:26.781
40.32;64;buy;14:57:27.178
40.325;1;buy;14:57:27.914
40.325;300;buy;14:57:29.361
40.33;55;buy;14:57:35.387
40.335;27;buy;14:57:37.818
40.35;65;buy;14:57:42.180
40.355;27;buy;14:57:48.771
40.36;64;buy;14:57:57.211
40.36;27;buy;14:57:59.777
40.365;28;buy;14:58:04.074
40.355;7;sell;14:58:05.683
40.365;27;buy;14:58:10.787
40.355;10;sell;14:58:11.140
40.365;65;buy;14:58:12.198
40.365;2;buy;14:58:12.284
40.365;5;buy;14:58:13.958
40.355;26;sell;14:58:14.469
40.365;5;buy;14:58:17.667
40.355;27;buy;14:58:21.785
40.355;65;buy;14:58:27.205
40.35;10;buy;14:58:32.307
40.35;27;buy;14:58:32.789
40.335;25;sell;14:58:34.941
40.35;1;buy;14:58:37.790
40.345;65;buy;14:58:41.158
40.35;64;buy;14:58:42.204
40.36;27;buy;14:58:43.795
40.36;48;buy;14:58:45.317
40.36;500;buy;14:58:48.176
40.36;1;buy;14:58:54.286
40.36;27;buy;14:58:54.791
40.36;310;buy;14:58:55.755
40.365;65;buy;14:58:57.215
40.38;26;buy;14:59:05.789
40.38;1;buy;14:59:05.961
40.375;2;buy;14:59:10.673
40.375;65;buy;14:59:12.222
40.375;1;buy;14:59:13.096
40.375;1;buy;14:59:16.521
40.375;27;buy;14:59:16.785
40.36;100;sell;14:59:17.188
40.36;167;sell;14:59:18.036
40.355;2;sell;14:59:18.336
40.35;200;sell;14:59:19.336
40.355;64;buy;14:59:27.222
40.355;27;buy;14:59:27.789
40.345;203;sell;14:59:28.482
40.345;19;sell;14:59:30.749
40.345;69;sell;14:59:37.405
40.35;27;buy;14:59:38.805
40.355;65;buy;14:59:42.222
40.355;27;buy;14:59:49.796
40.355;1;buy;14:59:55.446
40.35;64;buy;14:59:57.234
40.35;56;buy;14:59:59.665
40.35;87;buy;14:59:59.726
40.35;33;buy;14:59:59.800
40.35;27;buy;15:00:00.794
40.35;1;buy;15:00:01.037
40.345;194;sell;15:00:03.482
40.34;13;sell;15:00:03.523
40.335;4;sell;15:00:03.823
40.33;100;buy;15:00:04.302
40.33;100;buy;15:00:04.456
40.33;100;buy;15:00:07.356
40.33;1;sell;15:00:07.356
40.335;200;buy;15:00:07.607
40.34;1;buy;15:00:08.464
40.35;241;buy;15:00:09.210
40.355;27;buy;15:00:11.822
40.355;65;buy;15:00:12.243
40.36;27;buy;15:00:22.812
40.36;1;buy;15:00:26.574
40.36;124;buy;15:00:26.982
40.37;65;buy;15:00:27.251
40.375;27;buy;15:00:33.810
40.375;64;buy;15:00:42.253
40.375;27;buy;15:00:44.816
40.385;27;buy;15:00:55.812
40.385;65;buy;15:00:57.266
40.385;27;buy;15:01:06.817
40.38;10;sell;15:01:11.489
40.385;64;buy;15:01:12.267
40.385;4;buy;15:01:12.370
40.385;10;buy;15:01:13.118
40.385;10000;sell;15:01:13.524
40.345;200;sell;15:01:15.823
40.335;175;sell;15:01:16.782
40.33;26;buy;15:01:17.819
40.32;10;sell;15:01:25.516
40.33;9;buy;15:01:25.699
40.33;65;buy;15:01:27.268
40.325;10;sell;15:01:27.971
40.32;27;buy;15:01:28.825
40.32;1;buy;15:01:29.312
40.32;1;buy;15:01:29.381
40.315;114;sell;15:01:29.560
40.3;86;sell;15:01:29.588
40.29;801;sell;15:01:30.164
40.29;10;buy;15:01:33.279
40.29;3;buy;15:01:34.524
40.29;3;buy;15:01:34.528
40.29;3;buy;15:01:34.611
40.29;10;buy;15:01:37.169
40.29;27;buy;15:01:39.816
40.29;4;buy;15:01:40.136
40.29;500;sell;15:01:42.196
40.295;65;buy;15:01:42.395
40.295;21;buy;15:01:43.270
40.295;27;buy;15:01:50.815
40.285;300;sell;15:01:51.359
40.285;64;buy;15:01:57.279
40.28;3;sell;15:01:59.571
40.285;27;buy;15:02:01.820
40.285;200;buy;15:02:02.009
40.28;1;buy;15:02:03.290
40.275;2;sell;15:02:03.571
40.27;4;sell;15:02:04.571
40.265;440;sell;15:02:08.479
40.265;45;sell;15:02:10.336
40.28;65;buy;15:02:12.285
40.28;27;buy;15:02:12.824
40.28;1;buy;15:02:13.383
40.28;1;buy;15:02:15.508
40.28;5;buy;15:02:17.246
40.27;1;buy;15:02:23.826
40.27;27;buy;15:02:23.835
40.265;87;sell;15:02:24.371
40.265;22;sell;15:02:24.823
40.265;123;sell;15:02:25.182
40.265;285;sell;15:02:25.223
40.255;150;sell;15:02:25.237
40.24;33;sell;15:02:25.331
40.24;508;buy;15:02:26.236
40.24;48;buy;15:02:26.262
40.24;174;buy;15:02:27.082
40.24;64;buy;15:02:27.298
40.24;12;buy;15:02:28.931
40.235;4870;sell;15:02:29.331
40.215;10;sell;15:02:29.424
40.215;1;sell;15:02:29.454
40.23;31;buy;15:02:29.625
40.22;300;sell;15:02:30.048
40.22;2;sell;15:02:30.172
40.22;6;sell;15:02:30.299
40.23;5;buy;15:02:32.576
40.23;27;buy;15:02:34.840
40.23;285;buy;15:02:35.023
40.23;124;buy;15:02:35.082
40.255;65;buy;15:02:42.311
40.255;48;buy;15:02:43.666
40.255;27;buy;15:02:45.838
40.235;1;sell;15:02:50.445
40.235;100;sell;15:02:51.087
40.255;27;buy;15:02:56.837
40.26;65;buy;15:02:57.308
40.26;232;sell;15:03:06.212
40.265;27;buy;15:03:07.862
40.235;1;sell;15:03:09.717
40.26;64;buy;15:03:12.311
40.265;27;buy;15:03:18.834
40.265;65;buy;15:03:27.326
40.26;26;buy;15:03:29.848
40.235;52;sell;15:03:33.665
40.25;1;buy;15:03:37.522
40.25;27;buy;15:03:40.850
40.25;64;buy;15:03:42.330
40.255;1;buy;15:03:45.057
40.235;50;sell;15:03:45.423
40.235;250;sell;15:03:47.097
40.235;57;sell;15:03:49.274
40.255;1;buy;15:03:50.893
40.255;27;buy;15:03:51.852
40.255;65;buy;15:03:57.324
40.255;377;buy;15:03:59.819
40.265;27;buy;15:04:02.846
40.26;1;sell;15:04:07.376
40.27;10;buy;15:04:09.365
40.27;65;buy;15:04:12.333
40.28;27;buy;15:04:13.848
40.28;5;buy;15:04:14.215
40.28;4;buy;15:04:20.085
40.28;2;buy;15:04:24.150
40.28;27;buy;15:04:24.863
40.28;6;buy;15:04:25.151
40.28;29;buy;15:04:26.955
40.275;64;buy;15:04:27.335
40.26;10;sell;15:04:29.967
40.27;5;buy;15:04:32.858
40.27;1;buy;15:04:34.925
40.26;120;sell;15:04:35.582
40.26;27;buy;15:04:35.861
40.235;18;sell;15:04:36.144
40.26;40;buy;15:04:41.780
40.26;65;buy;15:04:42.339
40.26;10;buy;15:04:45.174
40.26;27;buy;15:04:46.867
40.235;1;sell;15:04:47.628
40.26;1;buy;15:04:54.776
40.26;100;buy;15:04:56.843
40.26;65;buy;15:04:57.354
40.26;27;buy;15:04:57.861
40.26;27;buy;15:05:08.862
40.26;48;buy;15:05:11.138
40.26;64;buy;15:05:12.359
40.26;5;buy;15:05:14.616
40.235;2;sell;15:05:15.856
40.245;27;buy;15:05:19.863
40.245;65;buy;15:05:27.368
40.25;27;buy;15:05:30.872
40.25;5;buy;15:05:37.316
40.255;26;buy;15:05:41.866
40.255;64;buy;15:05:42.367
40.255;430;buy;15:05:42.468
40.285;27;buy;15:05:52.878
40.29;500;buy;15:05:55.480
40.275;50;sell;15:05:55.672
40.275;80;sell;15:05:56.346
40.295;65;buy;15:05:57.372
40.295;4;buy;15:05:58.894
40.295;27;buy;15:06:03.883
40.295;3;buy;15:06:04.322
40.29;48;sell;15:06:09.011
40.3;1;buy;15:06:10.579
40.3;65;buy;15:06:12.380
40.3;27;buy;15:06:14.884
40.3;27;buy;15:06:25.872
40.295;64;buy;15:06:27.389
40.295;2;buy;15:06:29.947
40.295;27;buy;15:06:36.878
40.295;65;buy;15:06:42.385
40.3;27;buy;15:06:47.888
40.295;287;buy;15:06:54.705
40.295;64;buy;15:06:57.391
40.295;27;buy;15:06:58.892
40.285;35;sell;15:07:00.229
40.295;10;buy;15:07:01.446
40.295;2;buy;15:07:02.447
40.295;27;buy;15:07:09.885
40.285;5;sell;15:07:10.586
40.3;65;buy;15:07:12.405
40.285;1;sell;15:07:14.716
40.3;8;buy;15:07:15.022
40.3;20;buy;15:07:15.380
40.285;2100;sell;15:07:16.220
40.285;27;buy;15:07:20.886
40.285;65;buy;15:07:27.412
40.285;3;buy;15:07:28.418
40.285;27;buy;15:07:31.890
40.29;64;buy;15:07:42.414
40.295;27;buy;15:07:42.891
40.305;27;buy;15:07:53.896
40.31;65;buy;15:07:57.422
40.31;26;buy;15:08:04.893
40.285;1;sell;15:08:08.390
40.29;64;buy;15:08:12.423
40.29;27;buy;15:08:15.909
40.295;5;buy;15:08:16.110
40.295;27;buy;15:08:26.903
40.295;65;buy;15:08:27.427
40.3;5;buy;15:08:30.722
40.3;27;buy;15:08:37.911
40.3;65;buy;15:08:42.433
40.3;300;buy;15:08:45.033
40.29;27;buy;15:08:48.916
40.29;10;buy;15:08:54.609
40.29;64;buy;15:08:57.439
40.29;27;buy;15:08:59.915
40.29;121;buy;15:09:00.868
40.285;5;sell;15:09:03.671
40.275;27;buy;15:09:10.913
40.275;65;buy;15:09:12.458
40.275;4;buy;15:09:14.457
40.275;1;buy;15:09:16.695
40.275;50;buy;15:09:16.863
40.27;27;buy;15:09:21.910
40.27;40;buy;15:09:22.117
40.265;20;sell;15:09:22.571
40.26;64;buy;15:09:27.456
40.26;1;buy;15:09:29.873
40.26;27;buy;15:09:32.914
40.255;3;buy;15:09:35.708
40.255;1;buy;15:09:35.739
40.255;50;buy;15:09:36.928
40.25;182;sell;15:09:37.147
40.245;65;buy;15:09:42.460
40.25;27;buy;15:09:43.914
40.25;17;buy;15:09:50.831
40.25;27;buy;15:09:54.927
40.265;65;buy;15:09:57.466
40.27;10;buy;15:10:00.777
40.27;27;buy;15:10:05.927
40.27;60;buy;15:10:08.150
40.275;90;buy;15:10:10.616
40.275;64;buy;15:10:12.474
40.275;26;buy;15:10:16.934
40.255;581;sell;15:10:17.366
40.27;65;buy;15:10:27.483
40.27;27;buy;15:10:27.921
40.275;50;buy;15:10:35.670
40.275;2;buy;15:10:38.294
40.275;27;buy;15:10:38.926
40.275;1;buy;15:10:41.066
40.275;3;buy;15:10:41.374
40.275;65;buy;15:10:42.482
40.27;1;sell;15:10:48.571
40.27;27;buy;15:10:49.933
40.26;20;sell;15:10:52.271
40.265;2;buy;15:10:52.738
40.255;64;buy;15:10:57.488
40.255;1;buy;15:10:58.988
40.25;1;sell;15:10:59.595
40.255;27;buy;15:11:00.929
40.25;3;sell;15:11:05.571
40.255;5;buy;15:11:09.350
40.255;13;buy;15:11:11.603
40.255;27;buy;15:11:11.939
40.255;5;buy;15:11:12.502
40.255;65;buy;15:11:12.505
40.255;5;buy;15:11:16.284
40.255;27;buy;15:11:22.941
40.25;8;sell;15:11:24.083
40.25;1;buy;15:11:26.031
40.25;64;buy;15:11:27.506
40.25;50;buy;15:11:28.646
40.25;1;buy;15:11:33.688
40.25;27;buy;15:11:33.939
40.25;63;buy;15:11:36.828
40.25;2;buy;15:11:40.200
40.25;65;buy;15:11:42.509
40.25;27;buy;15:11:44.947
40.25;17;buy;15:11:54.571
40.255;2;buy;15:11:55.171
40.26;27;buy;15:11:55.953
40.27;65;buy;15:11:57.507
40.26;10;sell;15:12:06.641
40.275;27;buy;15:12:06.958
40.275;64;buy;15:12:12.521
40.275;30;buy;15:12:15.071
40.275;27;buy;15:12:17.948
40.275;11;buy;15:12:18.685
40.275;65;buy;15:12:27.533
40.275;146;buy;15:12:28.071
40.28;26;buy;15:12:28.964
40.29;1;buy;15:12:29.184
40.29;2;buy;15:12:30.162
40.29;248;buy;15:12:36.582
40.29;12;buy;15:12:36.640
40.29;241;buy;15:12:36.781
40.3;250;buy;15:12:37.000
40.305;2;buy;15:12:37.281
40.31;2;buy;15:12:38.000
40.315;1;buy;15:12:39.002
40.32;27;buy;15:12:39.959
40.33;2;buy;15:12:40.003
40.34;445;buy;15:12:41.000
40.34;200;buy;15:12:41.169
40.33;64;buy;15:12:42.529
40.325;106;buy;15:12:47.003
40.33;22;buy;15:12:49.180
40.33;18;buy;15:12:49.180
40.325;27;buy;15:12:50.963
40.33;68;buy;15:12:57.082
40.335;65;buy;15:12:57.533
40.335;27;buy;15:13:01.963
40.33;50;sell;15:13:02.128
40.335;120;buy;15:13:03.082
40.335;446;buy;15:13:04.123
40.335;106;buy;15:13:04.182
40.335;15;buy;15:13:04.183
40.335;1;buy;15:13:09.989
40.335;500;buy;15:13:12.115
40.335;65;buy;15:13:12.546
40.335;27;buy;15:13:12.967
40.335;91;buy;15:13:13.666
40.335;5;buy;15:13:15.703
40.345;83;buy;15:13:21.471
40.345;27;buy;15:13:23.957
40.34;3;sell;15:13:25.940
40.35;64;buy;15:13:27.538
40.35;5;buy;15:13:29.676
40.34;100;sell;15:13:31.793
40.35;102;buy;15:13:32.578
40.35;27;buy;15:13:34.972
40.345;146;sell;15:13:35.271
40.35;65;buy;15:13:42.555
40.345;1;sell;15:13:42.804
40.345;122;sell;15:13:44.271
40.345;123;sell;15:13:44.371
40.35;10;buy;15:13:45.518
40.35;27;buy;15:13:45.977
40.35;400;buy;15:13:49.439
40.365;320;buy;15:13:53.632
40.385;66;buy;15:13:55.374
40.38;27;buy;15:13:56.969
40.38;64;buy;15:13:57.575
40.38;27;buy;15:14:07.979
40.37;50;sell;15:14:08.122
40.38;5;buy;15:14:10.699
40.38;65;buy;15:14:12.565
40.37;10;sell;15:14:13.414
40.38;177;buy;15:14:14.030
40.37;4;sell;15:14:16.173
40.375;100;buy;15:14:16.840
40.375;27;buy;15:14:18.969
40.375;2;buy;15:14:19.247
40.385;2;buy;15:14:27.412
40.385;65;buy;15:14:27.592
40.385;27;buy;15:14:29.984
40.385;52;buy;15:14:33.193
40.385;100;buy;15:14:34.535
40.385;100;buy;15:14:37.045
40.385;200;buy;15:14:40.211
40.385;26;buy;15:14:40.984
40.385;64;buy;15:14:42.579
40.385;2;buy;15:14:45.710
40.385;10;buy;15:14:49.252
40.385;12;buy;15:14:51.962
40.385;27;buy;15:14:51.986
40.38;49;sell;15:14:54.628
40.385;65;buy;15:14:57.573
40.385;19;buy;15:14:58.054
40.385;35;buy;15:15:00.455
40.38;1;sell;15:15:00.652
40.385;223;buy;15:15:02.854
40.385;133;buy;15:15:02.865
40.385;27;buy;15:15:02.980
40.385;252;buy;15:15:02.981
40.385;121;buy;15:15:03.126
40.385;110;buy;15:15:03.378
40.385;62;buy;15:15:04.655
40.385;161;buy;15:15:04.661
40.385;693;buy;15:15:04.677
40.385;100;buy;15:15:04.680
40.385;7;buy;15:15:04.743
40.385;4;buy;15:15:04.786
40.385;166;buy;15:15:04.821
40.385;7;buy;15:15:04.836
40.385;162;buy;15:15:04.928
40.385;105;buy;15:15:05.466
40.385;7;buy;15:15:05.587
40.385;48;buy;15:15:05.935
40.385;1;buy;15:15:06.230
40.385;45;buy;15:15:06.859
40.385;100;buy;15:15:07.184
40.385;2;buy;15:15:08.301
40.385;200;buy;15:15:08.335
40.385;59;buy;15:15:10.397
40.385;33;buy;15:15:11.651
40.385;1;buy;15:15:11.652
40.385;199;buy;15:15:12.121
40.385;64;buy;15:15:12.592
40.385;2;buy;15:15:12.847
40.385;27;buy;15:15:13.984
40.385;4;buy;15:15:15.259
40.385;98;buy;15:15:15.387
40.385;171;buy;15:15:18.311
40.385;89;buy;15:15:20.253
40.385;300;buy;15:15:23.415
40.385;27;buy;15:15:25.001
40.385;21;buy;15:15:27.315
40.385;65;buy;15:15:27.594
40.385;2;buy;15:15:30.125
40.385;24;buy;15:15:34.072
40.385;27;buy;15:15:35.995
40.385;100;buy;15:15:37.201
40.385;8;buy;15:15:37.256
40.385;4;buy;15:15:40.923
40.385;66;buy;15:15:42.603
40.385;21;buy;15:15:46.530
40.385;27;buy;15:15:47.001
40.385;1;buy;15:15:52.383
40.385;5;buy;15:15:54.287
40.385;64;buy;15:15:57.607
40.385;27;buy;15:15:58.018
40.385;30;buy;15:15:58.070
40.385;1;buy;15:15:58.460
40.385;10;buy;15:16:01.769
40.385;22;buy;15:16:05.267
40.385;2;buy;15:16:06.124
40.385;1;buy;15:16:06.591
40.385;81;buy;15:16:08.337
40.385;27;buy;15:16:09.012
40.385;32;buy;15:16:09.955
40.38;131;sell;15:16:10.983
40.385;65;buy;15:16:12.607
40.385;1;buy;15:16:12.864
40.385;27;buy;15:16:19.994
40.38;500;sell;15:16:22.732
40.385;32;buy;15:16:26.118
40.385;65;buy;15:16:27.613
40.385;5;buy;15:16:28.124
40.385;27;buy;15:16:31.007
40.385;3;buy;15:16:33.952
40.385;27;buy;15:16:42.004
40.385;64;buy;15:16:42.621
40.38;3;sell;15:16:43.236
40.38;3;sell;15:16:43.336
40.38;3;sell;15:16:43.936
40.38;3;sell;15:16:44.036
40.38;2;sell;15:16:44.136
40.38;163;sell;15:16:45.336
40.385;10;buy;15:16:46.304
40.38;123;sell;15:16:46.671
40.38;123;sell;15:16:47.671
40.38;123;sell;15:16:48.181
40.375;201;sell;15:16:48.516
40.37;26;buy;15:16:53.009
40.37;65;buy;15:16:57.631
40.365;263;sell;15:17:01.575
40.36;1359;sell;15:17:02.848
40.325;16;buy;15:17:02.950
40.325;48;buy;15:17:03.215
40.325;27;buy;15:17:04.006
40.325;72;buy;15:17:05.113
40.32;544;sell;15:17:05.950
40.325;6;buy;15:17:06.184
40.32;381;sell;15:17:07.103
40.31;6;sell;15:17:08.731
40.305;144;sell;15:17:11.915
40.3;57;sell;15:17:11.963
40.3;209;sell;15:17:11.982
40.305;64;buy;15:17:12.626
40.305;1;buy;15:17:12.638
40.305;1;buy;15:17:13.196
40.3;27;buy;15:17:15.009
40.3;1;buy;15:17:16.351
40.295;329;sell;15:17:23.280
40.3;27;buy;15:17:26.016
40.3;65;buy;15:17:27.637
40.295;3;sell;15:17:29.099
40.3;27;buy;15:17:37.015
40.305;65;buy;15:17:42.649
40.305;27;buy;15:17:48.024
40.3;1000;sell;15:17:50.052
40.305;20;buy;15:17:50.686
40.305;13;buy;15:17:52.463
40.3;124;sell;15:17:53.723
40.3;124;sell;15:17:53.882
40.295;148;sell;15:17:54.882
40.29;2;sell;15:17:55.882
40.285;3;sell;15:17:56.882
40.295;64;buy;15:17:57.646
40.295;27;buy;15:17:59.021
40.28;1;sell;15:18:08.052
40.285;27;buy;15:18:10.035
40.285;65;buy;15:18:12.662
40.28;456;sell;15:18:18.602
40.275;27;buy;15:18:21.045
40.275;1;buy;15:18:25.347
40.275;18;buy;15:18:27.254
40.275;64;buy;15:18:27.680
40.275;15;buy;15:18:27.736
40.27;1;sell;15:18:29.074
40.275;27;buy;15:18:32.031
40.285;65;buy;15:18:42.670
40.285;27;buy;15:18:43.032
40.285;6;buy;15:18:48.476
40.275;6;sell;15:18:51.079
40.28;27;buy;15:18:54.058
40.28;5;buy;15:18:54.986
40.28;65;buy;15:18:57.674
40.29;1;buy;15:19:04.390
40.29;49;buy;15:19:04.390
40.29;26;buy;15:19:05.028
40.295;50;buy;15:19:09.219
40.31;64;buy;15:19:12.678
40.31;1;buy;15:19:14.388
40.31;27;buy;15:19:16.041
40.305;3;buy;15:19:25.916
40.305;27;buy;15:19:27.039
40.305;1;buy;15:19:27.273
40.305;65;buy;15:19:27.678
40.305;3;buy;15:19:29.018
40.3;8;buy;15:19:30.447
40.3;5;buy;15:19:33.484
40.295;5;sell;15:19:36.484
40.3;27;buy;15:19:38.049
40.3;64;buy;15:19:42.683
40.3;27;buy;15:19:49.044
40.29;20;sell;15:19:56.282
40.295;3;buy;15:19:56.545
40.295;65;buy;15:19:57.705
40.295;27;buy;15:20:00.045
40.285;25;sell;15:20:05.982
40.28;18;sell;15:20:06.723
40.285;27;buy;15:20:11.041
40.285;100;buy;15:20:11.198
40.285;65;buy;15:20:12.703
40.285;3;buy;15:20:13.837
40.275;32;sell;15:20:16.851
40.285;2;buy;15:20:20.701
40.285;6;buy;15:20:20.871
40.285;27;buy;15:20:22.068
40.275;6;sell;15:20:25.567
40.285;64;buy;15:20:27.711
40.28;27;buy;15:20:33.050
40.28;2;buy;15:20:38.245
40.28;65;buy;15:20:42.711
40.28;27;buy;15:20:44.061
40.27;26;sell;15:20:51.282
40.27;19;sell;15:20:51.323
40.275;27;buy;15:20:55.063
40.275;64;buy;15:20:57.712
40.27;250;sell;15:20:59.223
40.27;5;sell;15:20:59.623
40.27;2954;buy;15:21:01.558
40.275;1;buy;15:21:01.830
40.275;27;buy;15:21:06.067
40.27;1;sell;15:21:09.723
40.275;500;buy;15:21:10.085
40.28;65;buy;15:21:12.722
40.285;27;buy;15:21:17.066
40.29;1;buy;15:21:20.097
40.29;65;buy;15:21:27.729
40.29;26;buy;15:21:28.070
40.29;1;buy;15:21:30.606
40.29;5;buy;15:21:31.951
40.29;27;buy;15:21:39.058
40.29;64;buy;15:21:42.739
40.29;27;buy;15:21:50.073
40.275;169;sell;15:21:53.090
40.29;65;buy;15:21:57.741
40.29;27;buy;15:22:01.066
40.29;1;buy;15:22:08.086
40.29;1;buy;15:22:09.527
40.285;27;buy;15:22:12.076
40.285;65;buy;15:22:12.740
40.275;124;sell;15:22:15.166
40.28;5;buy;15:22:15.426
40.28;1;buy;15:22:18.811
40.28;27;buy;15:22:23.067
40.28;64;buy;15:22:27.752
40.28;1;buy;15:22:28.332
40.28;1;buy;15:22:29.118
40.28;27;buy;15:22:34.079
40.28;2;buy;15:22:35.979
40.28;30;buy;15:22:40.815
40.28;65;buy;15:22:42.757
40.28;6;buy;15:22:44.844
40.28;27;buy;15:22:45.074
40.28;27;buy;15:22:56.131
40.28;64;buy;15:22:57.758
40.28;1;buy;15:22:59.404
40.28;27;buy;15:23:07.092
40.29;65;buy;15:23:12.765
40.29;27;buy;15:23:18.096
40.29;65;buy;15:23:27.771
40.29;27;buy;15:23:29.092
40.29;11;buy;15:23:31.314
40.29;1;buy;15:23:32.974
40.275;10;sell;15:23:36.286
40.275;14;sell;15:23:39.307
40.29;26;buy;15:23:40.088
40.29;64;buy;15:23:42.785
40.29;1;buy;15:23:43.778
40.29;27;buy;15:23:51.087
40.3;375;buy;15:23:51.487
40.305;65;buy;15:23:57.786
40.315;27;buy;15:24:02.100
40.32;2;buy;15:24:06.713
40.305;1;sell;15:24:11.529
40.32;64;buy;15:24:12.802
40.32;27;buy;15:24:13.103
40.305;1;sell;15:24:23.283
40.32;27;buy;15:24:24.105
40.32;3;buy;15:24:25.142
40.32;65;buy;15:24:27.820
40.32;500;buy;15:24:28.493
40.335;12;buy;15:24:32.245
40.335;200;buy;15:24:32.246
40.335;27;buy;15:24:35.108
40.33;2;sell;15:24:38.105
40.34;2;buy;15:24:38.796
40.34;65;buy;15:24:42.810
40.34;2;buy;15:24:43.012
40.34;27;buy;15:24:46.100
40.34;2;buy;15:24:47.018
40.34;6;buy;15:24:49.130
40.34;2;buy;15:24:50.606
40.34;27;buy;15:24:57.102
40.34;64;buy;15:24:57.815
40.34;1;buy;15:24:59.682
40.34;1;buy;15:25:02.301
40.34;1;buy;15:25:03.470
40.335;27;buy;15:25:08.108
40.34;65;buy;15:25:12.819
40.34;27;buy;15:25:19.111
40.34;64;buy;15:25:27.825
40.34;27;buy;15:25:30.109
40.33;8;sell;15:25:30.967
40.33;1;sell;15:25:35.433
40.34;1;buy;15:25:37.480
40.34;27;buy;15:25:41.115
40.34;65;buy;15:25:42.825
40.33;49;sell;15:25:42.991
40.34;3;buy;15:25:43.465
40.34;26;buy;15:25:52.112
40.34;65;buy;15:25:57.826
40.345;1;buy;15:26:00.992
40.335;49;sell;15:26:01.386
40.345;27;buy;15:26:03.125
40.34;49;sell;15:26:03.409
40.335;64;buy;15:26:12.831
40.33;49;sell;15:26:12.922
40.335;27;buy;15:26:14.125
40.335;250;buy;15:26:15.063
40.335;1;buy;15:26:16.145
40.335;2;buy;15:26:17.319
40.33;27;buy;15:26:25.137
40.33;65;buy;15:26:27.850
40.33;1;buy;15:26:28.427
40.33;1;buy;15:26:31.381
40.33;1;buy;15:26:32.532
40.33;27;buy;15:26:36.135
40.325;100;sell;15:26:37.595
40.325;64;buy;15:26:42.848
40.325;27;buy;15:26:47.125
40.325;5;buy;15:26:48.530
40.325;65;buy;15:26:57.850
40.325;27;buy;15:26:58.131
40.325;6;buy;15:27:03.264
40.325;27;buy;15:27:09.134
40.325;65;buy;15:27:12.863
40.325;2;buy;15:27:19.098
40.325;1;buy;15:27:19.271
40.325;27;buy;15:27:20.131
40.32;6;sell;15:27:24.989
40.325;64;buy;15:27:27.870
40.32;7;sell;15:27:30.471
40.32;1;buy;15:27:30.707
40.32;27;buy;15:27:31.289
40.315;100;buy;15:27:31.294
40.31;105;sell;15:27:33.964
40.3;49;sell;15:27:35.220
40.305;100;buy;15:27:38.341
40.305;27;buy;15:27:42.138
40.305;65;buy;15:27:42.867
40.3;105;sell;15:27:44.970
40.305;2;buy;15:27:45.454
40.3;8;sell;15:27:45.954
40.305;2;buy;15:27:49.852
40.305;17;buy;15:27:52.582
40.305;27;buy;15:27:53.142
40.305;13;buy;15:27:53.882
40.31;65;buy;15:27:57.876
40.32;1;buy;15:28:00.518
40.32;50;buy;15:28:01.013
40.335;26;buy;15:28:04.151
40.325;30;sell;15:28:04.849
40.34;7;buy;15:28:05.398
40.34;5;buy;15:28:07.486
40.34;30;sell;15:28:10.582
40.34;29;sell;15:28:11.123
40.34;41;sell;15:28:11.182
40.33;64;buy;15:28:12.878
40.33;45;buy;15:28:14.469
40.335;27;buy;15:28:15.146
40.32;50;sell;15:28:21.316
40.33;42;buy;15:28:26.109
40.33;27;buy;15:28:26.146
40.335;18;buy;15:28:27.888
40.335;47;buy;15:28:27.888
40.34;220;buy;15:28:32.780
40.34;27;buy;15:28:37.153
40.34;64;buy;15:28:42.900
40.345;27;buy;15:28:48.151
40.345;3;buy;15:28:55.257
40.345;65;buy;15:28:57.900
40.345;27;buy;15:28:59.162
40.335;12;sell;15:29:00.350
40.345;5;buy;15:29:00.903
40.345;27;buy;15:29:10.160
40.35;65;buy;15:29:12.907
40.35;2;buy;15:29:12.947
40.35;2;buy;15:29:18.467
40.345;27;buy;15:29:21.165
40.35;1;buy;15:29:26.954
40.35;64;buy;15:29:27.917
40.35;27;buy;15:29:32.167
40.345;5;sell;15:29:34.882
40.34;1;sell;15:29:34.971
40.34;2;sell;15:29:35.136
40.32;83;sell;15:29:42.183
40.315;65;buy;15:29:42.926
40.315;27;buy;15:29:43.163
40.32;10;buy;15:29:51.004
40.325;40;buy;15:29:51.004
40.325;27;buy;15:29:54.171
40.31;64;buy;15:29:57.923
40.31;10;buy;15:29:59.032
40.31;1;buy;15:30:02.072
40.305;5;sell;15:30:02.290
40.305;5;buy;15:30:03.286
40.3;12;sell;15:30:04.392
40.31;27;buy;15:30:05.180
40.305;101;sell;15:30:08.966
40.305;12;sell;15:30:09.965
40.305;12;sell;15:30:12.891
40.31;65;buy;15:30:12.936
40.305;26;buy;15:30:16.173
40.3;12;sell;15:30:17.976
40.31;4;buy;15:30:20.256
40.3;12;sell;15:30:21.000
40.325;27;buy;15:30:27.181
40.325;65;buy;15:30:27.936
40.315;27;buy;15:30:38.172
40.315;1;buy;15:30:38.446
40.315;1;buy;15:30:40.068
40.31;1;sell;15:30:40.521
40.315;64;buy;15:30:42.948
40.315;27;buy;15:30:49.172
40.31;36;sell;15:30:51.667
40.305;16;buy;15:30:53.324
40.305;65;buy;15:30:57.954
40.305;27;buy;15:31:00.186
40.305;10;buy;15:31:01.732
40.3;2;sell;15:31:07.893
40.3;10;sell;15:31:07.893
40.3;12;sell;15:31:10.021
40.305;27;buy;15:31:11.182
40.315;64;buy;15:31:12.963
40.315;14;buy;15:31:14.222
40.3;12;sell;15:31:16.138
40.3;12;sell;15:31:17.141
40.3;500;sell;15:31:18.060
40.3;27;buy;15:31:22.191
40.3;1;buy;15:31:26.159
40.3;3;buy;15:31:26.556
40.3;65;buy;15:31:27.965
40.3;1;buy;15:31:29.605
40.3;27;buy;15:31:33.184
40.3;65;buy;15:31:42.960
40.3;27;buy;15:31:44.189
40.29;50;sell;15:31:50.031
40.29;275;sell;15:31:50.723
40.29;275;sell;15:31:50.996
40.29;275;sell;15:31:52.539
40.27;275;sell;15:31:52.702
40.255;37;sell;15:31:54.524
40.275;27;buy;15:31:55.185
40.255;275;sell;15:31:55.930
40.255;275;sell;15:31:56.017
40.255;37;sell;15:31:56.849
40.275;64;buy;15:31:57.969
40.28;2;buy;15:31:58.113
40.255;275;sell;15:31:59.056
40.255;275;sell;15:31:59.132
40.25;29;sell;15:32:00.598
40.245;83;sell;15:32:00.982
40.24;43;sell;15:32:01.182
40.235;275;sell;15:32:01.598
40.23;275;sell;15:32:01.646
40.225;2;sell;15:32:01.975
40.225;300;sell;15:32:02.190
40.225;275;sell;15:32:03.721
40.225;275;sell;15:32:03.956
40.235;27;buy;15:32:06.199
40.215;275;sell;15:32:07.333
40.215;275;sell;15:32:07.479
40.22;15;sell;15:32:07.660
40.22;275;sell;15:32:09.635
40.215;275;sell;15:32:09.802
40.215;122;sell;15:32:10.582
40.23;2;buy;15:32:10.724
40.215;275;sell;15:32:11.657
40.215;275;sell;15:32:11.819
40.215;133;sell;15:32:12.382
40.215;448;sell;15:32:12.423
40.215;422;sell;15:32:12.482
40.215;80;sell;15:32:12.483
40.23;65;buy;15:32:12.974
40.215;1;sell;15:32:13.426
40.215;1;sell;15:32:13.696
40.215;1;sell;15:32:13.889
40.215;275;sell;15:32:14.002
40.205;1;sell;15:32:14.020
40.205;275;sell;15:32:14.123
40.215;100;buy;15:32:14.171
40.205;275;sell;15:32:15.649
40.205;275;sell;15:32:15.735
40.2;275;sell;15:32:17.011
40.2;275;sell;15:32:17.141
40.215;27;buy;15:32:17.204
40.2;37;sell;15:32:17.764
40.215;139;buy;15:32:19.236
40.225;9;buy;15:32:19.336
40.2;230;sell;15:32:19.383
40.225;600;buy;15:32:19.877
40.23;1;buy;15:32:20.207
40.22;18;buy;15:32:25.235
40.23;64;buy;15:32:27.987
40.245;27;buy;15:32:28.195
40.25;26;buy;15:32:39.197
40.26;65;buy;15:32:42.984
40.26;400;buy;15:32:48.631
40.265;27;buy;15:32:50.205
40.27;1;buy;15:32:54.861
40.27;65;buy;15:32:57.989
40.27;27;buy;15:33:01.205
40.27;27;buy;15:33:12.211
40.27;64;buy;15:33:13.013
40.27;27;buy;15:33:23.214
40.27;2;buy;15:33:26.620
40.27;35;buy;15:33:27.783
40.27;65;buy;15:33:28.002
40.285;2;buy;15:33:30.783
40.26;1;sell;15:33:30.818
40.285;27;buy;15:33:34.218
40.285;25;buy;15:33:37.454
40.295;65;buy;15:33:43.011
40.3;27;buy;15:33:45.224
40.275;1;sell;15:33:46.236
40.295;4;buy;15:33:51.360
40.275;50;sell;15:33:54.783
40.275;12;sell;15:33:55.938
40.295;27;buy;15:33:56.210
40.285;64;buy;15:33:58.014
40.275;4;sell;15:34:00.886
40.295;1;buy;15:34:02.178
40.295;27;buy;15:34:07.225
40.295;65;buy;15:34:13.025
40.295;1;buy;15:34:17.519
40.295;27;buy;15:34:18.216
40.295;64;buy;15:34:28.029
40.3;27;buy;15:34:29.216
40.29;2;buy;15:34:35.979
40.29;27;buy;15:34:40.231
40.27;100;sell;15:34:41.352
40.28;65;buy;15:34:43.034
40.28;4;buy;15:34:46.821
40.28;1;buy;15:34:49.345
40.28;26;buy;15:34:51.221
40.28;70;buy;15:34:52.678
40.28;65;buy;15:34:58.033
40.28;27;buy;15:35:02.232
40.28;82;buy;15:35:03.904
40.285;5;buy;15:35:12.231
40.285;64;buy;15:35:13.045
40.285;27;buy;15:35:13.237
40.29;27;buy;15:35:24.230
40.29;1;buy;15:35:24.323
40.29;65;buy;15:35:28.056
40.29;5;buy;15:35:30.203
40.29;27;buy;15:35:35.229
40.29;150;buy;15:35:36.433
40.3;64;buy;15:35:43.052
40.3;1;buy;15:35:45.358
40.3;27;buy;15:35:46.234
40.3;2;buy;15:35:53.043
40.3;1134;buy;15:35:54.615
40.3;27;buy;15:35:57.234
40.3;65;buy;15:35:58.066
40.305;27;buy;15:36:08.250
40.305;6;buy;15:36:09.751
40.31;65;buy;15:36:13.064
40.31;3;buy;15:36:17.947
40.31;27;buy;15:36:19.250
40.32;64;buy;15:36:28.078
40.32;27;buy;15:36:30.249
40.325;27;buy;15:36:41.244
40.325;65;buy;15:36:43.082
40.325;27;buy;15:36:52.253
40.32;172;buy;15:36:54.308
40.3;20;sell;15:36:55.647
40.31;12;sell;15:36:56.505
40.305;64;buy;15:36:58.092
40.3;50;buy;15:37:02.979
40.3;26;buy;15:37:03.258
40.3;65;buy;15:37:13.109
40.305;27;buy;15:37:14.258
40.305;27;buy;15:37:25.267
40.305;65;buy;15:37:28.098
40.315;200;buy;15:37:35.455
40.315;27;buy;15:37:36.259
40.315;1;buy;15:37:38.644
40.32;64;buy;15:37:43.104
40.3;489;sell;15:37:46.552
40.3;27;buy;15:37:47.256
40.295;50;buy;15:37:53.312
40.295;71;buy;15:37:57.039
40.295;65;buy;15:37:58.114
40.295;27;buy;15:37:58.284
40.29;20;sell;15:38:04.121
40.285;1;sell;15:38:05.121
40.295;27;buy;15:38:09.273
40.295;56;buy;15:38:10.148
40.295;200;buy;15:38:11.116
40.295;65;buy;15:38:13.197
40.29;80;buy;15:38:17.772
40.29;27;buy;15:38:20.268
40.285;26;buy;15:38:24.784
40.285;24;buy;15:38:25.068
40.285;2;buy;15:38:26.236
40.285;64;buy;15:38:28.125
40.285;27;buy;15:38:31.272
40.285;1;buy;15:38:38.441
40.285;27;buy;15:38:42.274
40.285;65;buy;15:38:43.130
40.28;3;sell;15:38:45.728
40.285;27;buy;15:38:53.280
40.28;70;sell;15:38:55.855
40.28;178;sell;15:38:56.121
40.28;117;sell;15:38:56.171
40.275;12;sell;15:38:57.208
40.28;64;buy;15:38:58.124
40.27;400;sell;15:38:58.478
40.25;56;buy;15:38:59.745
40.25;27;buy;15:39:04.285
40.25;4;buy;15:39:05.104
40.245;12;sell;15:39:05.950
40.245;12;sell;15:39:07.224
40.245;5;sell;15:39:08.957
40.245;12;sell;15:39:09.327
40.25;65;buy;15:39:13.142
40.245;1;buy;15:39:14.587
40.245;26;buy;15:39:15.280
40.245;100;buy;15:39:20.401
40.235;12;sell;15:39:22.654
40.24;100;buy;15:39:22.808
40.235;12;sell;15:39:25.181
40.24;27;buy;15:39:26.283
40.235;65;buy;15:39:28.140
40.235;60;buy;15:39:28.982
40.235;114;buy;15:39:29.082
40.235;2;buy;15:39:31.049
40.235;92;buy;15:39:35.123
40.24;142;buy;15:39:35.223
40.25;27;buy;15:39:37.287
40.25;21;buy;15:39:38.082
40.255;2;buy;15:39:38.582
40.26;64;buy;15:39:43.154
40.26;6;buy;15:39:46.064
40.26;27;buy;15:39:48.285
40.265;200;buy;15:39:49.145
40.245;40;sell;15:39:57.931
40.26;65;buy;15:39:58.156
40.26;2;buy;15:39:58.920
40.26;27;buy;15:39:59.292
40.255;27;buy;15:40:10.286
40.235;60;sell;15:40:10.736
40.255;64;buy;15:40:13.163
40.25;27;buy;15:40:21.295
40.25;65;buy;15:40:28.172
40.24;27;buy;15:40:32.308
40.24;2;buy;15:40:40.449
40.24;65;buy;15:40:43.172
40.24;27;buy;15:40:43.297
40.24;24;buy;15:40:48.411
40.24;15;buy;15:40:48.485
40.24;27;buy;15:40:54.301
40.24;6;buy;15:40:55.625
40.235;1;sell;15:40:56.610
40.24;1;buy;15:40:57.247
40.235;12;sell;15:40:57.707
40.24;64;buy;15:40:58.177
40.24;5;buy;15:41:00.754
40.24;2;buy;15:41:02.659
40.24;250;buy;15:41:05.289
40.24;27;buy;15:41:05.298
40.24;1;buy;15:41:07.196
40.24;2;buy;15:41:09.054
40.235;12;sell;15:41:09.951
40.235;100;buy;15:41:11.582
40.235;100;buy;15:41:11.843
40.24;65;buy;15:41:13.195
40.245;27;buy;15:41:16.305
40.235;200;buy;15:41:17.537
40.23;12;sell;15:41:19.477
40.23;12;sell;15:41:20.402
40.235;1170;buy;15:41:21.757
40.23;26;buy;15:41:27.316
40.23;64;buy;15:41:28.192
40.235;62;buy;15:41:32.841
40.24;27;buy;15:41:38.317
40.235;65;buy;15:41:43.198
40.235;3;buy;15:41:43.846
40.235;5;buy;15:41:48.902
40.24;27;buy;15:41:49.318
40.24;3;buy;15:41:50.597
40.24;2;buy;15:41:51.529
40.24;45;buy;15:41:52.486
40.24;2;buy;15:41:56.210
40.24;65;buy;15:41:58.202
40.245;27;buy;15:42:00.313
40.24;2;buy;15:42:09.134
40.24;10;buy;15:42:10.176
40.245;27;buy;15:42:11.310
40.245;10;buy;15:42:11.362
40.25;64;buy;15:42:13.207
40.25;214;buy;15:42:14.023
40.25;32;buy;15:42:14.082
40.265;27;buy;15:42:22.325
40.27;65;buy;15:42:28.204
40.27;27;buy;15:42:33.325
40.255;1;sell;15:42:36.153
40.26;1;buy;15:42:39.170
40.26;64;buy;15:42:43.218
40.26;76;buy;15:42:44.101
40.26;27;buy;15:42:44.325
40.26;3;buy;15:42:46.582
40.26;27;buy;15:42:55.330
40.265;65;buy;15:42:58.227
40.26;20;sell;15:43:00.883
40.265;1;buy;15:43:02.124
40.26;2;buy;15:43:05.237
40.26;27;buy;15:43:06.328
40.26;1;buy;15:43:11.789
40.26;65;buy;15:43:13.229
40.26;10;buy;15:43:14.983
40.26;27;buy;15:43:17.330
40.26;5;buy;15:43:20.571
40.26;1;buy;15:43:21.648
40.26;64;buy;15:43:28.229
40.26;27;buy;15:43:28.343
40.265;1;buy;15:43:34.303
40.265;26;buy;15:43:39.338
40.265;65;buy;15:43:43.234
40.265;3;buy;15:43:44.283
40.265;5;buy;15:43:49.450
40.265;27;buy;15:43:50.338
40.275;65;buy;15:43:58.241
40.265;12;sell;15:43:58.803
40.27;27;buy;15:44:01.353
40.265;90;sell;15:44:03.402
40.27;1;buy;15:44:04.552
40.265;125;buy;15:44:10.282
40.265;27;buy;15:44:12.336
40.265;64;buy;15:44:13.257
40.265;3;buy;15:44:14.060
40.265;50;buy;15:44:17.516
40.265;1;buy;15:44:21.501
40.265;1;buy;15:44:22.843
40.265;27;buy;15:44:23.336
40.265;1;buy;15:44:27.407
40.265;1;buy;15:44:27.909
40.265;65;buy;15:44:28.264
40.265;3;buy;15:44:32.577
40.265;27;buy;15:44:34.344
40.265;1;buy;15:44:34.809
40.265;1;buy;15:44:36.032
40.265;64;buy;15:44:43.260
40.265;27;buy;15:44:45.362
40.265;27;buy;15:44:56.354
40.275;65;buy;15:44:58.269
40.265;2;sell;15:45:06.682
40.27;27;buy;15:45:07.353
40.265;5;sell;15:45:07.882
40.26;11;sell;15:45:07.982
40.265;10;buy;15:45:09.826
40.265;65;buy;15:45:13.274
40.265;4;buy;15:45:14.137
40.265;13;buy;15:45:16.244
40.265;27;buy;15:45:18.363
40.265;20;buy;15:45:20.691
40.26;64;buy;15:45:28.292
40.265;1;buy;15:45:28.574
40.265;27;buy;15:45:29.359
40.26;1;buy;15:45:33.804
40.26;15;buy;15:45:36.362
40.265;27;buy;15:45:40.359
40.26;20;buy;15:45:41.637
40.26;65;buy;15:45:43.292
40.26;4;buy;15:45:45.158
40.26;25;buy;15:45:45.361
40.27;27;buy;15:45:51.369
40.265;64;buy;15:45:58.292
40.265;1;buy;15:46:01.154
40.265;26;buy;15:46:02.371
40.265;2;buy;15:46:03.105
40.26;15;sell;15:46:08.791
40.265;65;buy;15:46:13.304
40.265;27;buy;15:46:13.366
40.265;1;buy;15:46:13.601
40.265;3;buy;15:46:16.677
40.275;3;buy;15:46:19.154
40.265;25;sell;15:46:23.692
40.275;27;buy;15:46:24.361
40.275;74;buy;15:46:25.758
40.285;65;buy;15:46:28.308
40.285;250;buy;15:46:34.990
40.285;27;buy;15:46:35.377
40.29;64;buy;15:46:43.317
40.29;33;buy;15:46:44.532
40.29;38;buy;15:46:45.706
40.29;27;buy;15:46:46.370
40.29;1;buy;15:46:52.454
40.29;6;buy;15:46:56.265
40.29;10;buy;15:46:56.335
40.29;27;buy;15:46:57.371
40.29;65;buy;15:46:58.323
40.29;6;buy;15:47:05.332
40.285;200;sell;15:47:07.144
40.29;27;buy;15:47:08.372
40.29;64;buy;15:47:13.316
40.295;27;buy;15:47:19.380
40.3;500;buy;15:47:21.274
40.295;397;sell;15:47:21.458
40.29;100;buy;15:47:23.788
40.29;65;buy;15:47:28.332
40.29;27;buy;15:47:30.380
40.29;2;buy;15:47:31.490
40.29;27;buy;15:47:41.383
40.29;65;buy;15:47:43.341
40.29;169;buy;15:47:44.382
40.29;266;buy;15:47:44.482
40.29;174;buy;15:47:44.582
40.29;447;buy;15:47:44.623
40.29;20;sell;15:47:48.378
40.3;1;buy;15:47:50.446
40.3;27;buy;15:47:52.393
40.3;1;buy;15:47:54.080
40.3;64;buy;15:47:58.332
40.3;1;buy;15:47:58.693
40.29;78;sell;15:48:02.271
40.3;1;buy;15:48:02.552
40.3;27;buy;15:48:03.388
40.3;65;buy;15:48:13.339
40.3;26;buy;15:48:14.386
40.3;2;buy;15:48:15.532
40.3;27;buy;15:48:25.387
40.3;64;buy;15:48:28.355
40.3;150;buy;15:48:29.193
40.3;100;buy;15:48:30.707
40.305;27;buy;15:48:36.392
40.32;65;buy;15:48:43.357
40.33;27;buy;15:48:47.400
40.33;10;buy;15:48:54.923
40.33;1;buy;15:48:56.002
40.32;100;sell;15:48:57.839
40.33;65;buy;15:48:58.364
40.33;27;buy;15:48:58.395
40.33;120;buy;15:49:04.843
40.33;124;buy;15:49:05.082
40.33;100;buy;15:49:05.848
40.33;10;buy;15:49:07.534
40.33;27;buy;15:49:09.401
40.33;64;buy;15:49:13.374
40.33;2;buy;15:49:18.422
40.33;1;buy;15:49:18.458
40.33;27;buy;15:49:20.400
40.33;65;buy;15:49:28.379
40.33;4;buy;15:49:30.706
40.33;27;buy;15:49:31.408
40.33;15;buy;15:49:32.381
40.345;1;buy;15:49:36.467
40.345;11;buy;15:49:36.467
40.335;336;sell;15:49:39.295
40.34;27;buy;15:49:42.412
40.34;65;buy;15:49:43.375
40.33;10;sell;15:49:46.584
40.34;27;buy;15:49:53.423
40.34;250;buy;15:49:54.130
40.33;2;sell;15:49:54.590
40.34;64;buy;15:49:58.384
40.34;1;buy;15:50:00.230
40.34;196;buy;15:50:00.923
40.345;27;buy;15:50:04.420
40.345;65;buy;15:50:13.393
40.345;4;buy;15:50:14.802
40.345;27;buy;15:50:15.408
40.34;500;sell;15:50:18.051
40.35;120;buy;15:50:24.882
40.35;300;buy;15:50:26.248
40.36;26;buy;15:50:26.415
40.355;1;buy;15:50:27.838
40.355;64;buy;15:50:28.399
40.355;27;buy;15:50:37.421
40.355;65;buy;15:50:43.407
40.355;27;buy;15:50:48.420
40.345;25;sell;15:51:08.436
40.335;12;sell;15:51:12.150
40.335;1;buy;15:51:15.044
40.335;6;buy;15:51:15.202
40.335;65;buy;15:51:22.266
40.335;81;buy;15:51:22.272
40.335;280;buy;15:51:28.593
40.335;129;buy;15:51:32.272
40.335;10;buy;15:51:32.344
40.335;27;buy;15:51:32.429
40.33;2;sell;15:51:32.736
40.325;1;sell;15:51:32.747
40.32;2;sell;15:51:32.757
40.315;23;sell;15:51:32.766
40.31;555;sell;15:51:32.776
40.305;77;buy;15:51:32.777
40.305;10;buy;15:51:34.281
40.305;11;buy;15:51:34.566
40.305;1;buy;15:51:39.057
40.305;1;buy;15:51:40.403
40.305;3;buy;15:51:41.028
40.305;64;buy;15:51:43.423
40.305;27;buy;15:51:43.451
40.305;5;buy;15:51:47.956
40.3;9;sell;15:51:49.254
40.305;27;buy;15:51:54.444
40.305;65;buy;15:51:58.510
40.3;12;sell;15:51:59.571
40.305;27;buy;15:52:05.439
40.305;65;buy;15:52:13.439
40.305;78;sell;15:52:13.440
40.31;27;buy;15:52:16.448
40.31;6;buy;15:52:22.331
40.31;300;buy;15:52:24.471
40.31;2;buy;15:52:27.051
40.31;27;buy;15:52:27.439
40.31;64;buy;15:52:28.435
40.31;96;buy;15:52:34.384
40.31;26;buy;15:52:38.448
40.305;39;sell;15:52:40.771
40.31;20;buy;15:52:41.004
40.3;656;sell;15:52:41.071
40.3;174;sell;15:52:41.982
40.3;447;sell;15:52:42.023
40.3;174;sell;15:52:42.082
40.3;12;sell;15:52:43.033
40.305;65;buy;15:52:43.445
40.3;511;sell;15:52:47.070
40.3;730;sell;15:52:47.070
40.3;447;sell;15:52:47.123
40.3;348;sell;15:52:47.182
40.305;27;buy;15:52:49.457
40.3;7;sell;15:52:52.460
40.305;64;buy;15:52:58.458
40.305;27;buy;15:53:00.455
40.305;2;buy;15:53:04.138
40.3;116;sell;15:53:06.580
40.305;27;buy;15:53:11.459
40.305;65;buy;15:53:13.454
40.305;2;buy;15:53:16.244
40.31;2;buy;15:53:19.977
40.31;27;buy;15:53:22.446
40.315;65;buy;15:53:28.461
40.32;27;buy;15:53:33.458
40.325;70;buy;15:53:34.154
40.315;6;sell;15:53:35.912
40.315;2;sell;15:53:41.425
40.325;64;buy;15:53:43.474
40.325;27;buy;15:53:44.463
40.32;5;buy;15:53:53.126
40.32;27;buy;15:53:55.454
40.32;20;buy;15:53:55.869
40.315;50;sell;15:53:56.429
40.32;65;buy;15:53:58.471
40.32;363;buy;15:54:01.863
40.325;27;buy;15:54:06.483
40.32;355;sell;15:54:07.025
40.32;2;sell;15:54:08.704
40.325;64;buy;15:54:13.486
40.33;27;buy;15:54:17.461
40.335;27;buy;15:54:28.473
40.335;65;buy;15:54:28.493
40.32;4;sell;15:54:29.451
40.34;5;buy;15:54:31.886
40.34;1;buy;15:54:33.150
40.34;27;buy;15:54:39.464
40.34;1;buy;15:54:40.742
40.34;700;buy;15:54:41.071
40.345;2;buy;15:54:42.326
40.345;65;buy;15:54:43.492
40.345;18;buy;15:54:49.597
40.35;26;buy;15:54:50.470
40.35;541;buy;15:54:51.071
40.35;64;buy;15:54:58.499
40.35;27;buy;15:55:01.469
40.35;2;buy;15:55:11.984
40.35;27;buy;15:55:12.480
40.35;65;buy;15:55:13.504
40.35;3;buy;15:55:14.508
40.35;694;buy;15:55:15.571
40.35;1;buy;15:55:15.671
40.35;694;buy;15:55:15.971
40.35;446;buy;15:55:16.023
40.35;174;buy;15:55:16.082
40.35;1;buy;15:55:16.123
40.35;174;buy;15:55:16.582
40.35;27;buy;15:55:23.477
40.35;65;buy;15:55:28.517
40.35;420;buy;15:55:30.723
40.36;25;buy;15:55:31.582
40.365;27;buy;15:55:34.487
40.375;2;buy;15:55:39.595
40.375;200;buy;15:55:43.307
40.38;64;buy;15:55:43.509
40.38;27;buy;15:55:45.483
40.38;3;buy;15:55:55.330
40.38;27;buy;15:55:56.484
40.38;65;buy;15:55:58.517
40.375;27;buy;15:56:07.490
40.355;5;sell;15:56:10.103
40.37;64;buy;15:56:13.520
40.365;27;buy;15:56:18.492
40.355;50;sell;15:56:24.454
40.365;65;buy;15:56:28.533
40.365;27;buy;15:56:29.483
40.355;220;sell;15:56:39.280
40.37;27;buy;15:56:40.487
40.37;65;buy;15:56:43.542
40.37;27;buy;15:56:51.499
40.375;64;buy;15:56:58.541
40.375;1;buy;15:57:01.404
40.375;26;buy;15:57:02.492
40.38;2;buy;15:57:07.203
40.385;27;buy;15:57:13.498
40.385;65;buy;15:57:13.547
40.385;20;buy;15:57:17.960
40.38;27;buy;15:57:24.616
40.38;64;buy;15:57:28.552
40.38;27;buy;15:57:35.511
40.38;10;buy;15:57:37.454
40.38;9;buy;15:57:41.474
40.38;65;buy;15:57:43.564
40.38;1;buy;15:57:44.061
40.38;27;buy;15:57:46.511
40.37;10;sell;15:57:49.257
40.38;1;buy;15:57:49.381
40.38;7;buy;15:57:54.270
40.38;27;buy;15:57:57.513
40.38;65;buy;15:57:58.564
40.38;2;buy;15:58:04.162
40.38;1;buy;15:58:07.265
40.375;27;buy;15:58:08.515
40.375;1;buy;15:58:11.756
40.37;1;sell;15:58:12.744
40.375;64;buy;15:58:13.580
40.37;1;sell;15:58:15.224
40.375;185;buy;15:58:17.744
40.38;27;buy;15:58:19.523
40.38;1;buy;15:58:22.047
40.38;2;buy;15:58:22.301
40.38;65;buy;15:58:28.572
40.38;27;buy;15:58:30.509
40.385;24;buy;15:58:32.117
40.385;27;buy;15:58:41.514
40.385;64;buy;15:58:43.584
40.39;1;buy;15:58:45.274
40.39;27;buy;15:58:52.526
40.39;12;buy;15:58:55.114
40.39;2;buy;15:58:57.307
40.39;65;buy;15:58:58.595
40.395;27;buy;15:59:03.524
40.395;700;buy;15:59:03.721
40.4;5;buy;15:59:04.607
40.4;3;buy;15:59:08.464
40.395;11;buy;15:59:09.436
40.395;65;buy;15:59:13.600
40.395;27;buy;15:59:14.521
40.39;13;sell;15:59:17.074
40.395;250;buy;15:59:24.548
40.395;26;buy;15:59:25.522
40.395;3;buy;15:59:27.355
40.395;64;buy;15:59:28.596
40.39;1;sell;15:59:31.671
40.38;1;sell;15:59:34.671
40.38;27;buy;15:59:36.551
40.38;1;buy;15:59:36.795
40.375;497;sell;15:59:36.974
40.37;570;sell;15:59:41.871
40.365;4;sell;15:59:43.271
40.365;65;buy;15:59:43.610
40.365;1;buy;15:59:44.225
40.36;1;sell;15:59:45.671
40.36;27;buy;15:59:47.539
40.36;27;buy;15:59:58.533
40.36;64;buy;15:59:58.610
40.36;1;buy;15:59:58.997
40.355;6;sell;16:00:08.871
40.35;8;sell;16:00:08.971
40.345;5;sell;16:00:09.208
40.345;1;buy;16:00:09.540
40.345;27;buy;16:00:09.582
40.345;65;buy;16:00:13.645
40.35;27;buy;16:00:20.531
40.35;36;buy;16:00:28.582
40.355;65;buy;16:00:28.643
40.345;25;sell;16:00:29.023
40.36;27;buy;16:00:31.536
40.35;7;sell;16:00:36.930
40.36;2;buy;16:00:41.351
40.36;27;buy;16:00:42.554
40.36;64;buy;16:00:43.624
40.355;4;buy;16:00:52.463
40.355;27;buy;16:00:53.547
40.355;3;buy;16:00:55.425
40.355;65;buy;16:00:58.640
40.36;10;buy;16:01:00.806
40.35;50;sell;16:01:01.650
40.36;4;buy;16:01:02.004
40.35;27;buy;16:01:04.553
40.345;700;sell;16:01:07.877
40.35;65;buy;16:01:13.650
40.365;27;buy;16:01:15.543
40.37;27;buy;16:01:26.553
40.375;5;buy;16:01:26.888
40.375;64;buy;16:01:28.652
40.38;1;buy;16:01:28.808
40.38;40;buy;16:01:31.648
40.38;1;buy;16:01:31.677
40.38;26;buy;16:01:37.555
40.38;4;buy;16:01:38.152
40.38;65;buy;16:01:43.649
40.365;173;sell;16:01:44.131
40.36;27;buy;16:01:48.558
40.36;50;buy;16:01:48.876
40.36;30;buy;16:01:55.761
40.36;64;buy;16:01:58.667
40.36;27;buy;16:01:59.565
40.36;6;buy;16:02:02.041
40.36;5;buy;16:02:02.709
40.36;27;buy;16:02:10.606
40.36;65;buy;16:02:13.672
40.36;27;buy;16:02:21.557
40.36;65;buy;16:02:28.678
40.37;2;buy;16:02:32.081
40.365;27;buy;16:02:32.566
40.37;27;buy;16:02:43.590
40.375;64;buy;16:02:43.669
40.375;27;buy;16:02:54.566
40.365;1;sell;16:02:58.109
40.38;65;buy;16:02:58.679
40.38;27;buy;16:03:05.577
40.385;15;buy;16:03:05.664
40.385;1;buy;16:03:05.729
40.39;64;buy;16:03:13.691
40.39;27;buy;16:03:16.582
40.395;6;buy;16:03:20.883
40.395;27;buy;16:03:27.581
40.395;65;buy;16:03:28.694
40.395;100;buy;16:03:28.721
40.38;294;sell;16:03:29.042
40.38;1;buy;16:03:29.429
40.38;89;buy;16:03:34.210
40.38;112;buy;16:03:34.230
40.38;123;buy;16:03:34.306
40.38;23;buy;16:03:34.368
40.38;1;buy;16:03:34.444
40.38;26;buy;16:03:34.452
40.38;62;buy;16:03:34.621
40.38;137;buy;16:03:34.882
40.375;36;sell;16:03:35.320
40.38;8;buy;16:03:36.081
40.38;24;buy;16:03:36.089
40.38;27;buy;16:03:38.576
40.38;65;buy;16:03:43.703
40.38;590;buy;16:03:48.371
40.38;148;buy;16:03:48.382
40.38;248;buy;16:03:48.482
40.38;14;buy;16:03:48.582
40.38;14;buy;16:03:48.682
40.38;14;buy;16:03:48.782
40.38;14;buy;16:03:48.882
40.38;26;buy;16:03:49.577
40.38;1445;buy;16:03:50.121
40.38;19;buy;16:03:50.182
40.38;19;buy;16:03:50.282
40.38;5;buy;16:03:50.494
40.38;1;buy;16:03:50.982
40.38;10;buy;16:03:52.386
40.38;64;buy;16:03:58.697
40.38;3;buy;16:03:58.782
40.38;96;buy;16:03:59.042
40.38;27;buy;16:04:00.582
40.38;1;buy;16:04:00.783
40.375;8;sell;16:04:03.412
40.38;1;buy;16:04:04.124
40.38;2;buy;16:04:07.335
40.38;27;buy;16:04:11.595
40.375;125;sell;16:04:11.960
40.375;113;sell;16:04:12.218
40.38;65;buy;16:04:13.707
40.375;103;sell;16:04:16.972
40.375;1;sell;16:04:19.121
40.38;27;buy;16:04:22.595
40.38;4;buy;16:04:23.647
40.38;1;buy;16:04:24.383
40.38;64;buy;16:04:28.725
40.375;95;sell;16:04:33.372
40.38;27;buy;16:04:33.596
40.38;15;buy;16:04:40.365
40.38;4;buy;16:04:42.946
40.38;65;buy;16:04:43.729
40.38;27;buy;16:04:44.602
40.38;6;buy;16:04:50.468
40.38;2;buy;16:04:52.329
40.38;120;buy;16:04:52.973
40.375;339;sell;16:04:53.791
40.38;2;buy;16:04:54.732
40.38;27;buy;16:04:55.590
40.38;1;buy;16:04:58.050
40.375;95;sell;16:04:58.531
40.38;65;buy;16:04:58.724
40.38;15;buy;16:05:03.697
40.375;85;sell;16:05:05.871
40.38;27;buy;16:05:06.605
40.38;9;buy;16:05:07.777
40.37;27;sell;16:05:12.171
40.365;30;sell;16:05:13.171
40.375;1;buy;16:05:13.291
40.375;64;buy;16:05:13.738
40.36;154;sell;16:05:17.171
40.365;27;buy;16:05:17.593
40.36;27;buy;16:05:28.604
40.36;65;buy;16:05:28.747
40.355;29;sell;16:05:30.171
40.35;37;sell;16:05:33.171
40.35;137;sell;16:05:34.525
40.345;125;sell;16:05:34.782
40.335;113;sell;16:05:35.076
40.34;27;buy;16:05:39.607
40.335;27;sell;16:05:42.571
40.335;64;buy;16:05:43.876
40.33;99;sell;16:05:50.024
40.335;27;buy;16:05:50.607
40.335;1;buy;16:05:56.961
40.335;65;buy;16:05:58.750
40.335;26;buy;16:06:01.634
40.335;27;buy;16:06:12.612
40.335;65;buy;16:06:13.750
40.335;2;sell;16:06:19.104
40.335;1;sell;16:06:21.705
40.345;27;buy;16:06:23.624
40.345;6;buy;16:06:28.173
40.345;1;buy;16:06:28.713
40.345;64;buy;16:06:28.766
40.35;27;buy;16:06:34.649
40.36;1;buy;16:06:40.832
40.365;30;buy;16:06:42.047
40.37;65;buy;16:06:43.763
40.38;27;buy;16:06:45.618
40.38;27;buy;16:06:56.614
40.38;65;buy;16:06:58.772
40.38;4;buy;16:07:06.324
40.38;27;buy;16:07:07.627
40.38;1;buy;16:07:11.027
40.38;2;buy;16:07:12.225
40.38;64;buy;16:07:13.782
40.38;80;buy;16:07:13.783
40.38;27;buy;16:07:18.618
40.38;65;buy;16:07:28.792
40.38;287;buy;16:07:29.071
40.385;27;buy;16:07:29.625
40.395;1;buy;16:07:30.940
40.395;1;buy;16:07:33.567
40.395;1;buy;16:07:40.142
40.395;27;buy;16:07:40.626
40.395;64;buy;16:07:43.800
40.395;1;buy;16:07:48.882
40.395;27;buy;16:07:51.636
40.39;102;sell;16:07:55.236
40.385;6;sell;16:07:55.971
40.385;65;buy;16:07:58.797
40.385;1;buy;16:08:00.228
40.385;27;buy;16:08:02.631
40.385;26;buy;16:08:13.638
40.385;65;buy;16:08:13.808
40.38;310;sell;16:08:18.367
40.385;27;buy;16:08:24.637
40.385;25;buy;16:08:24.732
40.385;64;buy;16:08:28.814
40.38;13;buy;16:08:32.917
40.38;27;buy;16:08:35.645
40.385;6;buy;16:08:39.295
40.395;1;buy;16:08:43.032
40.4;65;buy;16:08:43.807
40.4;27;buy;16:08:46.655
40.395;3;buy;16:08:48.833
40.4;27;buy;16:08:57.647
40.4;64;buy;16:08:58.816
40.4;150;buy;16:08:58.885
40.385;128;sell;16:09:01.886
40.37;1;sell;16:09:02.144
40.365;1;sell;16:09:02.395
40.36;1;sell;16:09:02.645
40.355;27;sell;16:09:02.769
40.35;7;sell;16:09:02.789
40.345;37;sell;16:09:02.798
40.34;33;sell;16:09:02.896
40.335;113;sell;16:09:03.148
40.34;1;buy;16:09:03.182
40.345;6;buy;16:09:03.615
40.34;1;buy;16:09:04.282
40.335;50;sell;16:09:04.664
40.34;27;buy;16:09:08.652
40.335;100;sell;16:09:10.188
40.34;1;buy;16:09:12.136
40.335;91;sell;16:09:13.527
40.34;65;buy;16:09:13.822
40.34;27;buy;16:09:19.654
40.335;2;sell;16:09:26.578
40.34;65;buy;16:09:28.836
40.34;27;buy;16:09:30.657
40.34;5;buy;16:09:33.063
40.34;5;buy;16:09:34.026
40.34;1;buy;16:09:39.126
40.34;3;buy;16:09:39.608
40.34;10;buy;16:09:40.043
40.34;27;buy;16:09:41.646
40.34;64;buy;16:09:43.833
40.34;4;buy;16:09:47.272
40.34;27;buy;16:09:52.654
40.34;1;sell;16:09:57.481
40.345;65;buy;16:09:58.839
40.34;51;sell;16:10:01.642
40.335;80;sell;16:10:01.642
40.335;119;sell;16:10:01.898
40.325;108;sell;16:10:03.446
40.335;27;buy;16:10:03.660
40.33;64;buy;16:10:13.851
40.325;24;sell;16:10:13.975
40.335;27;buy;16:10:14.660
40.335;50;buy;16:10:14.893
40.335;100;buy;16:10:15.770
40.34;1;buy;16:10:18.840
40.34;3;buy;16:10:20.182
40.34;371;buy;16:10:25.317
40.34;27;buy;16:10:25.684
40.335;5;sell;16:10:28.133
40.345;65;buy;16:10:28.854
40.34;26;buy;16:10:36.669
40.34;65;buy;16:10:43.865
40.34;28;buy;16:10:47.387
40.34;27;buy;16:10:47.670
40.335;75;sell;16:10:48.178
40.34;1;buy;16:10:48.399
40.34;1;buy;16:10:49.116
40.335;6;buy;16:10:54.891
40.335;27;buy;16:10:58.671
40.34;64;buy;16:10:58.859
40.34;1;buy;16:11:06.220
40.335;4;buy;16:11:07.795
40.335;27;buy;16:11:09.686
40.335;545;buy;16:11:09.827
40.34;65;buy;16:11:13.879
40.335;163;sell;16:11:19.927
40.335;113;sell;16:11:19.933
40.335;24;buy;16:11:19.949
40.33;24;sell;16:11:19.950
40.33;1;buy;16:11:20.023
40.325;148;sell;16:11:20.184
40.32;468;sell;16:11:20.186
40.32;24;buy;16:11:20.189
40.32;71;sell;16:11:20.194
40.32;135;sell;16:11:20.436
40.33;27;buy;16:11:20.667
40.32;123;sell;16:11:20.691
40.315;111;sell;16:11:20.945
40.325;64;buy;16:11:28.882
40.33;7;buy;16:11:30.412
40.33;27;buy;16:11:31.671
40.33;1;buy;16:11:36.601
40.32;350;sell;16:11:41.441
40.33;27;buy;16:11:42.679
40.33;65;buy;16:11:43.883
40.335;1111;buy;16:11:50.958
40.35;200;buy;16:11:52.765
40.36;27;buy;16:11:53.678
40.355;60;buy;16:11:57.037
40.35;65;buy;16:11:58.883
40.35;27;buy;16:12:04.682
40.35;64;buy;16:12:13.887
40.355;27;buy;16:12:15.695
40.345;27;buy;16:12:26.694
40.36;65;buy;16:12:28.894
40.36;1;buy;16:12:35.518
40.345;121;sell;16:12:35.895
40.345;110;sell;16:12:36.159
40.36;27;buy;16:12:37.693
40.355;1;buy;16:12:42.870
40.355;65;buy;16:12:43.900
40.355;7;buy;16:12:44.563
40.345;99;sell;16:12:45.146
40.34;26;sell;16:12:45.682
40.335;25;sell;16:12:45.782
40.33;57;sell;16:12:45.882
40.325;26;buy;16:12:48.691
40.32;6;sell;16:12:53.883
40.32;103;sell;16:12:57.046
40.325;64;buy;16:12:58.931
40.335;27;buy;16:12:59.692
40.33;27;buy;16:13:10.718
40.33;1;buy;16:13:13.751
40.335;65;buy;16:13:13.927
40.325;3;sell;16:13:20.077
40.335;27;buy;16:13:21.691
40.335;200;buy;16:13:25.842
40.34;64;buy;16:13:28.915
40.335;27;buy;16:13:32.698
40.335;1;buy;16:13:39.844
40.335;27;buy;16:13:43.696
40.335;65;buy;16:13:43.929
40.325;137;sell;16:13:49.124
40.315;125;sell;16:13:49.380
40.315;113;sell;16:13:49.631
40.31;103;sell;16:13:50.160
40.31;457;sell;16:13:50.394
40.3;1043;sell;16:13:50.408
40.3;29;sell;16:13:53.432
40.305;27;buy;16:13:54.702
40.3;125;sell;16:13:55.333
40.3;114;sell;16:13:55.590
40.3;103;sell;16:13:55.843
40.3;12;sell;16:13:57.223
40.305;45;buy;16:13:58.193
40.3;12;sell;16:13:58.301
40.305;65;buy;16:13:58.934
40.3;12;sell;16:13:59.440
40.305;1;buy;16:14:00.407
40.305;1;buy;16:14:00.916
40.3;12;sell;16:14:01.237
40.3;12;sell;16:14:02.350
40.3;345;sell;16:14:03.448
40.3;12;sell;16:14:04.267
40.3;49;sell;16:14:04.650
40.3;12;sell;16:14:05.066
40.3;148;sell;16:14:05.482
40.3;446;sell;16:14:05.523
40.3;92;sell;16:14:05.582
40.3;124;sell;16:14:05.682
40.305;27;buy;16:14:05.706
40.3;447;sell;16:14:05.723
40.3;50;sell;16:14:05.756
40.3;472;sell;16:14:05.782
40.3;372;sell;16:14:05.882
40.3;124;sell;16:14:05.981
40.3;124;sell;16:14:05.982
40.3;260;sell;16:14:06.021
40.3;12;sell;16:14:06.377
40.3;2;sell;16:14:06.552
40.3;12;sell;16:14:07.263
40.3;12;sell;16:14:09.682
40.305;1;buy;16:14:12.959
40.305;64;buy;16:14:13.934
40.305;27;buy;16:14:16.708
40.31;27;buy;16:14:27.716
40.31;65;buy;16:14:28.946
40.31;1;buy;16:14:35.904
40.315;27;buy;16:14:38.711
40.315;64;buy;16:14:43.957
40.32;27;buy;16:14:49.718
40.32;65;buy;16:14:58.960
40.32;26;buy;16:15:00.714
40.315;6;sell;16:15:02.076
40.32;6;buy;16:15:02.101
40.315;27;buy;16:15:11.723
40.31;112;sell;16:15:13.161
40.305;65;buy;16:15:13.967
40.31;100;buy;16:15:14.635
40.31;1;buy;16:15:17.543
40.31;3;buy;16:15:19.437
40.3;110;sell;16:15:19.639
40.3;100;sell;16:15:20.940
40.31;1;buy;16:15:21.648
40.305;27;buy;16:15:22.725
40.3;125;sell;16:15:23.932
40.3;113;sell;16:15:24.188
40.3;103;sell;16:15:25.463
40.3;133;sell;16:15:26.230
40.305;64;buy;16:15:28.971
40.3;612;sell;16:15:30.171
40.3;695;sell;16:15:30.872
40.305;27;buy;16:15:33.727
40.3;94;sell;16:15:35.546
40.3;2;sell;16:15:38.343
40.3;84;sell;16:15:42.405
40.3;592;sell;16:15:42.436
40.3;124;sell;16:15:42.581
40.3;124;sell;16:15:42.981
40.3;198;sell;16:15:43.221
40.305;65;buy;16:15:43.971
40.3;2;sell;16:15:44.275
40.305;27;buy;16:15:44.730
40.305;100;buy;16:15:44.776
40.305;1;buy;16:15:47.336
40.305;27;buy;16:15:55.733
40.305;2;buy;16:15:58.041
40.305;64;buy;16:15:58.986
40.3;50;sell;16:15:59.291
40.3;250;sell;16:16:01.727
40.305;300;buy;16:16:02.258
40.3;38;sell;16:16:02.523
40.3;28;sell;16:16:03.496
40.3;2;sell;16:16:03.548
40.3;6;sell;16:16:05.738
40.3;22;sell;16:16:06.478
40.305;27;buy;16:16:06.723
40.3;179;sell;16:16:08.045
40.3;6;sell;16:16:08.501
40.3;18;sell;16:16:10.605
40.305;65;buy;16:16:13.984
40.315;27;buy;16:16:17.742
40.31;100;buy;16:16:17.862
40.315;1;buy;16:16:21.778
40.315;27;buy;16:16:28.729
40.325;65;buy;16:16:28.997
40.325;4;buy;16:16:29.483
40.325;2;buy;16:16:36.396
40.325;27;buy;16:16:39.744
40.32;64;buy;16:16:44.005
40.32;1;buy;16:16:46.346
40.31;322;sell;16:16:46.766
40.31;27;buy;16:16:50.742
40.31;200;buy;16:16:51.515
40.315;200;buy;16:16:52.001
40.315;200;buy;16:16:52.615
40.315;200;buy;16:16:53.004
40.32;200;buy;16:16:53.617
40.32;1;buy;16:16:53.721
40.32;200;buy;16:16:54.348
40.325;200;buy;16:16:54.917
40.325;200;buy;16:16:55.419
40.305;200;sell;16:16:55.813
40.33;200;buy;16:16:55.907
40.305;100;sell;16:16:56.170
40.305;100;sell;16:16:56.171
40.33;200;buy;16:16:56.301
40.305;200;sell;16:16:56.606
40.33;200;buy;16:16:56.760
40.325;200;buy;16:16:57.262
40.33;200;buy;16:16:57.723
40.305;200;sell;16:16:58.060
40.325;200;buy;16:16:58.228
40.33;200;buy;16:16:58.654
40.33;65;buy;16:16:59.010
40.325;200;buy;16:16:59.092
40.31;100;sell;16:16:59.469
40.32;27;buy;16:17:01.744
40.31;910;sell;16:17:12.464
40.315;26;buy;16:17:12.753
40.31;64;buy;16:17:14.009
40.315;27;buy;16:17:23.743
40.32;65;buy;16:17:29.012
40.31;300;sell;16:17:30.040
40.33;200;buy;16:17:30.127
40.33;200;buy;16:17:30.143
40.33;200;buy;16:17:30.742
40.33;138;buy;16:17:31.262
40.33;62;buy;16:17:31.262
40.33;200;buy;16:17:31.816
40.325;200;buy;16:17:32.779
40.33;2;buy;16:17:32.918
40.315;100;sell;16:17:33.671
40.315;122;sell;16:17:33.831
40.315;200;buy;16:17:33.836
40.33;200;buy;16:17:34.324
40.33;27;buy;16:17:34.748
40.33;200;buy;16:17:35.116
40.315;200;sell;16:17:35.767
40.33;200;buy;16:17:36.010
40.325;200;buy;16:17:39.149
40.335;200;buy;16:17:39.263
40.315;200;sell;16:17:39.471
40.335;200;buy;16:17:39.701
40.315;100;sell;16:17:40.003
40.315;100;sell;16:17:40.005
40.335;200;buy;16:17:40.144
40.32;77;sell;16:17:40.409
40.315;100;sell;16:17:40.410
40.32;200;buy;16:17:40.537
40.315;100;sell;16:17:40.831
40.33;65;buy;16:17:44.028
40.33;27;buy;16:17:45.758
40.315;100;sell;16:17:46.871
40.33;200;buy;16:17:46.974
40.315;100;sell;16:17:47.238
40.315;2;sell;16:17:47.760
40.33;27;buy;16:17:56.757
40.315;100;sell;16:17:57.072
40.33;200;buy;16:17:57.246
40.315;200;sell;16:17:57.588
40.335;200;buy;16:17:57.703
40.315;100;sell;16:17:57.979
40.315;100;sell;16:17:57.997
40.335;200;buy;16:17:58.098
40.32;177;sell;16:17:58.370
40.32;200;buy;16:17:58.475
40.315;174;sell;16:17:58.714
40.315;200;buy;16:17:58.822
40.33;64;buy;16:17:59.033
40.31;100;sell;16:17:59.088
40.31;100;sell;16:17:59.089
40.335;200;buy;16:17:59.215
40.315;100;sell;16:17:59.541
40.315;100;sell;16:17:59.542
40.33;200;buy;16:17:59.658
40.315;100;sell;16:18:00.011
40.315;100;sell;16:18:00.024
40.335;200;buy;16:18:00.208
40.32;177;sell;16:18:00.542
40.32;200;buy;16:18:00.670
40.315;200;sell;16:18:00.901
40.335;50;buy;16:18:00.997
40.335;200;buy;16:18:01.010
40.33;28;buy;16:18:01.320
40.32;200;sell;16:18:01.807
40.33;200;buy;16:18:01.916
40.32;28;sell;16:18:02.084
40.32;200;sell;16:18:02.154
40.335;200;buy;16:18:02.308
40.32;200;sell;16:18:02.620
40.34;200;buy;16:18:02.727
40.34;200;buy;16:18:02.837
40.335;200;buy;16:18:03.626
40.335;200;buy;16:18:04.100
40.32;200;sell;16:18:04.448
40.33;200;buy;16:18:04.573
40.32;100;sell;16:18:04.807
40.32;200;sell;16:18:06.923
40.33;200;buy;16:18:07.035
40.32;100;sell;16:18:07.037
40.335;200;buy;16:18:07.130
40.315;200;sell;16:18:07.262
40.33;200;buy;16:18:07.463
40.315;200;sell;16:18:07.729
40.335;27;buy;16:18:07.760
40.335;200;buy;16:18:07.887
40.315;200;sell;16:18:08.214
40.33;200;buy;16:18:08.366
40.33;200;buy;16:18:09.038
40.32;100;sell;16:18:09.386
40.32;100;sell;16:18:09.406
40.34;200;buy;16:18:09.574
40.325;200;sell;16:18:10.041
40.335;299;buy;16:18:10.399
40.34;200;buy;16:18:11.188
40.33;100;sell;16:18:11.839
40.33;100;sell;16:18:11.927
40.35;200;buy;16:18:12.210
40.33;100;sell;16:18:13.136
40.33;100;sell;16:18:13.137
40.345;200;buy;16:18:13.421
40.33;200;sell;16:18:13.762
40.345;200;buy;16:18:13.863
40.35;65;buy;16:18:14.028
40.335;200;sell;16:18:14.183
40.34;200;buy;16:18:14.369
40.335;200;sell;16:18:14.688
40.35;200;buy;16:18:14.809
40.335;200;sell;16:18:15.105
40.345;200;buy;16:18:15.235
40.335;100;sell;16:18:15.558
40.34;2;buy;16:18:15.723
40.34;27;buy;16:18:18.772
40.335;300;sell;16:18:21.040
40.34;200;buy;16:18:21.123
40.34;200;buy;16:18:21.129
40.335;100;sell;16:18:22.324
40.335;200;sell;16:18:23.036
40.34;200;buy;16:18:23.157
40.335;100;sell;16:18:23.158
40.35;200;buy;16:18:23.252
40.35;200;buy;16:18:23.672
40.35;200;buy;16:18:24.065
40.33;100;sell;16:18:24.356
40.33;100;sell;16:18:24.357
40.35;200;buy;16:18:24.494
40.335;200;sell;16:18:24.762
40.35;200;buy;16:18:24.857
40.335;100;sell;16:18:25.184
40.335;8;sell;16:18:25.497
40.335;292;sell;16:18:25.497
40.345;200;buy;16:18:25.649
40.345;200;buy;16:18:25.665
40.335;100;sell;16:18:26.043
40.335;100;sell;16:18:26.044
40.35;200;buy;16:18:26.185
40.345;200;buy;16:18:26.658
40.335;200;sell;16:18:26.981
40.35;200;buy;16:18:27.179
40.35;2;buy;16:18:27.420
40.335;200;sell;16:18:27.434
40.35;200;buy;16:18:27.575
40.335;100;sell;16:18:27.887
40.345;65;buy;16:18:29.041
40.345;27;buy;16:18:29.768
40.35;27;buy;16:18:40.767
40.35;11235;buy;16:18:43.687
40.36;101;buy;16:18:43.723
40.365;1;buy;16:18:43.782
40.37;101;buy;16:18:43.816
40.375;99;buy;16:18:43.816
40.385;200;buy;16:18:43.830
40.395;64;buy;16:18:44.050
40.4;200;buy;16:18:44.445
40.39;200;buy;16:18:44.836
40.395;200;buy;16:18:44.887
40.4;200;buy;16:18:45.392
40.395;200;buy;16:18:45.834
40.4;200;buy;16:18:46.228
40.41;200;buy;16:18:46.704
40.415;200;buy;16:18:47.350
40.41;200;buy;16:18:47.948
40.41;92;buy;16:18:48.052
40.41;112;buy;16:18:48.324
40.41;200;buy;16:18:48.358
40.415;200;buy;16:18:48.756
40.41;200;buy;16:18:49.164
40.41;200;buy;16:18:49.807
40.41;3545;buy;16:18:50.109
40.44;200;buy;16:18:50.231
40.45;200;buy;16:18:50.278
40.45;50;buy;16:18:50.420
40.435;33;sell;16:18:50.515
40.45;200;buy;16:18:50.765
40.455;10;buy;16:18:50.861
40.45;345;buy;16:18:51.096
40.455;1;buy;16:18:51.108
40.455;100;buy;16:18:51.333
40.45;27;buy;16:18:51.761
40.45;200;buy;16:18:51.819
40.455;200;buy;16:18:52.180
40.45;24;buy;16:18:52.334
40.45;200;buy;16:18:52.766
40.445;200;buy;16:18:53.173
40.445;200;buy;16:18:53.613
40.445;200;buy;16:18:53.976
40.445;200;buy;16:18:54.401
40.44;74;sell;16:18:54.504
40.45;200;buy;16:18:54.743
40.455;200;buy;16:18:55.188
40.455;200;buy;16:18:55.667
40.445;200;buy;16:18:56.099
40.445;200;buy;16:18:56.534
40.445;200;buy;16:18:57.012
40.445;173;buy;16:18:57.282
40.45;200;buy;16:18:57.438
40.455;100;buy;16:18:57.957
40.455;200;buy;16:18:58.446
40.45;200;buy;16:18:58.826
40.46;65;buy;16:18:59.060
40.45;200;buy;16:18:59.413
40.45;200;buy;16:18:59.866
40.45;200;buy;16:19:00.378
40.44;989;sell;16:19:00.554
40.435;50;sell;16:19:00.598
40.45;200;buy;16:19:00.866
40.445;200;buy;16:19:01.386
40.45;100;buy;16:19:01.899
40.45;200;buy;16:19:02.394
40.45;27;buy;16:19:02.764
40.455;200;buy;16:19:02.790
40.445;200;buy;16:19:03.230
40.45;24;buy;16:19:03.282
40.45;151;buy;16:19:03.582
40.45;200;buy;16:19:03.900
40.455;200;buy;16:19:04.967
40.455;200;buy;16:19:05.433
40.45;200;buy;16:19:06.077
40.45;20;buy;16:19:06.442
40.46;200;buy;16:19:06.472
40.455;200;buy;16:19:06.946
40.45;200;buy;16:19:07.560
40.445;200;buy;16:19:08.675
40.44;49;sell;16:19:09.038
40.445;200;buy;16:19:09.161
40.435;200;buy;16:19:09.952
40.445;371;buy;16:19:10.012
40.44;200;buy;16:19:10.375
40.445;25;buy;16:19:10.648
40.455;200;buy;16:19:10.770
40.445;200;buy;16:19:11.423
40.465;200;buy;16:19:11.669
40.45;146;buy;16:19:11.723
40.455;1;buy;16:19:12.255
40.45;200;buy;16:19:12.634
40.45;200;buy;16:19:13.503
40.45;27;buy;16:19:13.780
40.455;200;buy;16:19:13.972
40.45;64;buy;16:19:14.048
40.45;200;sell;16:19:17.014
40.45;36;sell;16:19:17.268
40.445;8;sell;16:19:17.925
40.435;1;sell;16:19:18.176
40.44;200;buy;16:19:18.185
40.44;1;sell;16:19:18.426
40.43;1;sell;16:19:18.677
40.43;21;sell;16:19:18.797
40.43;84;sell;16:19:18.927
40.425;200;sell;16:19:19.554
40.43;200;buy;16:19:20.051
40.43;16;buy;16:19:20.646
40.435;200;buy;16:19:24.484
40.435;26;buy;16:19:24.769
40.44;200;buy;16:19:24.878
40.44;123;buy;16:19:25.582
40.445;250;buy;16:19:27.812
40.445;65;buy;16:19:29.059
40.44;100;buy;16:19:30.402
40.425;70;sell;16:19:32.828
40.43;100;buy;16:19:33.976
40.43;200;buy;16:19:34.826
40.43;3;buy;16:19:35.126
40.43;100;buy;16:19:35.301
40.43;27;buy;16:19:35.769
40.43;65;buy;16:19:44.066
40.43;27;buy;16:19:46.775
40.43;1;buy;16:19:48.353
40.43;1;buy;16:19:48.421
40.43;1;buy;16:19:48.540
40.43;10;buy;16:19:52.316
40.43;6;buy;16:19:52.409
40.43;3;buy;16:19:53.721
40.425;50;sell;16:19:54.473
40.43;1;buy;16:19:56.969
40.43;27;buy;16:19:57.785
40.43;64;buy;16:19:59.065
40.43;10;buy;16:20:02.840
40.43;27;buy;16:20:08.782
40.43;65;buy;16:20:14.070
40.43;2;buy;16:20:17.604
40.43;27;buy;16:20:19.783
40.43;300;buy;16:20:20.443
40.43;64;buy;16:20:29.081
40.43;150;buy;16:20:30.666
40.43;27;buy;16:20:30.780
40.43;1;buy;16:20:31.552
40.43;1;buy;16:20:34.878
40.43;20;buy;16:20:37.206
40.43;20;buy;16:20:38.098
40.43;20;buy;16:20:39.139
40.43;27;buy;16:20:41.798
40.43;65;buy;16:20:44.090
40.435;20;buy;16:20:50.544
40.435;2;buy;16:20:50.602
40.435;20;buy;16:20:51.273
40.435;20;buy;16:20:51.959
40.43;3;sell;16:20:51.963
40.435;27;buy;16:20:52.790
40.435;332;buy;16:20:56.755
40.435;65;buy;16:20:59.097
40.435;20;buy;16:21:00.377
40.435;20;buy;16:21:00.997
40.435;20;buy;16:21:01.585
40.435;20;buy;16:21:02.179
40.435;20;buy;16:21:02.825
40.435;20;buy;16:21:03.424
40.435;124;buy;16:21:03.782
40.44;27;buy;16:21:03.792
40.45;207;buy;16:21:12.988
40.45;64;buy;16:21:14.099
40.45;27;buy;16:21:14.788
40.45;14;buy;16:21:15.787
40.45;6;buy;16:21:15.965
40.45;10;buy;16:21:17.482
40.445;1;sell;16:21:19.114
40.45;2;buy;16:21:20.743
40.445;59;sell;16:21:25.582
40.44;5;sell;16:21:25.681
40.435;27;buy;16:21:25.804
40.43;100;buy;16:21:28.487
40.425;243;sell;16:21:28.981
40.425;124;sell;16:21:29.082
40.43;65;buy;16:21:29.113
40.425;1;sell;16:21:32.872
40.425;172;sell;16:21:35.587
40.415;200;buy;16:21:35.956
40.415;26;buy;16:21:36.798
40.415;3;buy;16:21:38.142
40.41;16;sell;16:21:40.601
40.395;1;sell;16:21:40.624
40.39;195;sell;16:21:40.638
40.38;1500;sell;16:21:40.662
40.38;1;sell;16:21:40.669
40.38;59;buy;16:21:41.282
40.38;200;buy;16:21:41.354
40.38;173;buy;16:21:41.682
40.38;125;buy;16:21:41.723
40.38;167;buy;16:21:41.782
40.385;6;buy;16:21:41.982
40.385;192;buy;16:21:42.123
40.385;129;buy;16:21:42.323
40.39;200;buy;16:21:42.473
40.385;64;buy;16:21:44.120
40.385;1;buy;16:21:46.122
40.385;1;buy;16:21:47.111
40.385;1;buy;16:21:47.748
40.385;27;buy;16:21:47.800
40.385;1;buy;16:21:48.653
40.385;27;buy;16:21:58.800
40.385;65;buy;16:21:59.113
40.375;200;sell;16:22:03.351
40.37;122;sell;16:22:03.601
40.36;16;sell;16:22:03.694
40.36;42;sell;16:22:03.852
40.36;200;buy;16:22:03.992
40.35;200;sell;16:22:04.102
40.35;200;sell;16:22:04.353
40.35;200;sell;16:22:04.603
40.35;200;sell;16:22:04.859
40.355;200;buy;16:22:04.904
40.355;200;buy;16:22:05.961
40.35;100;sell;16:22:06.929
40.355;200;buy;16:22:07.135
40.355;27;buy;16:22:09.811
40.35;1;buy;16:22:10.409
40.345;148;sell;16:22:10.591
40.335;1;sell;16:22:10.599
40.33;3;sell;16:22:10.668
40.325;12;sell;16:22:10.679
40.315;200;sell;16:22:10.717
40.315;430;sell;16:22:10.728
40.31;67;sell;16:22:10.745
40.305;34;sell;16:22:10.815
40.305;23;sell;16:22:10.836
40.3;135;sell;16:22:10.873
40.3;71;sell;16:22:10.924
40.3;34;sell;16:22:10.946
40.305;2;buy;16:22:11.127
40.3;122;sell;16:22:11.142
40.305;1;buy;16:22:11.151
40.3;122;sell;16:22:11.301
40.3;78;sell;16:22:11.320
40.3;111;sell;16:22:11.404
40.305;248;buy;16:22:12.082
40.305;124;buy;16:22:12.182
40.31;124;buy;16:22:12.381
40.315;20;buy;16:22:13.049
40.315;200;buy;16:22:13.090
40.31;65;buy;16:22:14.127
40.31;100;buy;16:22:16.764
40.31;200;buy;16:22:18.912
40.31;200;buy;16:22:19.735
40.305;50;sell;16:22:20.267
40.315;1;buy;16:22:20.415
40.315;27;buy;16:22:20.805
40.305;92;sell;16:22:27.808
40.31;64;buy;16:22:29.136
40.31;10;buy;16:22:29.893
40.31;27;buy;16:22:31.808
40.3;10;sell;16:22:31.918
40.305;6;buy;16:22:34.414
40.305;19;buy;16:22:39.254
40.305;27;buy;16:22:42.828
40.305;65;buy;16:22:44.133
40.3;50;sell;16:22:45.255
40.3;45;sell;16:22:45.749
40.3;1500;sell;16:22:45.764
40.3;695;sell;16:22:45.836
40.3;124;sell;16:22:46.582
40.3;124;sell;16:22:48.482
40.3;447;sell;16:22:48.523
40.3;503;sell;16:22:48.582
40.295;68;sell;16:22:49.121
40.295;200;buy;16:22:49.156
40.29;24;sell;16:22:49.216
40.29;105;sell;16:22:52.236
40.285;371;sell;16:22:53.138
40.29;200;buy;16:22:53.819
40.29;27;buy;16:22:53.820
40.285;100;sell;16:22:54.061
40.285;100;sell;16:22:58.229
40.29;100;buy;16:22:58.380
40.29;64;buy;16:22:59.149
40.29;27;buy;16:23:04.824
40.29;150;buy;16:23:04.988
40.29;2;buy;16:23:06.217
40.285;150;sell;16:23:06.806
40.285;93;sell;16:23:06.982
40.285;447;sell;16:23:07.123
40.285;174;sell;16:23:07.182
40.285;174;sell;16:23:07.282
40.285;80;sell;16:23:07.583
40.285;80;sell;16:23:07.882
40.29;65;buy;16:23:14.150
40.29;27;buy;16:23:15.823
40.29;6;buy;16:23:25.678
40.29;198;buy;16:23:26.321
40.295;27;buy;16:23:26.825
40.285;2;sell;16:23:27.293
40.285;30;sell;16:23:27.571
40.295;65;buy;16:23:29.160
40.29;5;buy;16:23:34.996
40.295;27;buy;16:23:37.830
40.295;9;buy;16:23:38.649
40.285;1377;sell;16:23:42.120
40.285;11;sell;16:23:43.570
40.285;11;sell;16:23:43.670
40.285;11;sell;16:23:43.770
40.29;64;buy;16:23:44.151
40.29;1;buy;16:23:44.327
40.285;13;sell;16:23:45.795
40.29;27;buy;16:23:48.829
40.29;1;buy;16:23:50.141
40.285;85;sell;16:23:51.618
40.29;200;buy;16:23:52.568
40.29;1;buy;16:23:52.605
40.285;173;sell;16:23:57.665
40.29;65;buy;16:23:59.174
40.29;26;buy;16:23:59.823
40.29;27;buy;16:24:10.830
40.285;326;sell;16:24:12.069
40.285;25;sell;16:24:12.837
40.29;65;buy;16:24:14.167
40.29;30;buy;16:24:14.783
40.285;12;sell;16:24:20.827
40.285;12;sell;16:24:21.824
40.29;27;buy;16:24:21.829
40.285;12;sell;16:24:22.624
40.29;50;buy;16:24:23.582
40.285;12;sell;16:24:24.691
40.285;12;sell;16:24:25.542
40.285;4;sell;16:24:26.908
40.285;1026;sell;16:24:27.297
40.28;1;sell;16:24:27.299
40.28;16;sell;16:24:27.422
40.27;12;sell;16:24:29.099
40.275;64;buy;16:24:29.178
40.27;88;sell;16:24:29.193
40.275;200;buy;16:24:30.102
40.275;200;buy;16:24:30.828
40.275;27;buy;16:24:32.834
40.27;1;sell;16:24:35.082
40.27;3;sell;16:24:38.157
40.265;133;sell;16:24:38.181
40.26;65;sell;16:24:38.199
40.26;201;sell;16:24:38.304
40.26;83;sell;16:24:38.338
40.26;12;sell;16:24:39.043
40.26;12;sell;16:24:40.325
40.26;12;sell;16:24:41.325
40.265;27;buy;16:24:43.838
40.265;65;buy;16:24:44.181
40.26;1000;sell;16:24:50.591
40.25;1;sell;16:24:50.771
40.25;1500;sell;16:24:51.282
40.255;3;buy;16:24:54.420
40.255;27;buy;16:24:54.834
40.255;1;buy;16:24:55.600
40.25;200;sell;16:24:56.309
40.25;1242;sell;16:24:58.070
40.255;64;buy;16:24:59.190
40.25;207;sell;16:25:02.410
40.25;80;sell;16:25:02.411
40.25;67;sell;16:25:02.768
40.25;65;sell;16:25:02.872
40.255;100;buy;16:25:02.947
40.25;134;sell;16:25:02.949
40.25;66;sell;16:25:02.972
40.25;124;sell;16:25:02.981
40.25;66;sell;16:25:02.982
40.25;199;sell;16:25:03.021
40.25;68;sell;16:25:03.072
40.25;15;sell;16:25:03.121
40.25;15;sell;16:25:03.220
40.25;15;sell;16:25:03.320
40.25;15;sell;16:25:03.520
40.25;15;sell;16:25:03.620
40.255;27;buy;16:25:05.834
40.25;66;sell;16:25:08.372
40.25;14;sell;16:25:08.520
40.25;66;sell;16:25:08.521
40.25;67;sell;16:25:08.572
40.25;14;sell;16:25:08.620
40.25;67;sell;16:25:08.621
40.25;14;sell;16:25:08.720
40.25;67;sell;16:25:08.722
40.25;67;sell;16:25:08.821
40.25;10;sell;16:25:08.921
40.245;5;sell;16:25:08.947
40.245;5;buy;16:25:09.166
40.245;30;buy;16:25:09.380
40.24;1;sell;16:25:09.429
40.245;269;buy;16:25:09.736
40.245;226;buy;16:25:10.636
40.245;201;buy;16:25:10.736
40.245;56;buy;16:25:11.985
40.24;100;sell;16:25:12.732
40.245;65;buy;16:25:14.194
40.24;332;sell;16:25:14.594
40.245;27;buy;16:25:16.854
40.235;11;sell;16:25:17.085
40.235;91;sell;16:25:17.125
40.24;200;buy;16:25:17.734
40.24;100;buy;16:25:18.277
40.24;200;buy;16:25:19.441
40.235;179;sell;16:25:21.206
40.235;1;sell;16:25:22.070
40.235;287;sell;16:25:26.482
40.24;27;buy;16:25:27.841
40.24;65;buy;16:25:29.193
40.23;27;buy;16:25:38.855
40.23;125;buy;16:25:39.182
40.23;125;buy;16:25:39.282
40.23;225;buy;16:25:39.323
40.235;8;buy;16:25:39.482
40.24;200;buy;16:25:39.526
40.23;12;sell;16:25:40.048
40.245;137;buy;16:25:42.423
40.245;90;buy;16:25:43.282
40.245;35;buy;16:25:43.323
40.245;64;buy;16:25:43.382
40.25;64;buy;16:25:44.211
40.25;12;buy;16:25:46.223
40.265;27;buy;16:25:49.857
40.265;370;buy;16:25:58.667
40.275;65;buy;16:25:59.210
40.27;27;buy;16:26:00.850
40.26;2;buy;16:26:02.927
40.255;1;buy;16:26:08.631
40.25;30;buy;16:26:11.168
40.25;26;buy;16:26:11.858
40.24;64;buy;16:26:14.215
40.235;400;sell;16:26:14.281
40.22;1;sell;16:26:14.501
40.22;200;sell;16:26:14.532
40.22;200;sell;16:26:14.783
40.215;200;sell;16:26:15.034
40.21;200;sell;16:26:15.284
40.2;19;sell;16:26:15.448
40.2;200;sell;16:26:15.535
40.195;200;sell;16:26:15.786
40.195;200;sell;16:26:16.037
40.2;1;buy;16:26:16.054
40.195;200;sell;16:26:16.287
40.19;200;sell;16:26:16.538
40.185;71;sell;16:26:16.688
40.185;250;sell;16:26:16.774
40.185;200;sell;16:26:16.788
40.18;500;sell;16:26:16.919
40.18;200;sell;16:26:17.048
40.185;200;buy;16:26:17.975
40.18;200;sell;16:26:18.226
40.18;200;sell;16:26:18.477
40.175;200;sell;16:26:19.072
40.175;200;buy;16:26:20.294
40.175;107;buy;16:26:20.321
40.185;200;buy;16:26:20.719
40.18;5;buy;16:26:22.113
40.18;27;buy;16:26:22.863
40.17;224;sell;16:26:24.219
40.17;14;sell;16:26:24.221
40.175;300;buy;16:26:24.825
40.17;82;sell;16:26:25.089
40.17;46;sell;16:26:25.213
40.17;1;sell;16:26:25.771
40.175;65;buy;16:26:29.226
40.175;6;buy;16:26:30.220
40.175;7;buy;16:26:30.832
40.17;294;sell;16:26:32.510
40.175;27;buy;16:26:33.864
40.17;112;sell;16:26:35.131
40.175;10;buy;16:26:36.119
40.17;730;sell;16:26:38.404
40.175;10;buy;16:26:40.480
40.17;5;sell;16:26:40.484
40.175;65;buy;16:26:44.224
40.175;27;buy;16:26:44.867
40.175;100;buy;16:26:47.708
40.175;1;buy;16:26:50.221
40.175;250;buy;16:26:52.249
40.175;12;buy;16:26:54.211
40.175;27;buy;16:26:55.865
40.175;124;buy;16:26:58.381
40.175;62;buy;16:26:58.521
40.175;47;buy;16:26:58.581
40.175;199;buy;16:26:58.621
40.18;24;buy;16:26:58.681
40.185;64;buy;16:26:59.238
40.17;89;sell;16:27:01.530
40.175;1;buy;16:27:01.569
40.17;112;sell;16:27:01.781
40.17;1500;sell;16:27:01.800
40.17;201;sell;16:27:04.436
40.17;238;sell;16:27:04.782
40.17;373;sell;16:27:04.823
40.165;20;sell;16:27:05.123
40.165;1;buy;16:27:05.149
40.16;17;sell;16:27:05.223
40.16;20;sell;16:27:05.372
40.165;100;buy;16:27:05.821
40.16;1500;sell;16:27:06.100
40.16;27;buy;16:27:06.864
40.16;250;buy;16:27:08.257
40.15;1;buy;16:27:09.806
40.15;65;buy;16:27:14.246
40.16;1;buy;16:27:14.646
40.155;2;buy;16:27:15.436
40.155;34;buy;16:27:15.697
40.155;200;buy;16:27:16.754
40.165;27;buy;16:27:17.884
40.165;1;buy;16:27:19.004
40.155;1;buy;16:27:22.646
40.15;200;sell;16:27:22.845
40.14;400;sell;16:27:22.872
40.145;100;buy;16:27:22.894
40.14;300;sell;16:27:23.007
40.145;200;buy;16:27:23.630
40.145;1;buy;16:27:25.930
40.14;2;sell;16:27:26.700
40.145;1;buy;16:27:28.751
40.145;27;buy;16:27:28.870
40.145;1;buy;16:27:28.884
40.145;1;buy;16:27:28.914
40.145;64;buy;16:27:29.247
40.145;1;buy;16:27:32.164
40.14;35;sell;16:27:33.564
40.14;7;sell;16:27:33.866
40.14;7;sell;16:27:33.868
40.145;100;buy;16:27:34.542
40.14;200;sell;16:27:34.842
40.135;1;sell;16:27:34.882
40.135;1500;sell;16:27:35.320
40.135;2;sell;16:27:39.050
40.14;27;buy;16:27:39.870
40.135;4;sell;16:27:39.996
40.135;8;sell;16:27:41.412
40.135;16;sell;16:27:42.678
40.14;65;buy;16:27:44.249
40.135;32;sell;16:27:44.380
40.135;2;sell;16:27:45.769
40.135;45;sell;16:27:45.996
40.135;64;sell;16:27:47.251
40.135;145;sell;16:27:50.541
40.135;33;sell;16:27:50.556
40.135;1;sell;16:27:50.575
40.135;1;sell;16:27:50.582
40.135;107;sell;16:27:50.621
40.135;1;sell;16:27:50.681
40.14;27;buy;16:27:50.871
40.14;1;buy;16:27:52.391
40.135;24;sell;16:27:52.882
40.14;1;buy;16:27:56.046
40.14;10;buy;16:27:58.329
40.14;1;buy;16:27:59.181
40.14;65;buy;16:27:59.255
40.135;1327;sell;16:28:00.206
40.13;200;buy;16:28:01.219
40.13;310;buy;16:28:01.785
40.13;27;buy;16:28:01.880
40.125;70;sell;16:28:02.572
40.125;1;sell;16:28:05.823
40.125;5;sell;16:28:07.443
40.125;299;sell;16:28:07.508
40.125;5;sell;16:28:07.689
40.125;69;sell;16:28:08.572
40.13;30;buy;16:28:11.211
40.13;125;buy;16:28:12.388
40.13;27;buy;16:28:12.875
40.13;64;buy;16:28:14.268
40.13;3;buy;16:28:19.851
40.13;567;buy;16:28:21.653
40.13;2433;buy;16:28:21.653
40.135;1;buy;16:28:23.639
40.125;10;sell;16:28:23.819
40.135;26;buy;16:28:23.885
40.135;982;buy;16:28:24.078
40.145;460;buy;16:28:25.571
40.15;15;buy;16:28:25.670
40.15;256;buy;16:28:25.671
40.155;117;buy;16:28:26.070
40.16;1;buy;16:28:28.706
40.16;65;buy;16:28:29.276
40.16;10;buy;16:28:31.420
40.165;50;buy;16:28:31.714
40.155;500;sell;16:28:34.224
40.16;27;buy;16:28:34.877
40.16;13;buy;16:28:35.228
40.145;1;sell;16:28:38.946
40.155;250;buy;16:28:42.287
40.155;8;buy;16:28:43.023
40.17;200;buy;16:28:43.558
40.17;64;buy;16:28:44.271
40.17;27;buy;16:28:45.895
40.155;200;sell;16:28:46.927
40.16;1;buy;16:28:50.884
40.15;1;buy;16:28:51.075
40.15;10;buy;16:28:51.363
40.15;8;buy;16:28:55.582
40.16;27;buy;16:28:56.881
40.16;26;buy;16:28:56.923
40.16;54;buy;16:28:57.323
40.165;65;buy;16:28:59.280
40.165;8;buy;16:28:59.723
40.17;2;buy;16:29:02.432
40.165;20;buy;16:29:03.826
40.165;27;buy;16:29:07.885
40.15;9;sell;16:29:09.372
40.165;65;buy;16:29:14.285
40.175;27;buy;16:29:18.891
40.18;64;buy;16:29:29.299
40.165;4;sell;16:29:29.308
40.185;27;buy;16:29:29.897
40.165;5;sell;16:29:34.155
40.165;200;sell;16:29:35.295
40.18;2;buy;16:29:35.724
40.15;2;sell;16:29:38.904
40.175;27;buy;16:29:40.902
40.17;65;buy;16:29:44.294
40.175;1;buy;16:29:47.247
40.17;1;buy;16:29:49.907
40.17;27;buy;16:29:51.907
40.16;41;sell;16:29:54.486
40.16;2;sell;16:29:54.672
40.16;2;sell;16:29:55.205
40.16;2;sell;16:29:55.798
40.17;65;buy;16:29:59.310
40.17;27;buy;16:30:02.894
40.15;5;sell;16:30:04.703
40.155;3;buy;16:30:13.620
40.16;27;buy;16:30:13.908
40.165;64;buy;16:30:14.315
40.16;2;buy;16:30:17.949
40.16;27;buy;16:30:24.920
40.16;438;buy;16:30:28.961
40.18;65;buy;16:30:29.311
40.17;133;buy;16:30:33.070
40.17;83;buy;16:30:35.071
40.17;74;buy;16:30:35.071
40.18;26;buy;16:30:35.914
40.18;64;buy;16:30:44.314
40.185;27;buy;16:30:46.908
40.195;8;buy;16:30:48.070
40.195;108;buy;16:30:49.070
40.19;10;buy;16:30:49.571
40.2;10;buy;16:30:50.071
40.205;27;buy;16:30:57.919
40.21;65;buy;16:30:59.324
40.21;8;buy;16:31:02.923
40.205;150;buy;16:31:07.917
40.22;27;buy;16:31:08.915
40.19;68;sell;16:31:09.849
40.21;200;buy;16:31:14.000
40.22;65;buy;16:31:14.326
40.205;27;buy;16:31:19.923
40.21;25;buy;16:31:29.029
40.22;64;buy;16:31:29.335
40.22;27;buy;16:31:30.924
40.22;1;sell;16:31:33.121
40.205;381;sell;16:31:34.175
40.2;27;buy;16:31:41.916
40.2;1;buy;16:31:41.981
40.2;97;buy;16:31:44.070
40.2;65;buy;16:31:44.350
40.215;1;buy;16:31:45.606
40.21;27;buy;16:31:52.945
40.215;1;buy;16:31:55.001
40.22;64;buy;16:31:59.357
40.215;1;buy;16:32:01.065
40.215;1;buy;16:32:02.385
40.195;247;sell;16:32:03.077
40.18;588;sell;16:32:03.077
40.175;27;buy;16:32:03.927
40.17;176;sell;16:32:06.121
40.16;6;sell;16:32:07.121
40.145;1000;sell;16:32:07.175
40.135;1;buy;16:32:07.362
40.155;1;buy;16:32:07.421
40.155;1;buy;16:32:07.644
40.13;208;sell;16:32:10.121
40.15;65;buy;16:32:14.364
40.15;27;buy;16:32:14.933
40.15;2;buy;16:32:14.973
40.125;1000;sell;16:32:14.996
40.125;8;sell;16:32:14.998
40.125;33;sell;16:32:15.133
40.14;1;buy;16:32:15.582
40.125;1000;sell;16:32:16.565
40.14;2;buy;16:32:16.799
40.125;23;sell;16:32:17.041
40.125;27;sell;16:32:17.041
40.135;120;buy;16:32:21.489
40.155;2;buy;16:32:21.677
40.16;200;buy;16:32:21.810
40.16;27;buy;16:32:25.925
40.165;50;buy;16:32:27.052
40.17;65;buy;16:32:29.367
40.16;100;sell;16:32:34.816
40.175;27;buy;16:32:36.935
40.175;64;buy;16:32:44.366
40.175;26;buy;16:32:47.930
40.165;1;sell;16:32:51.461
40.175;21;buy;16:32:52.482
40.165;3170;sell;16:32:53.274
40.14;1;buy;16:32:54.364
40.14;1;buy;16:32:54.451
40.14;1;buy;16:32:58.655
40.14;5;buy;16:32:58.851
40.14;27;buy;16:32:58.948
40.14;65;buy;16:32:59.375
40.135;120;sell;16:32:59.847
40.14;5;buy;16:33:00.478
40.13;1810;sell;16:33:01.293
40.16;5;buy;16:33:02.007
40.125;5000;sell;16:33:02.968
40.115;130;sell;16:33:03.131
40.15;5;buy;16:33:03.373
40.11;23;sell;16:33:03.416
40.14;27;buy;16:33:09.940
40.115;860;sell;16:33:12.423
40.135;4;buy;16:33:13.462
40.135;64;buy;16:33:14.440
40.135;2;buy;16:33:14.704
40.135;1;buy;16:33:15.573
40.135;2;buy;16:33:18.880
40.115;1000;sell;16:33:19.506
40.125;27;buy;16:33:20.935
40.11;51;sell;16:33:26.281
40.11;1;buy;16:33:28.842
40.11;65;buy;16:33:29.388
40.11;110;buy;16:33:29.852
40.11;1;buy;16:33:29.883
40.11;2;buy;16:33:30.096
40.11;1;buy;16:33:30.696
40.11;1;buy;16:33:31.225
40.11;1;buy;16:33:31.829
40.11;27;buy;16:33:31.947
40.11;15;buy;16:33:32.383
40.11;145;buy;16:33:32.782
40.11;131;buy;16:33:32.823
40.13;100;buy;16:33:33.052
40.135;5;buy;16:33:36.664
40.135;6;buy;16:33:40.911
40.135;27;buy;16:33:42.939
40.135;32;buy;16:33:43.377
40.135;65;buy;16:33:44.381
40.13;200;sell;16:33:48.106
40.135;100;buy;16:33:51.324
40.135;10;buy;16:33:51.828
40.145;4;buy;16:33:53.191
40.145;27;buy;16:33:53.952
40.145;1;buy;16:33:56.892
40.145;64;buy;16:33:59.400
40.145;2;buy;16:34:01.540
40.145;27;buy;16:34:04.958
40.145;24;buy;16:34:05.402
40.145;1;buy;16:34:06.106
40.145;17;buy;16:34:09.659
40.16;327;buy;16:34:12.312
40.16;1;buy;16:34:13.271
40.165;100;buy;16:34:13.293
40.175;65;buy;16:34:14.403
40.175;27;buy;16:34:15.957
40.175;10;buy;16:34:24.180
40.175;150;buy;16:34:25.267
40.17;6;buy;16:34:25.913
40.17;24;buy;16:34:26.177
40.17;27;buy;16:34:26.976
40.165;64;buy;16:34:29.426
40.165;2;buy;16:34:29.764
40.165;2;buy;16:34:31.751
40.165;27;buy;16:34:37.955
40.165;1;buy;16:34:38.788
40.165;4;buy;16:34:40.420
40.165;65;buy;16:34:44.417
40.165;150;buy;16:34:45.359
40.165;500;buy;16:34:45.560
40.165;2;buy;16:34:47.286
40.165;1;buy;16:34:48.402
40.165;27;buy;16:34:48.967
40.165;50;buy;16:34:51.956
40.165;65;buy;16:34:59.413
40.145;2500;sell;16:34:59.932
40.155;27;buy;16:34:59.960
40.15;2;buy;16:35:06.914
40.15;1;buy;16:35:06.946
40.125;2;sell;16:35:10.789
40.145;26;buy;16:35:10.964
40.145;2;buy;16:35:13.671
40.145;64;buy;16:35:14.430
40.145;100;buy;16:35:14.547
40.15;8;buy;16:35:16.920
40.185;27;buy;16:35:21.965
40.16;2044;sell;16:35:25.952
40.155;65;buy;16:35:29.426
40.155;27;buy;16:35:32.967
40.155;27;buy;16:35:43.966
40.155;65;buy;16:35:44.436
40.155;1;buy;16:35:46.690
40.155;27;buy;16:35:54.980
40.155;200;buy;16:35:55.886
40.155;64;buy;16:35:59.434
40.145;27;buy;16:36:05.981
40.145;3;buy;16:36:06.080
40.14;1;sell;16:36:09.887
40.14;3;sell;16:36:09.971
40.145;2;buy;16:36:11.803
40.145;10;buy;16:36:12.224
40.145;2;buy;16:36:13.211
40.145;65;buy;16:36:14.439
40.145;1;buy;16:36:16.971
40.145;27;buy;16:36:16.984
40.15;27;buy;16:36:28.084
40.155;2;buy;16:36:28.578
40.155;64;buy;16:36:29.462
40.155;27;buy;16:36:38.984
40.15;1;buy;16:36:41.072
40.15;35;buy;16:36:42.236
40.145;15;sell;16:36:43.980
40.15;65;buy;16:36:44.451
40.145;1;buy;16:36:44.752
40.145;27;buy;16:36:49.999
40.145;1;buy;16:36:58.565
40.145;65;buy;16:36:59.484
40.15;5;buy;16:36:59.574
40.15;174;buy;16:37:00.582
40.155;27;buy;16:37:00.987
40.155;214;buy;16:37:01.423
40.155;27;buy;16:37:11.987
40.155;2;buy;16:37:12.307
40.155;64;buy;16:37:14.464
40.15;1;sell;16:37:16.329
40.15;100;buy;16:37:22.128
40.155;26;buy;16:37:22.989
40.155;56;buy;16:37:25.139
40.155;63;buy;16:37:29.270
40.155;65;buy;16:37:29.478
40.155;424;buy;16:37:31.582
40.155;2;buy;16:37:31.620
40.155;448;buy;16:37:31.623
40.155;32;buy;16:37:32.735
40.155;125;buy;16:37:33.482
40.155;27;buy;16:37:33.988
40.155;3;buy;16:37:37.083
40.155;10;buy;16:37:38.198
40.15;75;sell;16:37:41.345
40.155;100;buy;16:37:44.130
40.155;64;buy;16:37:44.485
40.155;27;buy;16:37:45.009
40.155;3;buy;16:37:46.809
40.155;50;buy;16:37:54.583
40.15;8190;sell;16:37:55.729
40.155;27;buy;16:37:55.995
40.155;65;buy;16:37:59.484
40.15;42;sell;16:38:02.537
40.145;4;sell;16:38:03.088
40.145;5;sell;16:38:03.095
40.145;4;sell;16:38:03.104
40.145;210;sell;16:38:03.108
40.155;10;buy;16:38:03.315
40.155;1;buy;16:38:05.323
40.155;12;buy;16:38:05.347
40.145;1780;sell;16:38:06.121
40.145;174;sell;16:38:06.182
40.15;1;buy;16:38:06.870
40.15;27;buy;16:38:07.004
40.145;320;sell;16:38:07.121
40.145;7;sell;16:38:07.371
40.15;2;buy;16:38:10.506
40.15;65;buy;16:38:14.500
40.15;27;buy;16:38:18.002
40.145;697;sell;16:38:24.771
40.145;448;sell;16:38:24.823
40.145;473;sell;16:38:24.882
40.145;448;sell;16:38:24.923
40.145;174;sell;16:38:24.982
40.145;125;sell;16:38:25.082
40.15;27;buy;16:38:29.016
40.15;64;buy;16:38:29.521
40.15;50;buy;16:38:30.573
40.15;24;buy;16:38:33.098
40.15;100;buy;16:38:34.252
40.15;50;buy;16:38:39.617
40.15;27;buy;16:38:40.007
40.15;65;buy;16:38:44.503
40.15;10;buy;16:38:44.819
40.15;10;buy;16:38:46.263
40.145;2006;sell;16:38:48.667
40.14;27;buy;16:38:51.013
40.14;1;buy;16:38:52.064
40.14;64;buy;16:38:59.516
40.14;27;buy;16:39:02.012
40.135;9;sell;16:39:07.051
40.14;6;buy;16:39:07.489
40.135;100;sell;16:39:09.050
40.135;2;sell;16:39:12.182
40.13;1;sell;16:39:12.223
40.13;2;sell;16:39:12.382
40.13;27;buy;16:39:13.013
40.13;100;buy;16:39:13.014
40.13;100;buy;16:39:13.047
40.13;65;buy;16:39:14.513
40.135;10;buy;16:39:16.119
40.125;3;sell;16:39:17.206
40.135;3;buy;16:39:18.085
40.135;64;buy;16:39:22.039
40.135;1;buy;16:39:23.798
40.14;27;buy;16:39:24.015
40.14;65;buy;16:39:29.522
40.135;26;buy;16:39:35.020
40.135;64;buy;16:39:44.525
40.135;27;buy;16:39:46.023
40.13;1218;sell;16:39:52.790
40.125;70;buy;16:39:52.980
40.135;26;buy;16:39:54.306
40.135;1;buy;16:39:55.361
40.135;27;buy;16:39:57.022
40.125;1000;sell;16:39:57.179
40.135;65;buy;16:39:59.527
40.135;1;buy;16:40:04.178
40.14;200;buy;16:40:07.336
40.14;27;buy;16:40:08.027
40.14;1;buy;16:40:09.626
40.135;18;buy;16:40:14.411
40.135;64;buy;16:40:14.531
40.13;27;buy;16:40:19.031
40.13;30;buy;16:40:19.528
40.125;5;buy;16:40:26.891
40.12;6;sell;16:40:26.896
40.11;10;sell;16:40:26.902
40.11;5;buy;16:40:27.422
40.11;200;buy;16:40:27.679
40.105;81;sell;16:40:28.625
40.1;327;sell;16:40:28.719
40.1;178;sell;16:40:28.731
40.105;8;buy;16:40:28.860
40.1;2500;sell;16:40:29.011
40.09;124;sell;16:40:29.012
40.08;124;sell;16:40:29.026
40.09;20;buy;16:40:29.028
40.08;70;sell;16:40:29.036
40.08;437;sell;16:40:29.037
40.08;248;sell;16:40:29.039
40.075;4;sell;16:40:29.126
40.09;12;buy;16:40:29.247
40.08;20;sell;16:40:29.272
40.08;18;sell;16:40:29.526
40.08;360;sell;16:40:29.534
40.09;65;buy;16:40:29.541
40.08;1;buy;16:40:29.654
40.065;40;sell;16:40:29.673
40.075;100;buy;16:40:29.813
40.085;1;buy;16:40:29.995
40.085;27;buy;16:40:30.024
40.075;1208;sell;16:40:30.316
40.07;100;buy;16:40:30.358
40.06;4;sell;16:40:30.387
40.06;6;sell;16:40:30.422
40.08;1;buy;16:40:30.583
40.08;300;buy;16:40:31.626
40.08;10;buy;16:40:31.628
40.08;100;sell;16:40:37.072
40.085;27;buy;16:40:41.034
40.09;65;buy;16:40:44.554
40.09;1;buy;16:40:49.282
40.09;27;buy;16:40:52.030
40.09;1;buy;16:40:52.352
40.09;1;buy;16:40:55.636
40.09;100;buy;16:40:56.750
40.095;173;buy;16:40:59.402
40.1;64;buy;16:40:59.567
40.1;27;buy;16:41:03.044
40.1;277;buy;16:41:07.826
40.105;100;buy;16:41:08.977
40.105;32;buy;16:41:13.605
40.105;27;buy;16:41:14.041
40.105;65;buy;16:41:14.555
40.11;90;buy;16:41:17.647
40.1;7;buy;16:41:19.419
40.11;20;buy;16:41:19.611
40.1;412;buy;16:41:23.071
40.09;1103;sell;16:41:23.622
40.09;1;buy;16:41:24.108
40.09;27;buy;16:41:25.046
40.09;81;buy;16:41:26.160
40.115;65;buy;16:41:29.568
40.115;27;buy;16:41:36.044
40.115;200;buy;16:41:37.517
40.115;4;buy;16:41:39.308
40.115;64;buy;16:41:44.570
40.115;26;buy;16:41:47.047
40.115;63;buy;16:41:49.456
40.115;3;buy;16:41:50.890
40.115;5;buy;16:41:51.590
40.115;100;buy;16:41:51.957
40.115;40;buy;16:41:53.232
40.115;53;buy;16:41:53.381
40.115;124;buy;16:41:53.481
40.115;125;buy;16:41:53.581
40.115;127;buy;16:41:53.582
40.115;7;buy;16:41:53.620
40.115;2;buy;16:41:57.705
40.115;27;buy;16:41:58.054
40.115;65;buy;16:41:59.576
40.115;169;buy;16:42:00.071
40.115;500;buy;16:42:01.121
40.115;697;buy;16:42:01.571
40.11;302;sell;16:42:01.823
40.115;32;buy;16:42:02.071
40.115;1;buy;16:42:03.554
40.115;40;buy;16:42:04.411
40.115;6;buy;16:42:05.930
40.115;1;buy;16:42:06.890
40.115;27;buy;16:42:09.058
40.115;30;buy;16:42:09.268
40.115;1;buy;16:42:10.228
40.115;64;buy;16:42:14.590
40.115;9;buy;16:42:16.909
40.115;92;buy;16:42:17.121
40.115;500;buy;16:42:18.121
40.115;9;buy;16:42:18.220
40.115;9;buy;16:42:18.320
40.115;9;buy;16:42:18.420
40.115;9;buy;16:42:18.520
40.115;20;buy;16:42:18.591
40.115;9;buy;16:42:18.920
40.115;435;buy;16:42:19.121
40.115;174;buy;16:42:19.182
40.115;449;buy;16:42:19.223
40.115;11;buy;16:42:19.320
40.115;11;buy;16:42:19.420
40.115;11;buy;16:42:19.520
40.115;9;buy;16:42:19.620
40.115;27;buy;16:42:20.052
40.115;308;buy;16:42:20.121
40.14;1;buy;16:42:22.952
40.14;65;buy;16:42:29.596
40.14;10;buy;16:42:30.087
40.14;27;buy;16:42:30.284
40.14;27;buy;16:42:31.059
40.14;60;buy;16:42:32.721
40.14;27;buy;16:42:42.066
40.145;65;buy;16:42:44.600
40.145;1;buy;16:42:45.808
40.15;27;buy;16:42:53.063
40.15;64;buy;16:42:59.620
40.15;20;buy;16:43:03.206
40.15;500;buy;16:43:04.016
40.155;27;buy;16:43:04.054
40.145;20;sell;16:43:10.836
40.14;24;sell;16:43:12.236
40.145;2;sell;16:43:14.236
40.15;65;buy;16:43:14.612
40.15;27;buy;16:43:15.070
40.15;2;buy;16:43:16.398
40.15;120;buy;16:43:16.780
40.15;50;buy;16:43:17.568
40.15;50;buy;16:43:17.786
40.15;200;buy;16:43:21.900
40.15;27;buy;16:43:26.071
40.145;40;sell;16:43:28.358
40.14;64;buy;16:43:29.613
40.14;40;buy;16:43:34.954
40.14;20;buy;16:43:35.685
40.14;27;buy;16:43:37.069
40.14;10;buy;16:43:40.178
40.135;1;sell;16:43:42.295
40.14;65;buy;16:43:44.617
40.14;30;buy;16:43:44.915
40.14;19;buy;16:43:45.218
40.14;10;buy;16:43:45.976
40.14;27;buy;16:43:48.069
40.135;149;sell;16:43:51.533
40.13;1;buy;16:43:54.370
40.13;20;buy;16:43:55.135
40.125;50;sell;16:43:56.472
40.125;38;sell;16:43:56.562
40.125;26;buy;16:43:59.077
40.12;50;sell;16:43:59.464
40.125;65;buy;16:43:59.628
40.12;74;sell;16:44:00.279
40.125;3;buy;16:44:00.423
40.125;1000;buy;16:44:01.822
40.125;3;buy;16:44:03.970
40.115;50;sell;16:44:07.282
40.115;19;sell;16:44:07.623
40.11;30;sell;16:44:07.719
40.11;27;buy;16:44:10.082
40.105;120;sell;16:44:10.814
40.1;45;sell;16:44:10.815
40.1;57;buy;16:44:10.955
40.095;77;sell;16:44:13.317
40.095;5;buy;16:44:14.218
40.095;64;buy;16:44:14.629
40.095;200;buy;16:44:14.861
40.095;1;buy;16:44:15.230
40.095;46;buy;16:44:17.046
40.09;50;sell;16:44:18.599
40.095;427;buy;16:44:19.301
40.09;100;sell;16:44:20.625
40.095;27;buy;16:44:21.071
40.09;1699;sell;16:44:22.940
40.08;200;buy;16:44:23.790
40.095;9;buy;16:44:27.450
40.095;65;buy;16:44:29.650
40.095;1;buy;16:44:30.471
40.095;27;buy;16:44:32.088
40.095;1;buy;16:44:33.099
40.095;128;buy;16:44:33.182
40.095;496;buy;16:44:33.613
40.095;2;buy;16:44:34.786
40.09;125;sell;16:44:39.687
40.08;200;buy;16:44:40.403
40.08;200;buy;16:44:40.846
40.08;200;buy;16:44:41.238
40.08;27;buy;16:44:43.091
40.08;64;buy;16:44:44.635
40.08;1;buy;16:44:47.646
40.08;30;buy;16:44:52.260
40.095;27;buy;16:44:54.083
40.095;1;buy;16:44:56.894
40.095;65;buy;16:44:59.646
40.095;27;buy;16:45:05.080
40.085;10;buy;16:45:11.357
40.085;100;buy;16:45:12.234
40.08;8;sell;16:45:13.447
40.08;184;sell;16:45:14.042
40.075;65;buy;16:45:14.649
40.075;27;buy;16:45:16.089
40.075;27;buy;16:45:27.095
40.075;10;buy;16:45:27.567
40.075;168;buy;16:45:27.644
40.075;64;buy;16:45:29.657
40.085;1;buy;16:45:37.219
40.085;27;buy;16:45:38.104
40.085;10;buy;16:45:38.335
40.085;1;buy;16:45:39.756
40.095;1;buy;16:45:42.309
40.095;5;buy;16:45:43.910
40.095;65;buy;16:45:44.660
40.095;27;buy;16:45:49.094
40.095;100;buy;16:45:49.941
40.095;26;buy;16:45:54.930
40.08;150;sell;16:45:55.535
40.095;64;buy;16:45:59.665
40.095;27;buy;16:46:00.099
40.095;1;buy;16:46:01.096
40.095;25;buy;16:46:02.958
40.09;1;sell;16:46:09.682
40.095;100;buy;16:46:09.915
40.095;50;buy;16:46:09.951
40.095;26;buy;16:46:11.106
40.095;35;buy;16:46:12.576
40.095;1;buy;16:46:12.749
40.095;6;buy;16:46:13.539
40.095;65;buy;16:46:14.672
40.095;27;buy;16:46:22.095
40.095;876;buy;16:46:23.078
40.095;1;buy;16:46:23.966
40.095;65;buy;16:46:29.686
40.08;200;sell;16:46:31.822
40.09;27;buy;16:46:33.105
40.09;1;buy;16:46:35.305
40.09;27;buy;16:46:44.106
40.09;64;buy;16:46:44.687
40.095;15;buy;16:46:45.059
40.085;159;buy;16:46:47.340
40.075;1;sell;16:46:48.777
40.09;1;buy;16:46:50.885
40.09;2;buy;16:46:51.255
40.09;27;buy;16:46:55.119
40.095;71;buy;16:46:57.676
40.095;65;buy;16:46:59.813
40.095;150;buy;16:47:02.033
40.085;3;sell;16:47:02.515
40.095;100;buy;16:47:05.764
40.095;27;buy;16:47:06.111
40.085;5;buy;16:47:08.596
40.08;1;sell;16:47:08.782
40.075;159;sell;16:47:09.113
40.07;100;buy;16:47:10.310
40.065;90;sell;16:47:10.677
40.06;9;sell;16:47:12.366
40.06;10;sell;16:47:12.922
40.06;350;sell;16:47:13.467
40.065;65;buy;16:47:14.693
40.065;1;buy;16:47:16.093
40.065;27;buy;16:47:17.106
40.065;2;buy;16:47:17.173
40.065;100;buy;16:47:18.404
40.065;1;buy;16:47:18.599
40.065;50;buy;16:47:20.627
40.06;10;sell;16:47:21.986
40.065;50;buy;16:47:23.934
40.07;10;buy;16:47:25.652
40.075;100;buy;16:47:26.046
40.08;27;buy;16:47:28.114
40.08;64;buy;16:47:29.709
40.065;600;sell;16:47:29.840
40.065;167;buy;16:47:29.971
40.06;427;sell;16:47:32.063
40.065;27;buy;16:47:39.112
40.08;260;buy;16:47:40.534
40.085;1;buy;16:47:41.437
40.085;3;buy;16:47:43.396
40.085;65;buy;16:47:44.703
40.085;100;buy;16:47:49.211
40.085;27;buy;16:47:50.120
40.075;124;sell;16:47:57.823
40.085;64;buy;16:47:59.717
40.085;27;buy;16:48:01.128
40.095;27;buy;16:48:12.133
40.095;65;buy;16:48:14.715
40.095;6;buy;16:48:15.764
40.095;27;buy;16:48:23.127
40.095;65;buy;16:48:29.730
40.095;42;buy;16:48:31.658
40.095;5000;buy;16:48:32.101
40.115;26;buy;16:48:34.123
40.115;1;buy;16:48:41.688
40.115;64;buy;16:48:44.734
40.115;27;buy;16:48:45.139
40.13;1;buy;16:48:54.322
40.135;27;buy;16:48:56.134
40.14;5;buy;16:48:56.389
40.14;19;buy;16:48:56.410
40.14;65;buy;16:48:59.739
40.13;10;sell;16:48:59.936
40.115;31;sell;16:49:01.953
40.11;170;sell;16:49:01.988
40.115;433;buy;16:49:03.384
40.125;27;buy;16:49:07.133
40.125;10;buy;16:49:11.862
40.13;64;buy;16:49:14.741
40.135;1;buy;16:49:16.093
40.135;27;buy;16:49:18.132
40.135;50;buy;16:49:21.789
40.135;135;buy;16:49:28.724
40.135;27;buy;16:49:29.146
40.135;65;buy;16:49:29.773
40.135;27;buy;16:49:40.145
40.135;50;buy;16:49:41.519
40.135;3;buy;16:49:43.937
40.135;65;buy;16:49:44.752
40.135;27;buy;16:49:51.145
40.13;6;sell;16:49:55.036
40.135;64;buy;16:49:59.768
40.135;27;buy;16:50:02.148
40.13;71;sell;16:50:03.481
40.115;11;sell;16:50:04.921
40.115;112;sell;16:50:07.005
40.1;74;sell;16:50:07.022
40.09;15;sell;16:50:07.037
40.11;13;buy;16:50:08.710
40.09;7;sell;16:50:08.846
40.11;1;buy;16:50:12.682
40.11;27;buy;16:50:13.154
40.12;65;buy;16:50:14.763
40.12;27;buy;16:50:24.147
40.13;64;buy;16:50:29.771
40.115;2000;sell;16:50:34.424
40.12;27;buy;16:50:35.151
40.135;6;buy;16:50:44.054
40.14;65;buy;16:50:44.776
40.14;26;buy;16:50:46.164
40.145;100;buy;16:50:49.765
40.145;27;buy;16:50:57.156
40.145;65;buy;16:50:59.785
40.14;27;buy;16:51:08.162
40.14;2;buy;16:51:13.819
40.14;64;buy;16:51:14.800
40.145;27;buy;16:51:19.173
40.145;25;buy;16:51:19.953
40.15;65;buy;16:51:29.792
40.15;27;buy;16:51:30.185
40.145;3;buy;16:51:37.853
40.145;27;buy;16:51:41.170
40.15;64;buy;16:51:44.804
40.15;13;buy;16:51:45.222
40.15;1;buy;16:51:47.524
40.15;1;buy;16:51:49.414
40.15;27;buy;16:51:52.163
40.15;6;buy;16:51:52.241
40.15;2;buy;16:51:59.616
40.15;65;buy;16:51:59.802
40.15;27;buy;16:52:03.178
40.15;27;buy;16:52:14.173
40.15;65;buy;16:52:14.805
40.15;2;buy;16:52:16.655
40.145;183;sell;16:52:22.982
40.15;1;buy;16:52:23.989
40.145;27;buy;16:52:25.170
40.145;5;buy;16:52:28.803
40.145;64;buy;16:52:29.821
40.145;27;buy;16:52:36.187
40.15;50;buy;16:52:39.216
40.155;100;buy;16:52:40.276
40.155;65;buy;16:52:44.827
40.155;27;buy;16:52:47.176
40.16;360;buy;16:52:47.829
40.16;26;buy;16:52:58.185
40.16;65;buy;16:52:59.828
40.155;1106;sell;16:53:02.066
40.125;375;sell;16:53:02.066
40.145;1;buy;16:53:03.640
40.14;1;buy;16:53:08.519
40.14;27;buy;16:53:09.191
40.145;50;buy;16:53:10.001
40.14;2;buy;16:53:12.931
40.14;64;buy;16:53:14.837
40.14;2;buy;16:53:17.892
40.13;27;buy;16:53:20.187
40.13;65;buy;16:53:29.844
40.125;75;sell;16:53:30.166
40.105;3;sell;16:53:30.177
40.11;27;buy;16:53:31.188
40.11;10;buy;16:53:34.542
40.1;70;sell;16:53:37.825
40.095;27;buy;16:53:42.187
40.09;266;sell;16:53:42.192
40.085;104;sell;16:53:42.928
40.085;11;sell;16:53:43.131
40.085;63;sell;16:53:43.145
40.085;64;buy;16:53:44.846
40.085;30;buy;16:53:46.033
40.075;500;sell;16:53:52.674
40.08;27;buy;16:53:53.205
40.08;175;buy;16:53:56.182
40.07;990;sell;16:53:57.939
40.09;65;buy;16:53:59.855
40.09;3;buy;16:54:02.967
40.09;27;buy;16:54:04.196
40.09;1;buy;16:54:07.523
40.07;164;sell;16:54:12.209
40.075;2;buy;16:54:12.608
40.075;65;buy;16:54:14.865
40.075;27;buy;16:54:15.206
40.075;1;buy;16:54:16.356
40.075;5;buy;16:54:16.878
40.06;370;sell;16:54:25.885
40.06;337;sell;16:54:25.886
40.06;27;buy;16:54:26.203
40.055;201;sell;16:54:26.244
40.06;200;buy;16:54:26.786
40.06;200;buy;16:54:27.307
40.06;100;buy;16:54:27.962
40.06;656;buy;16:54:29.121
40.075;64;buy;16:54:29.871
40.08;5;buy;16:54:34.230
40.07;27;buy;16:54:37.201
40.075;65;buy;16:54:44.870
40.07;2;buy;16:54:47.596
40.07;27;buy;16:54:48.204
40.06;150;sell;16:54:58.030
40.08;27;buy;16:54:59.212
40.08;64;buy;16:54:59.876
40.075;1;buy;16:55:06.062
40.08;26;buy;16:55:10.216
40.08;65;buy;16:55:14.888
40.08;27;buy;16:55:21.215
40.085;7;buy;16:55:27.016
40.095;65;buy;16:55:29.891
40.095;27;buy;16:55:32.212
40.085;4;sell;16:55:34.818
40.095;249;buy;16:55:35.129
40.1;27;buy;16:55:43.221
40.105;64;buy;16:55:44.902
40.09;20;sell;16:55:48.748
40.09;27;buy;16:55:54.212
40.095;2;buy;16:55:55.569
40.095;90;buy;16:55:59.376
40.095;65;buy;16:55:59.895
40.08;3476;sell;16:56:02.059
40.055;43;buy;16:56:02.183
40.055;1;buy;16:56:02.535
40.055;100;buy;16:56:02.844
40.055;27;buy;16:56:05.217
40.05;1500;sell;16:56:07.627
40.05;50;sell;16:56:07.708
40.055;9;buy;16:56:07.723
40.05;160;sell;16:56:07.790
40.05;50;sell;16:56:07.916
40.05;1500;sell;16:56:08.337
40.05;3;buy;16:56:08.420
40.05;5;buy;16:56:08.422
40.04;378;sell;16:56:08.508
40.04;100;sell;16:56:08.553
40.05;50;buy;16:56:08.863
40.05;4;buy;16:56:09.435
40.04;201;sell;16:56:13.380
40.03;200;sell;16:56:13.803
40.035;1;buy;16:56:13.824
40.025;118;sell;16:56:13.848
40.025;167;sell;16:56:13.854
40.02;179;sell;16:56:13.862
40.02;78;sell;16:56:13.878
40.02;729;sell;16:56:13.908
40.02;1;buy;16:56:13.977
40.02;56;sell;16:56:14.081
40.015;113;sell;16:56:14.104
40.02;145;sell;16:56:14.189
40.015;201;sell;16:56:14.275
40.01;128;sell;16:56:14.301
40.02;10;buy;16:56:14.328
40.01;154;sell;16:56:14.358
40.015;1;buy;16:56:14.385
40.015;10;buy;16:56:14.414
40.015;10;buy;16:56:14.487
40.01;25;sell;16:56:14.581
40.01;140;sell;16:56:14.621
40.015;10;buy;16:56:14.635
40.015;10;buy;16:56:14.767
40.01;23;sell;16:56:14.832
40.01;127;sell;16:56:14.873
40.01;38;sell;16:56:14.892
40.015;64;buy;16:56:14.906
40.01;21;sell;16:56:15.092
40.01;115;sell;16:56:15.123
40.015;1;buy;16:56:15.245
40.015;700;buy;16:56:15.314
40.01;19;sell;16:56:15.343
40.015;5;buy;16:56:15.573
40.015;2500;buy;16:56:15.575
40.01;17;sell;16:56:15.593
40.015;19;buy;16:56:15.623
40.02;16;sell;16:56:16.039
40.02;103;sell;16:56:16.076
40.025;10;buy;16:56:16.196
40.025;27;buy;16:56:16.230
40.025;300;buy;16:56:16.859
40.02;249;sell;16:56:17.166
40.02;14;sell;16:56:18.468
40.025;100;buy;16:56:19.759
40.025;2;buy;16:56:23.737
40.02;1;sell;16:56:26.824
40.02;27;buy;16:56:27.229
40.02;1;buy;16:56:27.271
40.02;1;buy;16:56:27.508
40.02;1;buy;16:56:27.740
40.02;1;buy;16:56:27.973
40.02;1;buy;16:56:28.201
40.02;1;buy;16:56:28.509
40.02;1;buy;16:56:28.792
40.02;1;buy;16:56:29.012
40.02;3;buy;16:56:29.169
40.02;1;buy;16:56:29.257
40.02;65;buy;16:56:29.907
40.015;3;sell;16:56:34.798
40.01;93;sell;16:56:36.517
40.01;342;sell;16:56:36.616
40.01;40;buy;16:56:36.631
40.015;27;buy;16:56:38.221
40.01;359;sell;16:56:38.379
40.005;15930;sell;16:56:38.379
40.0;49;sell;16:56:38.422
40.0;450;sell;16:56:38.423
40.0;700;sell;16:56:38.471
40.0;424;sell;16:56:38.482
40.005;2;buy;16:56:38.501
40.005;300;buy;16:56:38.503
40.005;1;buy;16:56:38.505
40.005;1;buy;16:56:38.543
40.005;7;buy;16:56:38.545
40.0;124;sell;16:56:38.581
40.005;1;buy;16:56:38.618
40.0;152;sell;16:56:38.627
40.005;25;buy;16:56:38.627
40.0;100;sell;16:56:38.638
40.0;30;sell;16:56:38.642
40.0;984;sell;16:56:38.676
40.0;40;sell;16:56:38.683
40.0;125;sell;16:56:38.684
40.0;220;sell;16:56:38.690
40.005;1;buy;16:56:38.719
40.0;62;sell;16:56:38.721
40.0;4;sell;16:56:38.740
40.0;100;sell;16:56:38.748
40.0;6;sell;16:56:38.762
40.0;900;sell;16:56:38.856
40.005;2;buy;16:56:38.865
40.0;50;sell;16:56:38.867
40.0;154;sell;16:56:38.881
40.0;2;sell;16:56:38.968
40.0;7;sell;16:56:38.975
40.0;125;sell;16:56:38.981
40.005;1;buy;16:56:39.005
40.005;10;buy;16:56:39.009
40.005;7;buy;16:56:39.057
40.0;1000;sell;16:56:39.073
40.0;125;sell;16:56:39.181
40.0;136;sell;16:56:39.183
40.0;1000;sell;16:56:39.247
40.0;125;sell;16:56:39.281
40.0;140;sell;16:56:39.282
40.0;30;sell;16:56:39.306
40.005;1;buy;16:56:39.319
40.0;200;sell;16:56:39.321
40.0;5;sell;16:56:39.322
40.005;1;buy;16:56:39.330
40.0;2;sell;16:56:39.337
40.0;73;sell;16:56:39.339
40.0;715;sell;16:56:39.340
40.0;10;sell;16:56:39.351
40.005;1;buy;16:56:39.351
40.0;5;sell;16:56:39.353
40.005;1;buy;16:56:39.357
40.005;36;buy;16:56:39.363
40.005;400;buy;16:56:39.373
40.0;144;sell;16:56:39.382
40.005;10;buy;16:56:39.384
40.0;1000;sell;16:56:39.387
40.005;15;buy;16:56:39.389
40.0;300;sell;16:56:39.401
40.0;151;sell;16:56:39.482
40.005;1;buy;16:56:39.844
40.0;11689;sell;16:56:39.924
40.0;167;sell;16:56:39.925
40.0;855;sell;16:56:39.948
40.0;920;sell;16:56:39.949
40.0;1053;sell;16:56:39.982
40.0;180;sell;16:56:39.983
40.0;654;sell;16:56:40.036
40.0;290;sell;16:56:40.037
40.0;175;sell;16:56:40.482
40.0;186;sell;16:56:40.483
40.005;1;buy;16:56:40.561
40.0;2;sell;16:56:40.583
40.0;1;sell;16:56:40.683
40.0;142;sell;16:56:40.722
40.0;1;sell;16:56:40.783
40.0;1;sell;16:56:40.822
40.0;1;sell;16:56:40.882
40.0;1000;sell;16:56:40.947
40.0;1;sell;16:56:41.288
40.0;1132;sell;16:56:41.603
40.005;3000;buy;16:56:41.887
40.005;175;buy;16:56:41.982
40.005;175;buy;16:56:42.082
40.0;24;sell;16:56:42.597
40.005;6198;sell;16:56:44.486
40.005;65;buy;16:56:44.914
40.005;120;buy;16:56:45.075
40.005;1;buy;16:56:46.397
40.0;1822;sell;16:56:46.429
40.005;1;buy;16:56:46.540
40.005;70;buy;16:56:47.350
40.0;10;sell;16:56:47.426
40.0;3;sell;16:56:47.711
40.0;1276;sell;16:56:48.072
40.0;7;sell;16:56:48.242
40.005;150;buy;16:56:48.312
40.0;406;sell;16:56:48.892
40.005;27;buy;16:56:49.236
40.0;203;sell;16:56:49.723
40.005;10;buy;16:56:51.317
40.005;249;buy;16:56:53.636
40.0;80;sell;16:56:55.880
40.005;1;buy;16:56:58.125
40.0;3415;sell;16:56:58.850
39.995;30;sell;16:56:58.853
39.995;76;sell;16:56:58.854
39.99;30;sell;16:56:58.855
39.99;92;sell;16:56:58.856
39.985;30;sell;16:56:58.861
39.98;300;sell;16:56:58.873
39.98;40;sell;16:56:58.936
39.975;400;sell;16:56:58.938
39.975;1;buy;16:56:58.958
39.975;500;buy;16:56:58.974
39.955;548;sell;16:56:58.991
39.935;2;sell;16:56:58.999
39.965;7;buy;16:56:59.051
39.965;100;buy;16:56:59.169
39.965;13;buy;16:56:59.171
39.965;180;buy;16:56:59.173
39.965;1;buy;16:56:59.182
39.935;14;sell;16:56:59.192
39.935;15;sell;16:56:59.208
39.935;3;sell;16:56:59.223
39.96;1;buy;16:56:59.229
39.935;19;sell;16:56:59.264
39.935;20;sell;16:56:59.282
39.96;4;buy;16:56:59.291
39.95;4;sell;16:56:59.337
39.96;1;buy;16:56:59.385
39.95;9;sell;16:56:59.473
39.95;5;sell;16:56:59.507
39.96;10;buy;16:56:59.593
39.95;2;sell;16:56:59.594
39.96;10;buy;16:56:59.598
39.95;71;sell;16:56:59.601
39.96;10;buy;16:56:59.704
39.96;10;buy;16:56:59.709
39.96;10;buy;16:56:59.716
39.95;1500;sell;16:56:59.848
39.94;4;buy;16:56:59.900
39.94;64;buy;16:56:59.931
39.94;12;buy;16:56:59.971
39.93;30;sell;16:56:59.988
39.91;100;sell;16:56:59.994
39.94;100;buy;16:56:59.994
39.94;11;buy;16:57:00.041
39.94;10;buy;16:57:00.095
39.94;1;buy;16:57:00.152
39.94;27;buy;16:57:00.230
39.95;100;buy;16:57:01.115
39.95;50;buy;16:57:01.243
39.935;201;sell;16:57:02.259
39.945;500;buy;16:57:02.516
39.96;1;buy;16:57:02.612
39.96;1;buy;16:57:02.616
39.94;7;sell;16:57:03.917
39.95;10;sell;16:57:07.088
39.955;30;buy;16:57:10.711
39.94;34;sell;16:57:10.964
39.955;27;buy;16:57:11.230
39.955;124;buy;16:57:14.451
39.955;65;buy;16:57:14.937
39.95;26;buy;16:57:22.247
39.95;2;buy;16:57:23.982
39.95;30;buy;16:57:24.749
39.955;16;buy;16:57:25.975
39.955;1;buy;16:57:26.858
39.955;10;buy;16:57:27.723
39.955;11;buy;16:57:27.978
39.95;1;sell;16:57:28.304
39.95;7;buy;16:57:29.165
39.95;170;buy;16:57:29.210
39.95;64;buy;16:57:29.934
39.95;50;buy;16:57:32.081
39.955;5;buy;16:57:32.415
39.95;100;sell;16:57:32.544
39.955;27;buy;16:57:33.239
39.955;1;buy;16:57:34.496
39.955;50;buy;16:57:35.239
39.955;1;buy;16:57:35.294
39.95;700;sell;16:57:36.264
39.955;35;buy;16:57:38.705
39.95;30;sell;16:57:40.744
39.945;189;sell;16:57:41.858
39.95;8;buy;16:57:42.026
39.95;439;buy;16:57:42.436
39.955;52;buy;16:57:43.436
39.955;39;buy;16:57:43.636
39.96;52;buy;16:57:44.181
39.975;27;buy;16:57:44.242
39.99;65;buy;16:57:44.941
39.99;3;buy;16:57:44.952
39.99;1;buy;16:57:47.080
39.985;30;buy;16:57:47.836
39.985;15;buy;16:57:52.914
39.98;5;sell;16:57:53.882
39.985;10;buy;16:57:53.973
39.985;27;buy;16:57:55.240
39.985;1;buy;16:57:57.047
39.985;65;buy;16:57:59.944
39.985;145;buy;16:58:00.299
39.985;1;buy;16:58:00.906
39.985;27;buy;16:58:06.246
39.985;10;buy;16:58:09.447
39.965;6;sell;16:58:10.264
39.96;5;sell;16:58:10.277
39.975;15;buy;16:58:10.671
39.97;9;sell;16:58:12.736
39.965;2;buy;16:58:14.683
39.965;64;buy;16:58:14.958
39.96;1;sell;16:58:15.036
39.965;13;buy;16:58:15.464
39.96;5;buy;16:58:16.461
39.96;2;buy;16:58:17.176
39.96;27;buy;16:58:17.242
39.96;10;buy;16:58:17.577
39.96;1;buy;16:58:18.139
39.96;116;buy;16:58:19.087
39.96;280;buy;16:58:20.496
39.96;1;buy;16:58:25.583
39.96;27;buy;16:58:28.257
39.965;1;buy;16:58:28.272
39.97;3;buy;16:58:29.807
39.97;65;buy;16:58:29.963
39.96;40;sell;16:58:30.581
39.97;1;buy;16:58:31.570
39.97;2;buy;16:58:32.672
39.97;200;buy;16:58:34.296
39.985;27;buy;16:58:39.254
39.99;65;buy;16:58:44.973
39.99;1;buy;16:58:46.797
39.99;1;buy;16:58:47.525
39.99;2100;buy;16:58:47.960
40.0;16;buy;16:58:50.214
40.0;27;buy;16:58:50.261
40.0;14;buy;16:58:51.853
39.995;37;buy;16:58:58.185
39.995;64;buy;16:58:59.980
39.995;27;buy;16:59:01.249
39.995;1;buy;16:59:01.696
39.985;13;sell;16:59:08.359
39.97;5;buy;16:59:08.407
39.96;100;sell;16:59:08.437
39.955;83;sell;16:59:08.810
39.96;100;buy;16:59:09.138
39.97;10;buy;16:59:09.160
39.97;1;buy;16:59:09.870
39.97;200;buy;16:59:09.885
39.98;5;buy;16:59:10.016
39.98;2;buy;16:59:10.046
39.98;8;buy;16:59:10.263
39.96;12;sell;16:59:10.860
39.98;27;buy;16:59:12.264
39.98;10;buy;16:59:13.444
39.98;100;buy;16:59:14.709
39.98;65;buy;16:59:14.977
39.98;60;buy;16:59:19.060
39.97;312;sell;16:59:22.983
39.97;496;sell;16:59:22.983
39.955;27;buy;16:59:23.266
39.955;1;buy;16:59:23.626
39.955;1;buy;16:59:25.493
39.955;1;buy;16:59:26.272
39.955;64;buy;16:59:29.982
39.955;1;buy;16:59:31.965
39.955;1;buy;16:59:33.330
39.955;200;buy;16:59:33.652
39.955;7;buy;16:59:33.938
39.97;27;buy;16:59:34.263
39.965;200;buy;16:59:34.520
39.99;36;buy;16:59:41.536
39.97;100;sell;16:59:44.136
39.97;65;buy;16:59:44.983
39.97;26;buy;16:59:45.265
39.96;52;sell;16:59:46.499
39.98;5;buy;16:59:46.973
39.98;27;buy;16:59:47.852
39.955;18;sell;16:59:53.332
39.97;52;buy;16:59:53.432
39.97;27;buy;16:59:56.274
39.97;100;buy;16:59:57.312
39.97;16;buy;16:59:59.988
39.97;49;buy;16:59:59.988
39.97;25;buy;17:00:00.301
39.95;4;sell;17:00:00.439
39.95;2;sell;17:00:00.501
39.95;15;sell;17:00:00.524
39.95;17;sell;17:00:00.560
39.95;6;sell;17:00:00.948
39.95;954;sell;17:00:01.160
39.945;14;sell;17:00:01.533
39.945;15;sell;17:00:01.543
39.945;105;sell;17:00:01.713
39.96;3;buy;17:00:01.971
39.945;15;sell;17:00:02.663
39.945;14;sell;17:00:02.669
39.94;15;sell;17:00:03.549
39.94;14;sell;17:00:03.581
39.95;15;sell;17:00:04.539
39.94;14;sell;17:00:04.563
39.96;27;buy;17:00:07.278
39.96;3;buy;17:00:09.333
39.94;200;sell;17:00:13.258
39.945;64;buy;17:00:14.996
39.945;2;buy;17:00:16.870
39.945;27;buy;17:00:18.265
39.935;1;sell;17:00:21.498
39.94;43;buy;17:00:21.699
39.945;200;buy;17:00:21.702
39.96;10;buy;17:00:25.351
39.965;27;buy;17:00:29.281
39.98;1775;buy;17:00:29.359
39.985;65;buy;17:00:30.000
39.98;600;sell;17:00:30.311
39.99;200;buy;17:00:30.558
39.985;1;sell;17:00:31.582
39.985;50;sell;17:00:31.582
39.98;119;sell;17:00:31.682
39.98;1;sell;17:00:31.882
39.99;1;buy;17:00:39.204
39.99;27;buy;17:00:40.277
39.995;2;buy;17:00:43.568
39.995;64;buy;17:00:45.076
39.99;9;sell;17:00:46.516
39.98;223;sell;17:00:50.235
39.98;101;sell;17:00:50.245
39.975;27;buy;17:00:51.285
39.96;1;sell;17:00:53.305
39.96;1;sell;17:00:54.060
39.96;2;sell;17:00:55.167
39.965;10;sell;17:00:58.437
39.965;4;sell;17:00:58.718
39.97;27;buy;17:01:02.285
39.98;1;buy;17:01:05.125
39.99;71;buy;17:01:05.775
39.995;75;sell;17:01:08.458
40.0;4;buy;17:01:12.890
39.995;3;sell;17:01:13.162
40.0;27;buy;17:01:13.280
40.0;1;buy;17:01:13.817
39.995;3000;sell;17:01:14.856
39.97;2;sell;17:01:15.072
39.985;19;buy;17:01:17.828
39.985;27;buy;17:01:24.286
39.985;5;buy;17:01:26.250
39.985;1;buy;17:01:27.222
39.985;10;buy;17:01:31.024
39.985;27;buy;17:01:35.293
39.985;29;buy;17:01:35.653
39.99;15;buy;17:01:38.780
39.99;2;buy;17:01:42.316
39.99;27;buy;17:01:46.292
39.99;87;sell;17:01:49.492
39.995;200;buy;17:01:49.506
39.995;39;buy;17:01:49.708
39.995;25;buy;17:01:55.700
39.995;26;buy;17:01:57.298
39.995;6;buy;17:01:57.463
39.995;1;buy;17:02:00.029
39.995;12;buy;17:02:00.867
39.99;1;sell;17:02:03.121
39.99;39;buy;17:02:03.473
39.99;27;buy;17:02:08.299
39.99;5;buy;17:02:12.841
39.985;3;sell;17:02:13.461
39.99;1;buy;17:02:18.691
39.99;27;buy;17:02:19.301
39.99;5;buy;17:02:23.420
39.99;1;buy;17:02:24.977
39.99;229;buy;17:02:28.948
39.995;203;sell;17:02:29.528
40.0;27;buy;17:02:30.304
40.0;500;buy;17:02:40.582
40.0;27;buy;17:02:41.311
40.0;450;buy;17:02:41.523
40.0;300;buy;17:02:41.582
40.0;125;buy;17:02:41.682
40.0;200;buy;17:02:41.721
40.0;198;buy;17:02:41.781
40.0;350;buy;17:02:41.782
40.0;200;buy;17:02:41.821
40.0;450;buy;17:02:41.823
40.0;500;buy;17:02:41.881
40.0;62;buy;17:02:41.882
40.0;63;buy;17:02:41.921
40.0;250;buy;17:02:41.981
40.0;125;buy;17:02:41.982
40.0;150;buy;17:02:42.303
40.0;80;buy;17:02:42.304
40.0;125;buy;17:02:43.982
40.0;1;buy;17:02:45.356
39.995;71;sell;17:02:48.801
40.0;3;buy;17:02:49.804
40.0;27;buy;17:02:52.310
40.0;1;buy;17:02:52.595
40.0;110;buy;17:02:55.050
40.0;400;buy;17:03:01.319
40.0;27;buy;17:03:03.310
40.0;4;buy;17:03:06.337
40.0;11;buy;17:03:10.707
40.0;200;buy;17:03:12.772
40.0;27;buy;17:03:14.315
40.0;13;buy;17:03:20.274
40.0;5;buy;17:03:22.005
40.0;1;buy;17:03:22.806
40.0;1;buy;17:03:23.966
40.0;27;buy;17:03:25.308
40.0;4;buy;17:03:29.997
40.0;2;buy;17:03:31.750
40.0;137;buy;17:03:31.757
40.0;27;buy;17:03:36.306
40.0;10;buy;17:03:36.491
40.0;100;buy;17:03:38.138
40.0;1;buy;17:03:41.123
40.0;27;buy;17:03:47.322
40.0;3;buy;17:03:47.699
40.0;1;buy;17:03:47.704
40.0;5;buy;17:03:49.333
40.0;2;buy;17:03:55.825
39.995;4;sell;17:03:57.946
39.995;125;sell;17:03:58.081
40.0;27;buy;17:03:58.310
39.995;150;sell;17:03:58.746
40.0;2;buy;17:03:59.953
40.0;3001;buy;17:04:00.926
40.015;1;buy;17:04:00.941
40.025;200;buy;17:04:01.406
40.025;400;buy;17:04:01.456
40.045;28;buy;17:04:01.894
40.045;28;buy;17:04:02.044
40.045;28;buy;17:04:02.152
40.045;28;buy;17:04:02.298
40.045;28;buy;17:04:02.404
40.04;8;sell;17:04:02.484
40.025;14;buy;17:04:04.536
40.025;1;buy;17:04:05.679
40.025;3;buy;17:04:06.043
40.025;428;buy;17:04:06.953
40.035;5;buy;17:04:07.363
40.03;26;buy;17:04:09.323
40.035;50;buy;17:04:09.756
40.04;5;buy;17:04:10.004
40.025;21;buy;17:04:16.136
40.02;52;sell;17:04:17.777
40.03;27;buy;17:04:20.324
40.01;45;sell;17:04:22.105
40.015;1;buy;17:04:28.786
40.015;3;buy;17:04:30.670
40.015;27;buy;17:04:31.325
40.01;92;sell;17:04:33.817
40.01;59;sell;17:04:35.800
40.01;6;sell;17:04:36.182
40.01;20;buy;17:04:41.595
40.01;27;buy;17:04:42.327
40.01;1;buy;17:04:45.120
40.01;23;buy;17:04:46.079
40.01;145;buy;17:04:49.794
40.01;40;sell;17:04:52.844
40.02;27;buy;17:04:53.329
40.02;3;buy;17:04:53.680
40.015;150;sell;17:04:56.282
40.01;105;sell;17:04:56.679
40.01;450;sell;17:04:56.723
40.01;9;sell;17:04:56.782
40.01;2;buy;17:05:01.952
40.01;27;buy;17:05:04.329
40.01;1;buy;17:05:05.833
40.01;2;buy;17:05:09.766
40.005;2;sell;17:05:15.121
40.01;27;buy;17:05:15.331
40.005;12;sell;17:05:26.282
40.01;27;buy;17:05:26.339
40.0;223;sell;17:05:29.100
40.0;173;sell;17:05:29.182
40.0;175;sell;17:05:29.282
40.005;4;buy;17:05:31.031
40.005;27;buy;17:05:37.331
40.005;2;buy;17:05:38.600
40.005;300;buy;17:05:46.280
40.01;27;buy;17:05:48.337
40.005;1;sell;17:05:49.015
40.005;340;sell;17:05:53.023
40.0;1500;sell;17:05:53.055
40.0;300;sell;17:05:53.082
40.0;110;sell;17:05:53.123
40.0;250;sell;17:05:53.182
40.0;200;sell;17:05:53.279
40.0;250;sell;17:05:53.382
40.0;44;sell;17:05:53.383
40.0;45;sell;17:05:53.583
40.0;200;sell;17:05:53.621
40.0;46;sell;17:05:53.683
40.0;46;sell;17:05:53.783
40.0;46;sell;17:05:53.883
40.0;46;sell;17:05:53.983
40.0;7;sell;17:05:54.083
40.0;125;sell;17:05:54.581
40.0;114;sell;17:05:54.794
40.0;125;sell;17:05:55.081
40.0;104;sell;17:05:56.119
40.005;20;buy;17:05:57.518
40.005;27;buy;17:05:59.343
40.005;10;buy;17:05:59.597
40.0;62;sell;17:06:03.121
40.0;125;sell;17:06:03.181
40.0;201;sell;17:06:03.186
40.0;125;sell;17:06:03.620
40.0;11;sell;17:06:03.682
40.0;250;sell;17:06:03.688
40.0;201;sell;17:06:03.721
40.005;27;buy;17:06:10.345
40.005;1;buy;17:06:11.669
40.005;1;buy;17:06:13.701
40.0;36;sell;17:06:18.087
40.005;1;buy;17:06:19.732
40.005;26;buy;17:06:21.351
40.0;50;sell;17:06:22.052
40.005;30;buy;17:06:23.148
40.0;310;sell;17:06:31.414
40.005;27;buy;17:06:32.343
40.005;6;buy;17:06:35.493
40.0;24;sell;17:06:35.555
40.005;1;buy;17:06:37.987
40.005;71;buy;17:06:40.294
40.005;10;sell;17:06:41.004
40.01;27;buy;17:06:43.353
40.01;178;buy;17:06:45.539
40.01;10;buy;17:06:45.559
40.005;63;sell;17:06:50.192
40.01;500;buy;17:06:50.582
40.005;6;sell;17:06:51.769
40.01;27;buy;17:06:54.346
40.015;3;buy;17:06:58.156
40.01;27;buy;17:07:05.359
40.01;1;buy;17:07:06.590
40.01;27;buy;17:07:16.370
40.01;1;buy;17:07:18.142
40.01;27;buy;17:07:27.367
40.01;8;buy;17:07:28.903
40.005;8;sell;17:07:33.243
40.01;1000;buy;17:07:35.110
40.005;8;sell;17:07:36.872
40.01;27;buy;17:07:38.368
40.005;28;sell;17:07:40.054
40.005;30;buy;17:07:40.302
40.0;150;sell;17:07:44.077
40.005;2;buy;17:07:44.934
40.0;29;sell;17:07:48.304
40.005;1;buy;17:07:48.732
40.005;27;buy;17:07:49.367
40.005;2;buy;17:07:56.818
40.0;125;sell;17:07:59.780
40.005;27;buy;17:08:00.361
40.0;260;sell;17:08:02.836
40.0;60;sell;17:08:08.501
40.0;80;sell;17:08:08.522
40.005;1;buy;17:08:09.629
40.005;1;buy;17:08:09.640
40.005;8;buy;17:08:09.684
40.005;3;buy;17:08:09.687
40.005;1;buy;17:08:09.699
40.005;5;buy;17:08:09.710
40.005;4;buy;17:08:09.718
40.005;1;buy;17:08:09.727
40.005;1;buy;17:08:09.742
40.005;2;buy;17:08:09.743
40.005;1;buy;17:08:09.753
40.005;1;buy;17:08:09.777
40.005;2;buy;17:08:09.793
40.005;5;buy;17:08:09.806
40.005;1;buy;17:08:09.816
40.005;3;buy;17:08:09.829
40.005;1;buy;17:08:09.838
40.005;11;buy;17:08:09.852
40.005;3;buy;17:08:09.858
40.005;1;buy;17:08:09.866
40.005;1;buy;17:08:09.868
40.005;3;buy;17:08:09.876
40.005;3;buy;17:08:09.881
40.005;2;buy;17:08:09.882
40.005;1;buy;17:08:09.887
40.005;1;buy;17:08:09.934
40.005;1;buy;17:08:09.945
40.005;1;buy;17:08:09.966
40.005;1;buy;17:08:09.972
40.005;1;buy;17:08:09.977
40.005;1;buy;17:08:09.980
40.005;9;buy;17:08:09.994
40.005;5;buy;17:08:10.004
40.005;1;buy;17:08:10.006
40.005;1;buy;17:08:10.009
40.005;2;buy;17:08:10.013
40.005;1;buy;17:08:10.018
40.005;12;buy;17:08:10.043
40.005;2;buy;17:08:10.088
40.005;2;buy;17:08:10.101
40.005;1;buy;17:08:10.107
40.005;1;buy;17:08:10.111
40.005;4;buy;17:08:10.117
40.005;2;buy;17:08:10.120
40.005;1;buy;17:08:10.121
40.005;1;buy;17:08:10.124
40.005;5;buy;17:08:10.126
40.005;1;buy;17:08:10.137
40.005;1;buy;17:08:10.165
40.005;1;buy;17:08:10.170
40.005;5;buy;17:08:10.173
40.005;1;buy;17:08:10.174
40.005;1;buy;17:08:10.229
40.005;4;buy;17:08:10.254
40.005;1;buy;17:08:10.260
40.005;1;buy;17:08:10.265
40.005;1;buy;17:08:10.270
40.005;1;buy;17:08:10.279
40.005;1;buy;17:08:10.280
40.005;1;buy;17:08:10.281
40.005;3;buy;17:08:10.289
40.005;3;buy;17:08:10.292
40.005;1;buy;17:08:10.298
40.005;1;buy;17:08:10.312
40.005;13;buy;17:08:10.335
40.005;2;buy;17:08:10.339
40.005;1;buy;17:08:10.343
40.005;6;buy;17:08:10.346
40.005;3;buy;17:08:10.350
40.005;1;buy;17:08:10.362
40.005;3;buy;17:08:10.364
40.005;2;buy;17:08:10.368
40.005;1;buy;17:08:10.372
40.005;1;buy;17:08:10.379
40.005;1;buy;17:08:10.380
40.005;20;buy;17:08:10.410
40.005;1;buy;17:08:10.416
40.005;3;buy;17:08:10.424
40.005;1;buy;17:08:10.458
40.005;1;buy;17:08:10.465
40.005;2;buy;17:08:10.476
40.005;1;buy;17:08:10.478
40.005;1;buy;17:08:10.479
40.005;1;buy;17:08:10.482
40.005;1;buy;17:08:10.489
40.005;1;buy;17:08:10.492
40.005;2;buy;17:08:10.494
40.005;1;buy;17:08:10.508
40.005;1;buy;17:08:10.527
40.005;1;buy;17:08:10.544
40.005;1;buy;17:08:10.546
40.005;1;buy;17:08:10.561
40.005;1;buy;17:08:10.578
40.005;4;buy;17:08:10.585
40.005;1;buy;17:08:10.590
40.005;1;buy;17:08:10.604
40.005;1;buy;17:08:10.627
40.005;1;buy;17:08:10.629
40.005;70;buy;17:08:10.656
40.005;1;buy;17:08:10.665
40.005;4;buy;17:08:10.673
40.005;1;buy;17:08:10.693
40.005;1;buy;17:08:10.696
40.005;1;buy;17:08:10.700
40.005;1;buy;17:08:10.736
40.005;2;buy;17:08:10.766
40.005;8;buy;17:08:10.770
40.005;1;buy;17:08:10.778
40.005;2;buy;17:08:10.787
40.005;2;buy;17:08:10.809
40.005;5;buy;17:08:10.821
40.005;2;buy;17:08:10.844
40.005;1;buy;17:08:10.853
40.005;6;buy;17:08:10.869
40.005;1;buy;17:08:10.884
40.005;1;buy;17:08:10.906
40.005;1;buy;17:08:10.914
40.005;1;buy;17:08:10.915
40.005;1;buy;17:08:10.930
40.005;1;buy;17:08:10.951
40.005;3;buy;17:08:10.968
40.005;1;buy;17:08:10.970
40.005;2;buy;17:08:10.978
40.005;9;buy;17:08:10.980
40.005;1;buy;17:08:10.986
40.005;2;buy;17:08:10.993
40.005;1;buy;17:08:11.002
40.005;1;buy;17:08:11.005
40.005;1;buy;17:08:11.007
40.005;1;buy;17:08:11.019
40.005;4;buy;17:08:11.021
40.005;15;buy;17:08:11.023
40.005;1;buy;17:08:11.045
40.005;2;buy;17:08:11.048
40.005;2;buy;17:08:11.050
40.005;3;buy;17:08:11.078
40.005;4;buy;17:08:11.082
40.005;1;buy;17:08:11.113
40.005;7;buy;17:08:11.129
40.005;3;buy;17:08:11.135
40.005;1;buy;17:08:11.158
40.005;1;buy;17:08:11.160
40.005;4;buy;17:08:11.161
40.005;1;buy;17:08:11.179
40.005;1;buy;17:08:11.180
40.005;2;buy;17:08:11.196
40.005;2;buy;17:08:11.199
40.005;3;buy;17:08:11.206
40.005;1;buy;17:08:11.209
40.005;1;buy;17:08:11.216
40.005;1;buy;17:08:11.222
40.005;2;buy;17:08:11.237
40.005;1;buy;17:08:11.239
40.005;1;buy;17:08:11.250
40.005;1;buy;17:08:11.268
40.005;1;buy;17:08:11.306
40.005;2;buy;17:08:11.350
40.005;27;buy;17:08:11.372
40.01;2;buy;17:08:11.409
40.01;1;buy;17:08:11.414
40.01;3;buy;17:08:11.430
40.01;1;buy;17:08:11.431
40.01;1;buy;17:08:11.433
40.01;1;buy;17:08:11.437
40.01;1;buy;17:08:11.447
40.015;1;buy;17:08:11.474
40.015;1;buy;17:08:11.480
40.015;1;buy;17:08:11.490
40.015;2;buy;17:08:11.530
40.015;3;buy;17:08:11.533
40.015;1;buy;17:08:11.534
40.015;2;buy;17:08:11.535
40.015;1;buy;17:08:11.537
40.015;3;buy;17:08:11.563
40.015;1;buy;17:08:11.575
40.01;1;buy;17:08:11.594
40.01;1;buy;17:08:11.600
40.01;11;buy;17:08:11.623
40.01;1;buy;17:08:11.624
40.01;1;buy;17:08:11.626
40.01;1;buy;17:08:11.640
40.01;1;buy;17:08:11.644
40.01;1;buy;17:08:11.651
40.01;4;buy;17:08:11.654
40.01;1;buy;17:08:11.682
40.01;2;buy;17:08:11.729
40.01;3;buy;17:08:11.760
40.01;1;buy;17:08:11.767
40.01;4;buy;17:08:11.777
40.01;5;buy;17:08:11.790
40.01;1;buy;17:08:11.817
40.01;1;buy;17:08:11.828
40.01;1;buy;17:08:11.829
40.01;1;buy;17:08:11.834
40.01;1;buy;17:08:11.856
40.01;1;buy;17:08:11.906
40.01;1;buy;17:08:11.909
40.01;1;buy;17:08:11.920
40.01;1;buy;17:08:11.939
40.01;1;buy;17:08:11.943
40.01;1;buy;17:08:11.947
40.01;1;buy;17:08:11.957
40.01;3;buy;17:08:11.964
40.01;3;buy;17:08:11.965
40.01;1;buy;17:08:11.971
40.01;1;buy;17:08:11.982
40.01;2;buy;17:08:12.019
40.01;1;buy;17:08:12.035
40.01;1;buy;17:08:12.051
40.01;2;buy;17:08:12.057
40.01;3;buy;17:08:12.060
40.01;2;buy;17:08:12.063
40.01;13;buy;17:08:12.104
40.01;3;buy;17:08:12.109
40.01;1;buy;17:08:12.112
40.01;2;buy;17:08:12.119
40.015;1;buy;17:08:12.122
40.015;4;buy;17:08:12.132
40.015;3;buy;17:08:12.152
40.015;1;buy;17:08:12.175
40.015;1;buy;17:08:12.196
40.015;1;buy;17:08:12.239
40.015;1;buy;17:08:12.240
40.015;1;buy;17:08:12.247
40.015;4;buy;17:08:12.259
40.015;1;buy;17:08:12.260
40.015;1;buy;17:08:12.262
40.015;1;buy;17:08:12.266
40.015;1;buy;17:08:12.275
40.015;1;buy;17:08:12.310
40.015;2;buy;17:08:12.318
40.015;3;buy;17:08:12.324
40.015;1;buy;17:08:12.326
40.015;5;buy;17:08:12.334
40.015;11;buy;17:08:12.361
40.015;5;buy;17:08:12.371
40.015;1;buy;17:08:12.404
40.015;2;buy;17:08:12.407
40.015;5;buy;17:08:12.421
40.015;1;buy;17:08:12.428
40.015;2;buy;17:08:12.463
40.015;1;buy;17:08:12.481
40.015;1;buy;17:08:12.482
40.015;1;buy;17:08:12.495
40.015;2;buy;17:08:12.517
40.015;1;buy;17:08:12.537
40.015;1;buy;17:08:12.583
40.015;1;buy;17:08:12.613
40.015;1;buy;17:08:12.618
40.015;1;buy;17:08:12.657
40.015;1;buy;17:08:12.658
40.015;1;buy;17:08:12.685
40.015;1;buy;17:08:12.687
40.015;2;buy;17:08:12.703
40.015;3;buy;17:08:12.723
40.015;3;buy;17:08:12.724
40.015;3;buy;17:08:12.763
40.015;1;buy;17:08:12.784
40.015;10;buy;17:08:12.785
40.015;1;buy;17:08:12.788
40.015;2;buy;17:08:12.796
40.015;3;buy;17:08:12.797
40.015;1;buy;17:08:12.814
40.015;2;buy;17:08:12.815
40.015;1;buy;17:08:12.831
40.015;1;buy;17:08:12.860
40.015;1;buy;17:08:12.865
40.015;2;buy;17:08:12.881
40.015;1;buy;17:08:12.903
40.015;2;buy;17:08:12.907
40.015;1;buy;17:08:12.909
40.015;1;buy;17:08:12.910
40.015;3;buy;17:08:12.929
40.015;1;buy;17:08:12.949
40.015;1;buy;17:08:12.960
40.015;1;buy;17:08:12.964
40.015;1;buy;17:08:12.965
40.015;11;buy;17:08:12.980
40.015;1;buy;17:08:12.997
40.015;3;buy;17:08:12.998
40.015;1;buy;17:08:13.016
40.015;1;buy;17:08:13.024
40.015;1;buy;17:08:13.045
40.015;10;buy;17:08:13.049
40.015;2;buy;17:08:13.058
40.015;1;buy;17:08:13.060
40.015;1;buy;17:08:13.077
40.015;1;buy;17:08:13.080
40.015;1;buy;17:08:13.084
40.015;2;buy;17:08:13.091
40.015;1;buy;17:08:13.093
40.015;1;buy;17:08:13.096
40.015;27;buy;17:08:13.122
40.015;2;buy;17:08:13.133
40.015;14;buy;17:08:13.142
40.015;1;buy;17:08:13.155
40.015;1;buy;17:08:13.190
40.015;2;buy;17:08:13.201
40.015;4;buy;17:08:13.202
40.015;1;buy;17:08:13.228
40.015;1;buy;17:08:13.243
40.015;1;buy;17:08:13.247
40.015;1;buy;17:08:13.259
40.015;1;buy;17:08:13.275
40.015;3;buy;17:08:13.280
40.015;1;buy;17:08:13.284
40.015;1;buy;17:08:13.307
40.015;2;buy;17:08:13.308
40.015;1;buy;17:08:13.310
40.015;1;buy;17:08:13.313
40.015;1;buy;17:08:13.327
40.015;1;buy;17:08:13.391
40.015;3;buy;17:08:13.393
40.015;3;buy;17:08:13.407
40.015;7;buy;17:08:13.423
40.015;1;buy;17:08:13.429
40.015;7;buy;17:08:13.440
40.015;1;buy;17:08:13.459
40.015;1;buy;17:08:13.460
40.015;1;buy;17:08:13.494
40.015;1;buy;17:08:13.498
40.015;1;buy;17:08:13.503
40.015;4;buy;17:08:13.519
40.015;1;buy;17:08:13.528
40.015;5;buy;17:08:13.531
40.015;1;buy;17:08:13.584
40.015;4;buy;17:08:13.585
40.015;2;buy;17:08:13.605
40.015;1;buy;17:08:13.610
40.015;1;buy;17:08:13.631
40.015;3;buy;17:08:13.632
40.015;3;buy;17:08:13.642
40.015;2;buy;17:08:13.645
40.015;1;buy;17:08:13.650
40.015;1;buy;17:08:13.681
40.015;1;buy;17:08:13.685
40.015;1;buy;17:08:13.686
40.015;1;buy;17:08:13.698
40.015;6;buy;17:08:13.707
40.015;4;buy;17:08:13.710
40.015;1;buy;17:08:13.723
40.015;1;buy;17:08:13.731
40.015;1;buy;17:08:13.735
40.015;1;buy;17:08:13.736
40.015;5;buy;17:08:13.739
40.015;2;buy;17:08:13.768
40.015;1;buy;17:08:13.783
40.015;1;buy;17:08:13.784
40.015;3;buy;17:08:13.795
40.015;1;buy;17:08:13.798
40.015;1;buy;17:08:13.800
40.015;1;buy;17:08:13.815
40.015;6;buy;17:08:13.819
40.015;1;buy;17:08:13.824
40.015;5;buy;17:08:13.826
40.015;1;buy;17:08:13.834
40.015;1;buy;17:08:13.842
40.015;16;buy;17:08:13.847
40.015;2;buy;17:08:13.848
40.015;3;buy;17:08:13.882
40.015;1;buy;17:08:13.885
40.015;3;buy;17:08:13.902
40.015;1;buy;17:08:13.906
40.015;1;buy;17:08:13.908
40.015;1;buy;17:08:13.924
40.015;4;buy;17:08:13.929
40.015;1;buy;17:08:13.941
40.015;2;buy;17:08:13.943
40.015;7;buy;17:08:13.958
40.015;1;buy;17:08:13.959
40.015;1;buy;17:08:13.962
40.015;1;buy;17:08:13.984
40.015;1;buy;17:08:14.003
40.015;2;buy;17:08:14.006
40.015;1;buy;17:08:14.011
40.015;1;buy;17:08:14.028
40.015;2;buy;17:08:14.035
40.015;1;buy;17:08:14.042
40.015;1;buy;17:08:14.115
40.015;2;buy;17:08:14.117
40.015;1;buy;17:08:14.119
40.015;1;buy;17:08:14.139
40.015;3;buy;17:08:14.147
40.015;2;buy;17:08:14.157
40.015;2;buy;17:08:14.165
40.015;1;buy;17:08:14.168
40.015;1;buy;17:08:14.185
40.015;2;buy;17:08:14.202
40.015;1;buy;17:08:14.207
40.015;1;buy;17:08:14.208
40.015;2;buy;17:08:14.209
40.015;5;buy;17:08:14.217
40.015;1;buy;17:08:14.218
40.015;6;buy;17:08:14.223
40.015;1;buy;17:08:14.234
40.015;1;buy;17:08:14.242
40.015;1;buy;17:08:14.273
40.015;2;buy;17:08:14.275
40.015;3;buy;17:08:14.276
40.015;2;buy;17:08:14.287
40.015;1;buy;17:08:14.300
40.015;3;buy;17:08:14.318
40.015;2;buy;17:08:14.358
40.015;1;buy;17:08:14.365
40.015;1;buy;17:08:14.374
40.015;1;buy;17:08:14.398
40.015;46;buy;17:08:14.405
40.015;3;buy;17:08:14.410
40.015;6;buy;17:08:14.415
40.015;1;buy;17:08:14.417
40.015;2;buy;17:08:14.461
40.015;1;buy;17:08:14.470
40.015;1;buy;17:08:14.473
40.015;1;buy;17:08:14.475
40.015;1;buy;17:08:14.491
40.015;1;buy;17:08:14.513
40.015;1;buy;17:08:14.532
40.015;1;buy;17:08:14.536
40.015;1;buy;17:08:14.541
40.015;1;buy;17:08:14.547
40.015;13;buy;17:08:14.556
40.015;1;buy;17:08:14.564
40.015;3;buy;17:08:14.581
40.015;1;buy;17:08:14.586
40.015;1;buy;17:08:14.587
40.015;3;buy;17:08:14.604
40.015;1;buy;17:08:14.619
40.015;1;buy;17:08:14.644
40.015;1;buy;17:08:14.652
40.015;1;buy;17:08:14.662
40.015;8;buy;17:08:14.669
40.015;2;buy;17:08:14.673
40.015;1;buy;17:08:14.675
40.015;2;buy;17:08:14.693
40.015;1;buy;17:08:14.708
40.015;7;buy;17:08:14.736
40.015;3;buy;17:08:14.745
40.015;1;buy;17:08:14.778
40.015;1;buy;17:08:14.783
40.015;1;buy;17:08:14.811
40.015;1;buy;17:08:14.818
40.015;1;buy;17:08:14.852
40.015;2;buy;17:08:14.853
40.015;2;buy;17:08:14.857
40.015;1;buy;17:08:14.859
40.015;1;buy;17:08:14.878
40.015;1;buy;17:08:14.882
40.015;1;buy;17:08:14.886
40.015;1;buy;17:08:14.900
40.015;2;buy;17:08:14.901
40.015;1;buy;17:08:14.904
40.015;1;buy;17:08:14.916
40.015;2;buy;17:08:14.928
40.015;4;buy;17:08:14.930
40.015;2;buy;17:08:14.937
40.015;1;buy;17:08:14.943
40.015;3;buy;17:08:14.947
40.015;1;buy;17:08:14.959
40.015;5;buy;17:08:14.960
40.015;1;buy;17:08:14.965
40.015;1;buy;17:08:14.971
40.015;1;buy;17:08:14.978
40.015;1;buy;17:08:14.983
40.015;1;buy;17:08:15.000
40.015;1;buy;17:08:15.014
40.015;2;buy;17:08:15.020
40.015;3;buy;17:08:15.028
40.015;1;buy;17:08:15.034
40.015;1;buy;17:08:15.037
40.015;1;buy;17:08:15.045
40.015;1;buy;17:08:15.053
40.015;2;buy;17:08:15.055
40.015;3;buy;17:08:15.066
40.015;2;buy;17:08:15.120
40.015;4;buy;17:08:15.126
40.015;1;buy;17:08:15.127
40.015;1;buy;17:08:15.129
40.015;1;buy;17:08:15.140
40.015;2;buy;17:08:15.161
40.015;1;buy;17:08:15.211
40.015;24;buy;17:08:15.217
40.015;5;buy;17:08:15.219
40.015;1;buy;17:08:15.238
40.015;1;buy;17:08:15.242
40.015;1;buy;17:08:15.244
40.015;1;buy;17:08:15.249
40.015;6;buy;17:08:15.252
40.015;7;buy;17:08:15.278
40.015;3;buy;17:08:15.284
40.015;1;buy;17:08:15.294
40.015;1;buy;17:08:15.309
40.015;2;buy;17:08:15.315
40.015;1;buy;17:08:15.317
40.015;3;buy;17:08:15.333
40.015;1;buy;17:08:15.338
40.015;1;buy;17:08:15.350
40.015;1;buy;17:08:15.363
40.015;1;buy;17:08:15.368
40.015;1;buy;17:08:15.372
40.015;1;buy;17:08:15.378
40.015;8;buy;17:08:15.396
40.015;1;buy;17:08:15.411
40.015;1;buy;17:08:15.415
40.015;1;buy;17:08:15.420
40.015;1;buy;17:08:15.452
40.015;2;buy;17:08:15.460
40.015;1;buy;17:08:15.465
40.015;1;buy;17:08:15.471
40.015;1;buy;17:08:15.476
40.015;2;buy;17:08:15.480
40.015;1;buy;17:08:15.484
40.015;3;buy;17:08:15.488
40.015;2;buy;17:08:15.490
40.015;1;buy;17:08:15.523
40.015;4;buy;17:08:15.535
40.015;1;buy;17:08:15.553
40.015;6;buy;17:08:15.571
40.015;6;buy;17:08:15.580
40.015;1;buy;17:08:15.594
40.015;2;buy;17:08:15.596
40.015;1;buy;17:08:15.598
40.015;1;buy;17:08:15.603
40.015;1;buy;17:08:15.624
40.015;1;buy;17:08:15.625
40.015;2;buy;17:08:15.650
40.015;1;buy;17:08:15.653
40.015;1;buy;17:08:15.668
40.015;1;buy;17:08:15.685
40.015;4;buy;17:08:15.700
40.015;1;buy;17:08:15.730
40.015;1;buy;17:08:15.734
40.015;5;buy;17:08:15.737
40.015;4;buy;17:08:15.739
40.015;3;buy;17:08:15.749
40.015;1;buy;17:08:15.769
40.015;3;buy;17:08:15.770
40.015;1;buy;17:08:15.773
40.015;1;buy;17:08:15.777
40.015;1;buy;17:08:15.779
40.015;3;buy;17:08:15.782
40.015;2;buy;17:08:15.811
40.015;1;buy;17:08:15.829
40.015;1;buy;17:08:15.841
40.015;3;buy;17:08:15.866
40.015;6;buy;17:08:15.881
40.015;1;buy;17:08:15.892
40.015;2;buy;17:08:15.911
40.015;17;buy;17:08:15.923
40.015;2;buy;17:08:15.944
40.015;1;buy;17:08:15.947
40.015;1;buy;17:08:15.963
40.015;1;buy;17:08:15.971
40.015;1;buy;17:08:16.011
40.015;4;buy;17:08:16.042
40.015;2;buy;17:08:16.043
40.015;1;buy;17:08:16.072
40.015;2;buy;17:08:16.081
40.015;1;buy;17:08:16.086
40.015;1;buy;17:08:16.089
40.015;1;buy;17:08:16.122
40.015;1;buy;17:08:16.124
40.015;1;buy;17:08:16.128
40.015;2;buy;17:08:16.132
40.015;1;buy;17:08:16.140
40.015;2;buy;17:08:16.163
40.015;3;buy;17:08:16.175
40.015;1;buy;17:08:16.209
40.015;1;buy;17:08:16.249
40.015;1;buy;17:08:16.264
40.015;1;buy;17:08:16.271
40.015;2;buy;17:08:16.278
40.015;1;buy;17:08:16.300
40.015;1;buy;17:08:16.317
40.015;3;buy;17:08:16.319
40.015;1;buy;17:08:16.330
40.015;6;buy;17:08:16.349
40.015;2;buy;17:08:16.362
40.015;2;buy;17:08:16.368
40.015;1;buy;17:08:16.372
40.015;6;buy;17:08:16.398
40.015;1;buy;17:08:16.405
40.015;1;buy;17:08:16.415
40.015;1;buy;17:08:16.434
40.015;2;buy;17:08:16.465
40.015;1;buy;17:08:16.495
40.015;4;buy;17:08:16.505
40.015;2;buy;17:08:16.506
40.015;3;buy;17:08:16.511
40.015;4;buy;17:08:16.525
40.015;2;buy;17:08:16.537
40.015;15;buy;17:08:16.589
40.015;1;buy;17:08:16.622
40.015;1;buy;17:08:16.624
40.015;1;buy;17:08:16.634
40.015;1;buy;17:08:16.639
40.015;1;buy;17:08:16.640
40.015;6;buy;17:08:16.648
40.015;1;buy;17:08:16.652
40.015;1;buy;17:08:16.658
40.015;2;buy;17:08:16.673
40.015;1;buy;17:08:16.684
40.015;1;buy;17:08:16.685
40.015;1;buy;17:08:16.687
40.015;1;buy;17:08:16.703
40.015;2;buy;17:08:16.714
40.015;1;buy;17:08:16.755
40.015;2;buy;17:08:16.780
40.015;1;buy;17:08:16.784
40.015;1;buy;17:08:16.803
40.015;1;buy;17:08:16.824
40.015;1;buy;17:08:16.842
40.015;1;buy;17:08:16.844
40.015;3;buy;17:08:16.845
40.015;1;buy;17:08:16.854
40.015;7;buy;17:08:16.861
40.015;1;buy;17:08:16.871
40.015;1;buy;17:08:16.889
40.015;1;buy;17:08:16.897
40.015;1;buy;17:08:16.906
40.015;1;buy;17:08:16.937
40.015;7;buy;17:08:16.952
40.015;1;buy;17:08:16.974
40.015;39;buy;17:08:16.984
40.015;3;buy;17:08:16.988
40.015;1;buy;17:08:17.005
40.015;2;buy;17:08:17.020
40.015;1;buy;17:08:17.021
40.015;3;buy;17:08:17.036
40.015;1;buy;17:08:17.041
40.015;1;buy;17:08:17.042
40.015;2;buy;17:08:17.050
40.015;2;buy;17:08:17.093
40.015;1;buy;17:08:17.099
40.015;17;buy;17:08:17.112
40.015;2;buy;17:08:17.113
40.015;1;buy;17:08:17.114
40.015;1;buy;17:08:17.119
40.015;1;buy;17:08:17.123
40.015;1;buy;17:08:17.145
40.015;1;buy;17:08:17.156
40.015;1;buy;17:08:17.166
40.015;1;buy;17:08:17.177
40.015;1;buy;17:08:17.190
40.015;2;buy;17:08:17.204
40.015;2;buy;17:08:17.207
40.015;1;buy;17:08:17.226
40.015;1;buy;17:08:17.239
40.015;7;buy;17:08:17.248
40.015;1;buy;17:08:17.260
40.015;1;buy;17:08:17.272
40.015;1;buy;17:08:17.280
40.015;1;buy;17:08:17.302
40.015;1;buy;17:08:17.305
40.015;1;buy;17:08:17.307
40.015;7;buy;17:08:17.313
40.015;1;buy;17:08:17.322
40.015;4;buy;17:08:17.341
40.015;4;buy;17:08:17.353
40.015;1;buy;17:08:17.362
40.015;1;buy;17:08:17.382
40.015;28;buy;17:08:17.394
40.015;1;buy;17:08:17.416
40.015;1;buy;17:08:17.438
40.015;1;buy;17:08:17.439
40.015;2;buy;17:08:17.441
40.015;1;buy;17:08:17.479
40.015;1;buy;17:08:17.489
40.015;2;buy;17:08:17.498
40.015;2;buy;17:08:17.510
40.015;1;buy;17:08:17.513
40.015;1;buy;17:08:17.531
40.015;1;buy;17:08:17.540
40.015;4;buy;17:08:17.554
40.015;3;buy;17:08:17.582
40.015;1;buy;17:08:17.606
40.015;18;buy;17:08:17.607
40.015;2;buy;17:08:17.619
40.015;1;buy;17:08:17.640
40.015;8;buy;17:08:17.655
40.015;1;buy;17:08:17.657
40.015;2;buy;17:08:17.665
40.015;2;buy;17:08:17.666
40.015;1;buy;17:08:17.668
40.015;1;buy;17:08:17.698
40.015;3;buy;17:08:17.717
40.015;2;buy;17:08:17.728
40.015;1;buy;17:08:17.729
40.015;1;buy;17:08:17.742
40.015;1;buy;17:08:17.760
40.015;1;buy;17:08:17.780
40.015;2;buy;17:08:17.781
40.015;1;buy;17:08:17.787
40.015;1;buy;17:08:17.796
40.015;1;buy;17:08:17.803
40.015;1;buy;17:08:17.809
40.015;4;buy;17:08:17.813
40.015;1;buy;17:08:17.835
40.015;1;buy;17:08:17.859
40.015;3;buy;17:08:17.876
40.015;1;buy;17:08:17.882
40.015;1;buy;17:08:17.925
40.015;8;buy;17:08:17.928
40.015;1;buy;17:08:17.935
40.015;2;buy;17:08:17.937
40.015;5;buy;17:08:17.943
40.015;1;buy;17:08:17.949
40.015;1;buy;17:08:17.967
40.015;1;buy;17:08:17.979
40.015;4;buy;17:08:18.004
40.015;1;buy;17:08:18.007
40.015;11;buy;17:08:18.012
40.015;2;buy;17:08:18.013
40.015;1;buy;17:08:18.067
40.015;1;buy;17:08:18.105
40.015;1;buy;17:08:18.128
40.015;1;buy;17:08:18.133
40.015;1;buy;17:08:18.141
40.015;2;buy;17:08:18.158
40.015;1;buy;17:08:18.189
40.015;1;buy;17:08:18.200
40.015;1;buy;17:08:18.233
40.015;3;buy;17:08:18.236
40.015;2;buy;17:08:18.277
40.015;1;buy;17:08:18.286
40.015;1;buy;17:08:18.301
40.015;2;buy;17:08:18.314
40.015;3;buy;17:08:18.315
40.015;1;buy;17:08:18.316
40.015;1;buy;17:08:18.322
40.015;1;buy;17:08:18.324
40.015;1;buy;17:08:18.348
40.015;1;buy;17:08:18.369
40.015;5;buy;17:08:18.372
40.015;1;buy;17:08:18.379
40.015;1;buy;17:08:18.391
40.015;1;buy;17:08:18.401
40.015;1;buy;17:08:18.421
40.015;1;buy;17:08:18.452
40.015;5;buy;17:08:18.500
40.015;1;buy;17:08:18.527
40.015;7;buy;17:08:18.533
40.015;1;buy;17:08:18.542
40.015;3;buy;17:08:18.546
40.015;1;buy;17:08:18.548
40.015;3;buy;17:08:18.553
40.015;1;buy;17:08:18.557
40.015;1;buy;17:08:18.569
40.015;5;buy;17:08:18.572
40.015;1;buy;17:08:18.584
40.015;1;buy;17:08:18.590
40.015;1;buy;17:08:18.603
40.015;2;buy;17:08:18.612
40.015;1;buy;17:08:18.619
40.015;1;buy;17:08:18.636
40.015;1;buy;17:08:18.642
40.015;2;buy;17:08:18.672
40.015;1;buy;17:08:18.691
40.015;1;buy;17:08:18.696
40.015;2;buy;17:08:18.700
40.015;1;buy;17:08:18.704
40.015;1;buy;17:08:18.744
40.015;3;buy;17:08:18.745
40.015;2;buy;17:08:18.769
40.015;2;buy;17:08:18.781
40.015;1;buy;17:08:18.788
40.015;1;buy;17:08:18.804
40.015;1;buy;17:08:18.813
40.015;2;buy;17:08:18.859
40.015;1;buy;17:08:18.862
40.015;1;buy;17:08:18.868
40.015;1;buy;17:08:18.881
40.015;1;buy;17:08:18.891
40.015;1;buy;17:08:18.892
40.015;1;buy;17:08:18.910
40.015;2;buy;17:08:18.916
40.015;1;buy;17:08:18.923
40.015;1;buy;17:08:18.924
40.015;2;buy;17:08:18.952
40.015;2;buy;17:08:18.977
40.015;1;buy;17:08:18.986
40.015;12;buy;17:08:19.000
40.015;1;buy;17:08:19.029
40.015;3;buy;17:08:19.039
40.015;5;buy;17:08:19.045
40.015;5;buy;17:08:19.050
40.015;1;buy;17:08:19.073
40.015;2;buy;17:08:19.077
40.015;26;buy;17:08:19.082
40.015;1;buy;17:08:19.083
40.015;2;buy;17:08:19.115
40.015;1;buy;17:08:19.126
40.015;2;buy;17:08:19.135
40.015;1;buy;17:08:19.152
40.015;1;buy;17:08:19.157
40.015;1;buy;17:08:19.171
40.015;1;buy;17:08:19.176
40.015;1;buy;17:08:19.193
40.015;1;buy;17:08:19.203
40.015;5;buy;17:08:19.212
40.015;8;buy;17:08:19.226
40.015;4;buy;17:08:19.228
40.015;1;buy;17:08:19.232
40.015;1;buy;17:08:19.250
40.015;2;buy;17:08:19.263
40.015;1;buy;17:08:19.299
40.015;2;buy;17:08:19.323
40.015;1;buy;17:08:19.329
40.015;1;buy;17:08:19.350
40.015;8;buy;17:08:19.352
40.015;1;buy;17:08:19.365
40.015;1;buy;17:08:19.366
40.015;1;buy;17:08:19.367
40.015;2;buy;17:08:19.401
40.015;2;buy;17:08:19.421
40.015;1;buy;17:08:19.424
40.015;1;buy;17:08:19.433
40.015;2;buy;17:08:19.436
40.015;1;buy;17:08:19.440
40.015;3;buy;17:08:19.483
40.015;1;buy;17:08:19.490
40.015;1;buy;17:08:19.495
40.015;5;buy;17:08:19.517
40.015;2;buy;17:08:19.542
40.015;2;buy;17:08:19.551
40.015;6;buy;17:08:19.563
40.015;3;buy;17:08:19.577
40.015;1;buy;17:08:19.578
40.015;1;buy;17:08:19.581
40.015;1;buy;17:08:19.601
40.015;1;buy;17:08:19.645
40.015;2;buy;17:08:19.684
40.015;3;buy;17:08:19.689
40.015;1;buy;17:08:19.695
40.015;1;buy;17:08:19.700
40.015;1;buy;17:08:19.708
40.015;1;buy;17:08:19.711
40.015;17;buy;17:08:19.723
40.015;1;buy;17:08:19.728
40.015;1;buy;17:08:19.729
40.015;1;buy;17:08:19.736
40.015;2;buy;17:08:19.741
40.015;1;buy;17:08:19.744
40.015;2;buy;17:08:19.747
40.015;2;buy;17:08:19.768
40.015;1;buy;17:08:19.787
40.015;3;buy;17:08:19.788
40.015;1;buy;17:08:19.820
40.015;1;buy;17:08:19.823
40.015;1;buy;17:08:19.825
40.015;1;buy;17:08:19.828
40.015;2;buy;17:08:19.846
40.015;1;buy;17:08:19.849
40.015;24;buy;17:08:19.861
40.015;3;buy;17:08:19.862
40.015;1;buy;17:08:19.869
40.015;1;buy;17:08:19.880
40.015;1;buy;17:08:19.889
40.015;3;buy;17:08:19.895
40.015;1;buy;17:08:19.921
40.015;1;buy;17:08:19.925
40.015;2;buy;17:08:19.948
40.015;2;buy;17:08:19.949
40.015;1;buy;17:08:19.973
40.015;1;buy;17:08:20.004
40.015;2;buy;17:08:20.021
40.015;4;buy;17:08:20.023
40.015;2;buy;17:08:20.045
40.015;1;buy;17:08:20.053
40.015;1;buy;17:08:20.057
40.015;7;buy;17:08:20.081
40.015;1;buy;17:08:20.084
40.015;1;buy;17:08:20.108
40.015;1;buy;17:08:20.118
40.015;6;buy;17:08:20.139
40.015;1;buy;17:08:20.162
40.015;2;buy;17:08:20.163
40.015;1;buy;17:08:20.167
40.015;1;buy;17:08:20.178
40.015;1;buy;17:08:20.199
40.015;1;buy;17:08:20.227
40.015;10;buy;17:08:20.258
40.015;2;buy;17:08:20.280
40.015;5;buy;17:08:20.283
40.015;1;buy;17:08:20.304
40.015;6;buy;17:08:20.313
40.015;1;buy;17:08:20.327
40.015;1;buy;17:08:20.328
40.015;8;buy;17:08:20.338
40.015;3;buy;17:08:20.342
40.015;3;buy;17:08:20.361
40.015;4;buy;17:08:20.396
40.015;2;buy;17:08:20.400
40.015;2;buy;17:08:20.405
40.015;1;buy;17:08:20.442
40.015;4;buy;17:08:20.449
40.015;1;buy;17:08:20.457
40.015;2;buy;17:08:20.467
40.015;1;buy;17:08:20.483
40.015;1;buy;17:08:20.496
40.015;1;buy;17:08:20.505
40.015;1;buy;17:08:20.508
40.015;1;buy;17:08:20.514
40.015;3;buy;17:08:20.519
40.015;2;buy;17:08:20.529
40.015;1;buy;17:08:20.534
40.015;1;buy;17:08:20.542
40.015;7;buy;17:08:20.547
40.015;2;buy;17:08:20.554
40.015;1;buy;17:08:20.555
40.015;1;buy;17:08:20.571
40.015;1;buy;17:08:20.574
40.015;2;buy;17:08:20.596
40.015;1;buy;17:08:20.605
40.015;1;buy;17:08:20.614
40.015;22;buy;17:08:20.638
40.015;1;buy;17:08:20.643
40.015;1;buy;17:08:20.661
40.015;3;buy;17:08:20.669
40.015;31;buy;17:08:20.672
40.015;1;buy;17:08:20.677
40.015;4;buy;17:08:20.698
40.015;1;buy;17:08:20.702
40.015;3;buy;17:08:20.706
40.015;3;buy;17:08:20.728
40.015;2;buy;17:08:20.732
40.015;1;buy;17:08:20.733
40.015;1;buy;17:08:20.742
40.015;1;buy;17:08:20.788
40.015;1;buy;17:08:20.802
40.015;4;buy;17:08:20.807
40.015;2;buy;17:08:20.818
40.015;9;buy;17:08:20.830
40.015;1;buy;17:08:20.847
40.015;1;buy;17:08:20.868
40.015;2;buy;17:08:20.874
40.015;1;buy;17:08:20.888
40.015;6;buy;17:08:20.983
40.015;1;buy;17:08:20.998
40.015;1;buy;17:08:21.002
40.015;1;buy;17:08:21.005
40.015;1;buy;17:08:21.025
40.015;1;buy;17:08:21.029
40.015;1;buy;17:08:21.030
40.015;1;buy;17:08:21.038
40.015;1;buy;17:08:21.050
40.015;1;buy;17:08:21.076
40.015;1;buy;17:08:21.097
40.015;5;buy;17:08:21.104
40.015;1;buy;17:08:21.106
40.015;1;buy;17:08:21.110
40.015;2;buy;17:08:21.112
40.015;1;buy;17:08:21.142
40.01;2;buy;17:08:21.160
40.01;1;buy;17:08:21.181
40.01;1;buy;17:08:21.185
40.01;1;buy;17:08:21.202
40.01;1;buy;17:08:21.217
40.01;1;buy;17:08:21.228
40.01;3;buy;17:08:21.231
40.01;1;buy;17:08:21.252
40.01;5;buy;17:08:21.262
40.01;1;buy;17:08:21.271
40.01;1;buy;17:08:21.291
40.01;1;buy;17:08:21.305
40.01;1;buy;17:08:21.329
40.01;1;buy;17:08:21.351
40.01;2;buy;17:08:21.384
40.01;1;buy;17:08:21.419
40.01;1;buy;17:08:21.445
40.01;1;buy;17:08:21.450
40.01;3;buy;17:08:21.452
40.01;1;buy;17:08:21.455
40.01;1;buy;17:08:21.457
40.01;2;buy;17:08:21.476
40.01;1;buy;17:08:21.486
40.01;15;buy;17:08:21.492
40.01;4;buy;17:08:21.506
40.01;1;buy;17:08:21.510
40.01;2;buy;17:08:21.545
40.01;7;buy;17:08:21.549
40.01;1;buy;17:08:21.553
40.01;2;buy;17:08:21.554
40.01;1;buy;17:08:21.566
40.01;3;buy;17:08:21.569
40.01;2;buy;17:08:21.583
40.01;1;buy;17:08:21.598
40.01;1;buy;17:08:21.602
40.01;4;buy;17:08:21.610
40.01;1;buy;17:08:21.622
40.01;50;buy;17:08:21.634
40.01;1;buy;17:08:21.643
40.01;2;buy;17:08:21.644
40.01;5;buy;17:08:21.645
40.01;1;buy;17:08:21.662
40.01;1;buy;17:08:21.670
40.01;6;buy;17:08:21.671
40.01;1;buy;17:08:21.685
40.01;1;buy;17:08:21.715
40.0;105;sell;17:08:21.721
40.005;15;buy;17:08:21.721
40.005;5;buy;17:08:21.733
40.005;8;buy;17:08:21.762
40.005;1;buy;17:08:21.780
40.005;2;buy;17:08:21.794
40.005;1;buy;17:08:21.815
40.005;2;buy;17:08:21.821
40.005;3;buy;17:08:21.822
40.005;1;buy;17:08:21.823
40.005;1;buy;17:08:21.837
40.005;1;buy;17:08:21.859
40.005;1;buy;17:08:21.860
40.005;1;buy;17:08:21.882
40.005;4;buy;17:08:21.888
40.005;1;buy;17:08:21.906
40.005;1;buy;17:08:21.919
40.005;2;buy;17:08:21.926
40.005;1;buy;17:08:21.946
40.005;3;buy;17:08:21.962
40.005;2;buy;17:08:21.963
40.005;4;buy;17:08:21.969
40.005;1;buy;17:08:22.028
40.005;1;buy;17:08:22.043
40.005;2;buy;17:08:22.049
40.005;2;buy;17:08:22.069
40.005;1;buy;17:08:22.090
40.005;4;buy;17:08:22.099
40.005;1;buy;17:08:22.118
40.005;1;buy;17:08:22.140
40.005;2;buy;17:08:22.154
40.005;1;buy;17:08:22.155
40.005;1;buy;17:08:22.196
40.005;3;buy;17:08:22.202
40.005;1;buy;17:08:22.218
40.005;1;buy;17:08:22.220
40.005;1;buy;17:08:22.236
40.005;2;buy;17:08:22.237
40.005;1;buy;17:08:22.263
40.005;1;buy;17:08:22.264
40.005;3;buy;17:08:22.270
40.005;4;buy;17:08:22.280
40.005;2;buy;17:08:22.289
40.005;1;buy;17:08:22.308
40.005;2;buy;17:08:22.313
40.005;1;buy;17:08:22.314
40.005;3;buy;17:08:22.325
40.005;1;buy;17:08:22.350
40.005;1;buy;17:08:22.359
40.005;1;buy;17:08:22.365
40.005;27;buy;17:08:22.367
40.005;8;buy;17:08:22.378
40.005;1;buy;17:08:22.390
40.005;1;buy;17:08:22.392
40.005;3;buy;17:08:22.413
40.005;1;buy;17:08:22.415
40.005;1;buy;17:08:22.419
40.005;1;buy;17:08:22.423
40.005;1;buy;17:08:22.427
40.005;1;buy;17:08:22.446
40.005;1;buy;17:08:22.458
40.005;1;buy;17:08:22.461
40.005;2;buy;17:08:22.477
40.005;1;buy;17:08:22.488
40.005;1;buy;17:08:22.502
40.005;4;buy;17:08:22.513
40.005;1;buy;17:08:22.529
40.005;1;buy;17:08:22.535
40.005;1;buy;17:08:22.536
40.005;1;buy;17:08:22.553
40.005;1;buy;17:08:22.567
40.005;1;buy;17:08:22.622
40.005;2;buy;17:08:22.636
40.005;1;buy;17:08:22.637
40.005;1;buy;17:08:22.644
40.005;1;buy;17:08:22.660
40.005;1;buy;17:08:22.677
40.005;1;buy;17:08:22.699
40.005;2;buy;17:08:22.706
40.005;1;buy;17:08:22.711
40.005;1;buy;17:08:22.742
40.005;2;buy;17:08:22.751
40.0;82;sell;17:08:22.753
40.005;1;buy;17:08:22.767
40.005;2;buy;17:08:22.774
40.005;2;buy;17:08:22.815
40.005;2;buy;17:08:22.816
40.005;1;buy;17:08:22.827
40.005;1;buy;17:08:22.832
40.005;1;buy;17:08:22.843
40.005;1;buy;17:08:22.850
40.005;7;buy;17:08:22.856
40.005;1;buy;17:08:22.861
40.005;1;buy;17:08:22.865
40.005;3;buy;17:08:22.890
40.0;128;sell;17:08:22.892
40.005;4;buy;17:08:22.932
40.005;3;buy;17:08:22.939
40.005;7;buy;17:08:22.944
40.005;2;buy;17:08:22.959
40.005;1;buy;17:08:22.971
40.005;1;buy;17:08:22.974
40.005;1;buy;17:08:22.976
40.005;27;buy;17:08:23.016
40.005;8;buy;17:08:23.019
40.005;1;buy;17:08:23.037
40.005;1;buy;17:08:23.089
40.005;1;buy;17:08:23.095
40.005;3;buy;17:08:23.098
40.005;2;buy;17:08:23.129
40.005;1;buy;17:08:23.130
40.005;1;buy;17:08:23.133
40.005;1;buy;17:08:23.149
40.005;2;buy;17:08:23.204
40.005;1;buy;17:08:23.212
40.005;1;buy;17:08:23.235
40.005;1;buy;17:08:23.244
40.005;1;buy;17:08:23.251
40.005;1;buy;17:08:23.258
40.005;1;buy;17:08:23.273
40.005;2;buy;17:08:23.294
40.005;2;buy;17:08:23.301
40.005;1;buy;17:08:23.302
40.005;4;buy;17:08:23.397
40.005;1;buy;17:08:23.408
40.005;2;buy;17:08:23.415
40.005;1;buy;17:08:23.416
40.005;1;buy;17:08:23.422
40.005;1;buy;17:08:23.423
40.005;1;buy;17:08:23.436
40.005;1;buy;17:08:23.438
40.005;3;buy;17:08:23.460
40.005;2;buy;17:08:23.462
40.005;7;buy;17:08:23.466
40.005;1;buy;17:08:23.475
40.005;1;buy;17:08:23.478
40.005;1;buy;17:08:23.484
40.005;3;buy;17:08:23.498
40.005;1;buy;17:08:23.502
40.005;1;buy;17:08:23.518
40.005;1;buy;17:08:23.524
40.005;1;buy;17:08:23.526
40.005;3;buy;17:08:23.534
40.005;2;buy;17:08:23.549
40.005;1;buy;17:08:23.561
40.005;1;buy;17:08:23.583
40.005;4;buy;17:08:23.585
40.005;2;buy;17:08:23.605
40.005;1;buy;17:08:23.628
40.005;1;buy;17:08:23.645
40.005;1;buy;17:08:23.674
40.005;1;buy;17:08:23.687
40.005;2;buy;17:08:23.689
40.005;1;buy;17:08:23.691
40.005;1;buy;17:08:23.693
40.005;1;buy;17:08:23.706
40.005;1;buy;17:08:23.733
40.005;1;buy;17:08:23.743
40.005;1;buy;17:08:23.755
40.005;2;buy;17:08:23.759
40.005;8;buy;17:08:23.767
40.005;3;buy;17:08:23.784
40.005;1;buy;17:08:23.791
40.005;1;buy;17:08:23.799
40.005;1;buy;17:08:23.829
40.005;2;buy;17:08:23.830
40.005;1;buy;17:08:23.831
40.005;2;buy;17:08:23.835
40.005;1;buy;17:08:23.845
40.005;1;buy;17:08:23.855
40.005;1;buy;17:08:23.884
40.005;1;buy;17:08:23.906
40.005;3;buy;17:08:23.909
40.005;2;buy;17:08:23.928
40.005;1;buy;17:08:23.934
40.005;2;buy;17:08:23.949
40.005;1;buy;17:08:23.959
40.005;1;buy;17:08:23.961
40.005;1;buy;17:08:23.969
40.005;2;buy;17:08:23.985
40.005;1;buy;17:08:23.991
40.005;1;buy;17:08:24.054
40.005;2;buy;17:08:24.055
40.005;1;buy;17:08:24.066
40.005;1;buy;17:08:24.072
40.005;5;buy;17:08:24.087
40.005;1;buy;17:08:24.099
40.005;2;buy;17:08:24.105
40.005;1;buy;17:08:24.106
40.005;1;buy;17:08:24.120
40.005;1;buy;17:08:24.131
40.005;3;buy;17:08:24.146
40.005;1;buy;17:08:24.159
40.005;1;buy;17:08:24.174
40.005;2;buy;17:08:24.208
40.005;2;buy;17:08:24.270
40.005;1;buy;17:08:24.271
40.005;1;buy;17:08:24.286
40.005;2;buy;17:08:24.292
40.005;1;buy;17:08:24.307
40.005;1;buy;17:08:24.319
40.005;1;buy;17:08:24.342
40.005;3;buy;17:08:24.353
40.005;2;buy;17:08:24.355
40.005;5;buy;17:08:24.372
40.005;5;buy;17:08:24.377
40.005;2;buy;17:08:24.381
40.005;1;buy;17:08:24.421
40.005;1;buy;17:08:24.449
40.005;1;buy;17:08:24.478
40.005;1;buy;17:08:24.490
40.005;3;buy;17:08:24.492
40.005;4;buy;17:08:24.493
40.005;1;buy;17:08:24.518
40.005;2;buy;17:08:24.522
40.005;5;buy;17:08:24.548
40.005;1;buy;17:08:24.576
40.005;10;buy;17:08:24.608
40.005;1;buy;17:08:24.633
40.005;1;buy;17:08:24.642
40.005;1;buy;17:08:24.649
40.005;3;buy;17:08:24.657
40.005;1;buy;17:08:24.672
40.005;1;buy;17:08:24.689
40.005;1;buy;17:08:24.725
40.005;2;buy;17:08:24.726
40.005;2;buy;17:08:24.750
40.005;6;buy;17:08:24.751
40.005;1;buy;17:08:24.767
40.005;1;buy;17:08:24.780
40.005;1;buy;17:08:24.782
40.005;5;buy;17:08:24.787
40.005;4;buy;17:08:24.803
40.005;4;buy;17:08:24.833
40.005;1;buy;17:08:24.850
40.005;4;buy;17:08:24.859
40.005;1;buy;17:08:24.873
40.005;3;buy;17:08:24.886
40.005;1;buy;17:08:24.888
40.005;1;buy;17:08:24.890
40.005;1;buy;17:08:24.891
40.005;3;buy;17:08:24.919
40.005;1;buy;17:08:24.921
40.005;7;buy;17:08:24.930
40.005;3;buy;17:08:24.944
40.005;2;buy;17:08:24.963
40.005;3;buy;17:08:24.990
40.005;1;buy;17:08:25.007
40.005;1;buy;17:08:25.023
40.005;1;buy;17:08:25.024
40.005;1;buy;17:08:25.051
40.005;1;buy;17:08:25.061
40.005;1;buy;17:08:25.062
40.005;5;buy;17:08:25.092
40.005;1;buy;17:08:25.096
40.005;1;buy;17:08:25.110
40.005;1;buy;17:08:25.123
40.005;1;buy;17:08:25.125
40.005;1;buy;17:08:25.132
40.005;1;buy;17:08:25.133
40.005;1;buy;17:08:25.134
40.005;1;buy;17:08:25.137
40.005;3;buy;17:08:25.176
40.005;3;buy;17:08:25.177
40.005;11;buy;17:08:25.187
40.005;1;buy;17:08:25.192
40.005;6;buy;17:08:25.233
40.005;1;buy;17:08:25.235
40.005;1;buy;17:08:25.240
40.01;1;buy;17:08:25.269
40.01;3;buy;17:08:25.286
40.01;1;buy;17:08:25.337
40.01;7;buy;17:08:25.346
40.01;1;buy;17:08:25.347
40.01;1;buy;17:08:25.357
40.01;1;buy;17:08:25.395
40.01;2;buy;17:08:25.441
40.01;7;buy;17:08:25.446
40.01;4;buy;17:08:25.462
40.01;85;buy;17:08:25.474
40.01;1;buy;17:08:25.481
40.01;1;buy;17:08:25.482
40.01;1;buy;17:08:25.487
40.01;1;buy;17:08:25.497
40.01;1;buy;17:08:25.503
40.01;1;buy;17:08:25.516
40.01;1;buy;17:08:25.527
40.01;2;buy;17:08:25.558
40.01;1;buy;17:08:25.566
40.01;1;buy;17:08:25.587
40.01;53;buy;17:08:25.589
40.01;1;buy;17:08:25.605
40.01;2;buy;17:08:25.612
40.01;3;buy;17:08:25.617
40.01;4;buy;17:08:25.620
40.01;2;buy;17:08:25.623
40.01;1;buy;17:08:25.644
40.01;2;buy;17:08:25.652
40.01;2;buy;17:08:25.659
40.01;1;buy;17:08:25.668
40.01;1;buy;17:08:25.674
40.01;1;buy;17:08:25.675
40.01;1;buy;17:08:25.688
40.01;5;buy;17:08:25.704
40.01;1;buy;17:08:25.714
40.01;5;buy;17:08:25.717
40.01;3;buy;17:08:25.738
40.01;1;buy;17:08:25.758
40.01;5;buy;17:08:25.769
40.01;9;buy;17:08:25.771
40.01;10;buy;17:08:25.791
40.01;1;buy;17:08:25.807
40.01;1;buy;17:08:25.829
40.01;3;buy;17:08:25.835
40.01;1;buy;17:08:25.854
40.01;1;buy;17:08:25.857
40.01;1;buy;17:08:25.870
40.01;1;buy;17:08:25.883
40.01;2;buy;17:08:25.884
40.01;2;buy;17:08:25.897
40.01;1;buy;17:08:25.899
40.01;1;buy;17:08:25.915
40.01;2;buy;17:08:25.917
40.01;1;buy;17:08:25.945
40.01;1;buy;17:08:25.968
40.01;2;buy;17:08:25.977
40.01;3;buy;17:08:25.980
40.01;1;buy;17:08:25.984
40.01;1;buy;17:08:25.997
40.01;1;buy;17:08:26.006
40.01;1;buy;17:08:26.027
40.01;1;buy;17:08:26.053
40.01;2;buy;17:08:26.069
40.01;1;buy;17:08:26.159
40.01;4;buy;17:08:26.180
40.01;1;buy;17:08:26.181
40.01;1;buy;17:08:26.199
40.01;3;buy;17:08:26.201
40.01;3;buy;17:08:26.211
40.01;1;buy;17:08:26.228
40.01;1;buy;17:08:26.232
40.01;1;buy;17:08:26.241
40.01;1;buy;17:08:26.251
40.01;1;buy;17:08:26.254
40.01;1;buy;17:08:26.276
40.01;2;buy;17:08:26.282
40.01;2;buy;17:08:26.294
40.01;2;buy;17:08:26.362
40.01;1;buy;17:08:26.363
40.01;4;buy;17:08:26.366
40.01;1;buy;17:08:26.371
40.01;1;buy;17:08:26.375
40.01;1;buy;17:08:26.379
40.01;1;buy;17:08:26.406
40.01;1;buy;17:08:26.440
40.01;4;buy;17:08:26.444
40.01;1;buy;17:08:26.455
40.01;3;buy;17:08:26.461
40.01;2;buy;17:08:26.463
40.01;10;buy;17:08:26.470
40.01;1;buy;17:08:26.478
40.01;2;buy;17:08:26.495
40.01;1;buy;17:08:26.502
40.01;5;buy;17:08:26.524
40.01;1;buy;17:08:26.533
40.01;1;buy;17:08:26.557
40.01;4;buy;17:08:26.568
40.01;1;buy;17:08:26.569
40.01;1;buy;17:08:26.583
40.01;1;buy;17:08:26.621
40.01;3;buy;17:08:26.623
40.01;1;buy;17:08:26.663
40.01;1;buy;17:08:26.675
40.01;1;buy;17:08:26.689
40.01;2;buy;17:08:26.705
40.01;2;buy;17:08:26.720
40.01;1;buy;17:08:26.727
40.01;4;buy;17:08:26.728
40.01;3;buy;17:08:26.738
40.01;1;buy;17:08:26.757
40.01;2;buy;17:08:26.765
40.01;1;buy;17:08:26.789
40.01;8;buy;17:08:26.796
40.01;1;buy;17:08:26.808
40.01;2;buy;17:08:26.817
40.01;2;buy;17:08:26.847
40.01;3;buy;17:08:26.850
40.01;1;buy;17:08:26.854
40.01;5;buy;17:08:26.864
40.01;2;buy;17:08:26.897
40.01;1;buy;17:08:26.916
40.01;1;buy;17:08:26.938
40.01;7;buy;17:08:26.955
40.01;1;buy;17:08:26.957
40.01;3;buy;17:08:26.966
40.01;1;buy;17:08:26.995
40.01;1;buy;17:08:26.999
40.01;4;buy;17:08:27.003
40.01;1;buy;17:08:27.007
40.01;1;buy;17:08:27.070
40.01;3;buy;17:08:27.072
40.01;2;buy;17:08:27.077
40.01;4;buy;17:08:27.109
40.01;4;buy;17:08:27.142
40.01;1;buy;17:08:27.195
40.01;1;buy;17:08:27.202
40.01;2;buy;17:08:27.204
40.01;3;buy;17:08:27.207
40.005;2;buy;17:08:27.235
40.005;1;buy;17:08:27.245
40.005;1;buy;17:08:27.264
40.005;1;buy;17:08:27.301
40.005;4;buy;17:08:27.303
40.005;4;buy;17:08:27.314
40.005;1;buy;17:08:27.335
40.005;1;buy;17:08:27.338
40.005;1;buy;17:08:27.343
40.005;1;buy;17:08:27.351
40.005;2;buy;17:08:27.355
40.005;1;buy;17:08:27.367
40.005;1;buy;17:08:27.392
40.005;1;buy;17:08:27.403
40.005;1;buy;17:08:27.410
40.005;1;buy;17:08:27.411
40.005;5;buy;17:08:27.421
40.005;1;buy;17:08:27.426
40.005;2;buy;17:08:27.436
40.005;1;buy;17:08:27.468
40.005;41;buy;17:08:27.472
40.005;1;buy;17:08:27.496
40.005;1;buy;17:08:27.507
40.005;1;buy;17:08:27.523
40.005;5;buy;17:08:27.525
40.005;1;buy;17:08:27.528
40.005;2;buy;17:08:27.556
40.005;2;buy;17:08:27.565
40.005;1;buy;17:08:27.567
40.005;1;buy;17:08:27.570
40.005;3;buy;17:08:27.585
40.005;1;buy;17:08:27.607
40.005;1;buy;17:08:27.623
40.005;3;buy;17:08:27.632
40.005;1;buy;17:08:27.643
40.005;1;buy;17:08:27.656
40.005;6;buy;17:08:27.679
40.005;1;buy;17:08:27.692
40.005;1;buy;17:08:27.701
40.005;1;buy;17:08:27.722
40.005;2;buy;17:08:27.752
40.005;1;buy;17:08:27.755
40.005;1;buy;17:08:27.768
40.005;2;buy;17:08:27.792
40.005;1;buy;17:08:27.795
40.005;1;buy;17:08:27.820
40.005;1;buy;17:08:27.825
40.005;1;buy;17:08:27.827
40.005;2;buy;17:08:27.830
40.005;1;buy;17:08:27.845
40.005;1;buy;17:08:27.865
40.005;1;buy;17:08:27.869
40.005;3;buy;17:08:27.877
40.005;24;buy;17:08:27.908
40.005;2;buy;17:08:27.913
40.005;1;buy;17:08:27.914
40.005;1;buy;17:08:27.929
40.005;4;buy;17:08:27.944
40.005;1;buy;17:08:27.972
40.005;2;buy;17:08:27.973
40.005;1;buy;17:08:27.986
40.005;1;buy;17:08:27.997
40.005;2;buy;17:08:27.998
40.005;3;buy;17:08:28.001
40.005;4;buy;17:08:28.042
40.005;6;buy;17:08:28.057
40.005;1;buy;17:08:28.074
40.005;12;buy;17:08:28.128
40.005;1;buy;17:08:28.175
40.005;5;buy;17:08:28.179
40.005;1;buy;17:08:28.187
40.005;2;buy;17:08:28.228
40.005;25;buy;17:08:28.254
40.005;2;buy;17:08:28.263
40.005;3;buy;17:08:28.268
40.005;1;buy;17:08:28.269
40.005;1;buy;17:08:28.274
40.005;2;buy;17:08:28.275
40.005;1;buy;17:08:28.277
40.005;2;buy;17:08:28.339
40.005;1;buy;17:08:28.341
40.005;1;buy;17:08:28.348
40.01;1;buy;17:08:28.405
40.01;4;buy;17:08:28.408
40.01;5;buy;17:08:28.420
40.01;1;buy;17:08:28.451
40.01;2;buy;17:08:28.464
40.01;1;buy;17:08:28.483
40.01;5;buy;17:08:28.498
40.01;1;buy;17:08:28.519
40.01;2;buy;17:08:28.537
40.01;5;buy;17:08:28.552
40.01;4;buy;17:08:28.563
40.01;1;buy;17:08:28.571
40.01;1;buy;17:08:28.592
40.01;1;buy;17:08:28.598
40.01;1;buy;17:08:28.611
40.01;1;buy;17:08:28.612
40.01;1;buy;17:08:28.615
40.01;2;buy;17:08:28.640
40.01;1;buy;17:08:28.647
40.01;1;buy;17:08:28.674
40.01;1;buy;17:08:28.685
40.01;1;buy;17:08:28.687
40.005;3;buy;17:08:28.706
40.005;2;buy;17:08:28.740
40.005;2;buy;17:08:28.741
40.005;3;buy;17:08:28.793
40.005;17;buy;17:08:28.805
40.01;1;buy;17:08:28.814
40.01;1;buy;17:08:28.838
40.01;5;buy;17:08:28.857
40.01;91;buy;17:08:28.860
40.01;5;buy;17:08:28.864
40.01;1;buy;17:08:28.865
40.01;1;buy;17:08:28.906
40.01;1;buy;17:08:28.919
40.01;1;buy;17:08:28.934
40.01;1;buy;17:08:28.942
40.01;1;buy;17:08:28.946
40.01;5;buy;17:08:28.984
40.01;1;buy;17:08:29.004
40.01;1;buy;17:08:29.019
40.01;5;buy;17:08:29.032
40.01;8;buy;17:08:29.043
40.01;1;buy;17:08:29.058
40.01;1;buy;17:08:29.060
40.01;2;buy;17:08:29.068
40.01;1;buy;17:08:29.128
40.01;15;buy;17:08:29.147
40.01;1;buy;17:08:29.164
40.01;1;buy;17:08:29.197
40.01;1;buy;17:08:29.205
40.01;1;buy;17:08:29.210
40.01;9;buy;17:08:29.233
40.01;1;buy;17:08:29.255
40.01;1;buy;17:08:29.256
40.01;7;buy;17:08:29.268
40.01;1;buy;17:08:29.283
40.01;2;buy;17:08:29.327
40.01;1;buy;17:08:29.328
40.01;1;buy;17:08:29.335
40.01;2;buy;17:08:29.338
40.01;2;buy;17:08:29.345
40.01;20;buy;17:08:29.355
40.01;1;buy;17:08:29.356
40.01;1;buy;17:08:29.359
40.01;1;buy;17:08:29.361
40.01;1;buy;17:08:29.379
40.01;2;buy;17:08:29.381
40.01;1;buy;17:08:29.384
40.01;1;buy;17:08:29.419
40.01;1;buy;17:08:29.421
40.01;1;buy;17:08:29.424
40.01;2;buy;17:08:29.442
40.01;2;buy;17:08:29.462
40.01;1;buy;17:08:29.465
40.01;1;buy;17:08:29.488
40.01;2;buy;17:08:29.495
40.01;1;buy;17:08:29.496
40.01;1;buy;17:08:29.501
40.01;1;buy;17:08:29.502
40.01;1;buy;17:08:29.511
40.01;3;buy;17:08:29.522
40.01;2;buy;17:08:29.546
40.01;2;buy;17:08:29.556
40.01;1;buy;17:08:29.578
40.01;15;buy;17:08:29.592
40.015;2;buy;17:08:29.611
40.01;1;buy;17:08:29.670
40.01;1;buy;17:08:29.673
40.01;2;buy;17:08:29.677
40.01;5;buy;17:08:29.679
40.01;1;buy;17:08:29.685
40.01;1;buy;17:08:29.687
40.01;4;buy;17:08:29.692
40.01;2;buy;17:08:29.696
40.01;1;buy;17:08:29.702
40.01;1;buy;17:08:29.708
40.015;1;buy;17:08:29.727
40.015;1;buy;17:08:29.762
40.015;7;buy;17:08:29.775
40.015;5;buy;17:08:29.787
40.015;11;buy;17:08:29.815
40.015;1;buy;17:08:29.830
40.015;13;buy;17:08:29.855
40.015;1;buy;17:08:29.859
40.015;3;buy;17:08:29.870
40.015;1;buy;17:08:29.872
40.015;1;buy;17:08:29.877
40.015;5;buy;17:08:29.885
40.015;1;buy;17:08:29.894
40.015;7;buy;17:08:29.921
40.015;1;buy;17:08:29.944
40.015;1;buy;17:08:29.957
40.015;10;buy;17:08:29.989
40.015;8;buy;17:08:29.990
40.015;1;buy;17:08:30.022
40.015;5;buy;17:08:30.035
40.015;3;buy;17:08:30.048
40.015;1;buy;17:08:30.052
40.015;11;buy;17:08:30.054
40.015;4;buy;17:08:30.061
40.015;2;buy;17:08:30.077
40.015;1;buy;17:08:30.085
40.015;1;buy;17:08:30.089
40.015;2;buy;17:08:30.114
40.015;3;buy;17:08:30.120
40.015;2;buy;17:08:30.140
40.015;4;buy;17:08:30.143
40.015;6;buy;17:08:30.150
40.015;1;buy;17:08:30.170
40.02;1;buy;17:08:30.204
40.02;1;buy;17:08:30.211
40.02;1;buy;17:08:30.213
40.02;3;buy;17:08:30.215
40.02;1;buy;17:08:30.241
40.02;1;buy;17:08:30.250
40.02;1;buy;17:08:30.258
40.02;21;buy;17:08:30.272
40.02;4;buy;17:08:30.276
40.02;1;buy;17:08:30.301
40.02;62;buy;17:08:30.304
40.02;1;buy;17:08:30.306
40.02;1;buy;17:08:30.341
40.02;1;buy;17:08:30.345
40.02;2;buy;17:08:30.351
40.02;1;buy;17:08:30.361
40.02;4;buy;17:08:30.364
40.02;1;buy;17:08:30.373
40.02;1;buy;17:08:30.378
40.015;2;buy;17:08:30.382
40.015;2;buy;17:08:30.409
40.015;1;buy;17:08:30.421
40.015;3;buy;17:08:30.425
40.015;1;buy;17:08:30.434
40.015;1;buy;17:08:30.440
40.015;1;buy;17:08:30.456
40.015;2;buy;17:08:30.494
40.015;3;buy;17:08:30.498
40.015;1;buy;17:08:30.530
40.015;1;buy;17:08:30.552
40.015;3;buy;17:08:30.561
40.015;1;buy;17:08:30.565
40.015;15;buy;17:08:30.570
40.015;1;buy;17:08:30.572
40.02;1;buy;17:08:30.573
40.02;3;buy;17:08:30.589
40.02;1;buy;17:08:30.594
40.015;1;buy;17:08:30.601
40.015;1;buy;17:08:30.603
40.015;7;buy;17:08:30.618
40.015;3;buy;17:08:30.619
40.02;1;buy;17:08:30.635
40.02;1;buy;17:08:30.641
40.02;1;buy;17:08:30.710
40.02;5;buy;17:08:30.726
40.02;1;buy;17:08:30.730
40.02;3;buy;17:08:30.763
40.02;4;buy;17:08:30.793
40.02;1;buy;17:08:30.808
40.02;1;buy;17:08:30.811
40.02;1;buy;17:08:30.824
40.02;1;buy;17:08:30.828
40.02;1;buy;17:08:30.840
40.02;1;buy;17:08:30.892
40.02;1;buy;17:08:30.894
40.02;49;buy;17:08:30.896
40.025;15;buy;17:08:30.899
40.025;1;buy;17:08:30.900
40.025;2;buy;17:08:30.915
40.025;1;buy;17:08:30.919
40.025;1;buy;17:08:30.921
40.025;1;buy;17:08:30.927
40.025;1;buy;17:08:30.929
40.025;46;buy;17:08:30.938
40.025;1;buy;17:08:30.954
40.025;1;buy;17:08:30.967
40.025;3;buy;17:08:30.969
40.025;1;buy;17:08:30.976
40.025;1;buy;17:08:30.982
40.025;4;buy;17:08:30.999
40.025;1;buy;17:08:31.002
40.025;1;buy;17:08:31.018
40.025;1;buy;17:08:31.025
40.025;3;buy;17:08:31.026
40.025;3;buy;17:08:31.043
40.025;3;buy;17:08:31.050
40.02;4;buy;17:08:31.115
40.02;4;buy;17:08:31.117
40.02;1;buy;17:08:31.202
40.025;1;buy;17:08:31.210
40.025;1;buy;17:08:31.239
40.025;1;buy;17:08:31.241
40.025;180;buy;17:08:31.242
40.025;8;buy;17:08:31.245
40.025;1;buy;17:08:31.246
40.025;1;buy;17:08:31.267
40.025;1;buy;17:08:31.304
40.015;3;buy;17:08:31.402
40.015;2;buy;17:08:31.406
40.015;1;buy;17:08:31.411
40.015;1;buy;17:08:31.433
40.02;1;buy;17:08:31.444
40.02;2;buy;17:08:31.477
40.02;2;buy;17:08:31.492
40.02;56;buy;17:08:31.495
40.02;1;buy;17:08:31.515
40.02;2;buy;17:08:31.518
40.025;1;buy;17:08:31.561
40.025;1;buy;17:08:31.589
40.025;1;buy;17:08:31.594
40.025;1;buy;17:08:31.595
40.025;3;buy;17:08:31.597
40.025;1;buy;17:08:31.599
40.025;1;buy;17:08:31.631
40.025;1;buy;17:08:31.643
40.025;2;buy;17:08:31.655
40.025;1;buy;17:08:31.667
40.025;3;buy;17:08:31.676
40.025;3;buy;17:08:31.686
40.02;1;buy;17:08:31.707
40.025;4;buy;17:08:31.720
40.025;6;buy;17:08:31.732
40.025;1;buy;17:08:31.742
40.025;2;buy;17:08:31.764
40.025;11;buy;17:08:31.774
40.025;1;buy;17:08:31.781
40.025;1;buy;17:08:31.797
40.025;1;buy;17:08:31.805
40.025;1;buy;17:08:31.819
40.025;4;buy;17:08:31.837
40.025;1;buy;17:08:31.855
40.025;1;buy;17:08:31.878
40.025;1;buy;17:08:31.880
40.025;4;buy;17:08:31.895
40.025;2;buy;17:08:31.898
40.025;1;buy;17:08:31.904
40.025;1;buy;17:08:31.972
40.025;2;buy;17:08:31.973
40.025;2;buy;17:08:31.993
40.025;1;buy;17:08:32.002
40.025;1;buy;17:08:32.006
40.025;2;buy;17:08:32.020
40.025;2;buy;17:08:32.023
40.025;87;buy;17:08:32.043
40.025;6;buy;17:08:32.062
40.02;2;buy;17:08:32.093
40.025;1;buy;17:08:32.112
40.025;1;buy;17:08:32.118
40.025;1;buy;17:08:32.128
40.025;1;buy;17:08:32.138
40.025;3;buy;17:08:32.140
40.025;1;buy;17:08:32.149
40.025;6;buy;17:08:32.206
40.025;26;buy;17:08:32.261
40.025;2;buy;17:08:32.268
40.025;1;buy;17:08:32.285
40.025;1;buy;17:08:32.299
40.025;1;buy;17:08:32.301
40.025;1;buy;17:08:32.303
40.025;1;buy;17:08:32.364
40.025;1;buy;17:08:32.365
40.025;1;buy;17:08:32.398
40.025;1;buy;17:08:32.447
40.025;1;buy;17:08:32.469
40.025;4;buy;17:08:32.510
40.025;1;buy;17:08:32.526
40.025;3;buy;17:08:32.571
40.025;1;buy;17:08:32.592
40.025;2;buy;17:08:32.593
40.025;1;buy;17:08:32.621
40.025;1;buy;17:08:32.625
40.025;4;buy;17:08:32.629
40.025;4;buy;17:08:32.636
40.025;6;buy;17:08:32.651
40.025;3;buy;17:08:32.654
40.025;1;buy;17:08:32.673
40.025;1;buy;17:08:32.690
40.025;27;buy;17:08:32.729
40.025;1;buy;17:08:32.739
40.025;1;buy;17:08:32.756
40.025;1;buy;17:08:32.766
40.025;2;buy;17:08:32.785
40.025;1;buy;17:08:32.801
40.025;1;buy;17:08:32.820
40.025;5;buy;17:08:32.834
40.025;1;buy;17:08:32.846
40.025;1;buy;17:08:32.863
40.025;1;buy;17:08:33.004
40.025;2;buy;17:08:33.049
40.025;3;buy;17:08:33.103
40.025;2;buy;17:08:33.142
40.025;3;buy;17:08:33.208
40.025;1;buy;17:08:33.210
40.025;1;buy;17:08:33.259
40.025;2;buy;17:08:33.265
40.025;1;buy;17:08:33.293
40.025;1;buy;17:08:33.298
40.025;1;buy;17:08:33.321
40.025;1;buy;17:08:33.326
40.025;1;buy;17:08:33.335
40.025;5;buy;17:08:33.340
40.025;26;buy;17:08:33.377
40.025;4;buy;17:08:33.378
40.025;1;buy;17:08:33.394
40.025;7;buy;17:08:33.414
40.025;2;buy;17:08:33.423
40.025;1;buy;17:08:33.439
40.025;1;buy;17:08:33.461
40.025;2;buy;17:08:33.470
40.025;1;buy;17:08:33.475
40.025;1;buy;17:08:33.498
40.025;1;buy;17:08:33.509
40.025;2;buy;17:08:33.515
40.025;1;buy;17:08:33.525
40.025;1;buy;17:08:33.528
40.025;1;buy;17:08:33.589
40.025;1;buy;17:08:33.603
40.025;5;buy;17:08:33.616
40.025;10;buy;17:08:33.621
40.025;3;buy;17:08:33.629
40.025;1;buy;17:08:33.649
40.025;3;buy;17:08:33.673
40.025;5;buy;17:08:33.708
40.025;1;buy;17:08:33.783
40.025;1;buy;17:08:33.790
40.025;1;buy;17:08:33.794
40.025;2;buy;17:08:33.795
40.025;1;buy;17:08:33.803
40.025;1;buy;17:08:33.830
40.025;1;buy;17:08:33.862
40.025;2;buy;17:08:33.875
40.025;12;buy;17:08:33.879
40.025;18;buy;17:08:34.304
40.025;3;buy;17:08:34.321
40.025;1;buy;17:08:34.373
40.025;1;buy;17:08:34.396
40.02;1;buy;17:08:34.474
40.02;1;buy;17:08:34.492
40.02;3;buy;17:08:34.500
40.02;1;buy;17:08:34.504
40.02;2;buy;17:08:34.541
40.02;1;buy;17:08:34.548
40.02;1;buy;17:08:34.588
40.02;1;buy;17:08:34.611
40.02;1;buy;17:08:34.717
40.02;1;buy;17:08:34.787
40.02;1;buy;17:08:35.082
40.02;2;buy;17:08:35.205
40.02;1;buy;17:08:35.216
40.02;1;buy;17:08:35.239
40.02;2;buy;17:08:35.325
40.02;1;buy;17:08:36.319
40.02;1;buy;17:08:36.809
40.0;14;sell;17:08:37.408
40.015;27;buy;17:08:44.379
40.015;27;buy;17:08:55.383
40.015;7;buy;17:08:55.470
40.015;4;buy;17:08:55.570
40.015;35;buy;17:08:55.571
40.02;2;buy;17:08:55.871
40.02;96;buy;17:08:59.751
40.005;245;sell;17:09:00.520
40.01;387;buy;17:09:06.009
40.015;27;buy;17:09:06.387
40.015;4;buy;17:09:09.399
40.015;27;buy;17:09:17.391
40.015;3;sell;17:09:22.736
40.015;13;sell;17:09:23.648
40.015;28;sell;17:09:24.802
40.02;27;buy;17:09:28.400
40.025;1;buy;17:09:31.529
40.015;50;sell;17:09:35.473
40.025;440;buy;17:09:37.871
40.03;27;buy;17:09:39.388
40.03;223;buy;17:09:41.874
40.025;636;buy;17:09:43.736
40.03;130;buy;17:09:47.514
40.03;27;buy;17:09:50.386
40.025;1;sell;17:09:55.775
40.025;440;sell;17:09:59.135
40.025;10;sell;17:09:59.415
40.03;27;buy;17:10:01.384
40.03;2;buy;17:10:01.486
40.03;9;buy;17:10:01.538
40.03;1;buy;17:10:05.588
40.03;27;buy;17:10:12.386
40.03;1;buy;17:10:21.146
40.03;27;buy;17:10:23.388
40.025;1;sell;17:10:27.665
40.025;1;buy;17:10:32.471
40.025;27;buy;17:10:34.393
40.025;85;buy;17:10:41.304
40.025;42;buy;17:10:42.672
40.025;2;buy;17:10:43.034
40.025;26;buy;17:10:45.412
40.025;6;buy;17:10:46.845
40.02;128;sell;17:10:56.286
40.02;27;buy;17:10:56.451
40.025;20;buy;17:10:57.149
40.015;1;sell;17:10:59.458
40.015;3;buy;17:11:00.949
40.015;27;buy;17:11:07.401
40.01;1;sell;17:11:12.330
40.01;2;sell;17:11:13.024
40.01;57;sell;17:11:17.450
40.015;27;buy;17:11:18.412
40.015;3;buy;17:11:24.108
40.015;27;buy;17:11:29.405
40.015;100;sell;17:11:30.958
40.015;3;sell;17:11:33.741
40.025;1;buy;17:11:37.219
40.025;1000;buy;17:11:37.227
40.03;6;buy;17:11:40.124
40.03;27;buy;17:11:40.416
40.03;1280;buy;17:11:43.537
40.035;100;sell;17:11:47.679
40.04;1;buy;17:11:48.764
40.035;700;sell;17:11:51.309
40.04;27;buy;17:11:51.406
40.035;200;sell;17:11:51.560
40.035;200;sell;17:11:51.810
40.03;200;sell;17:11:52.061
40.03;200;sell;17:11:52.311
40.03;200;sell;17:11:52.772
40.035;27;buy;17:12:02.408
40.035;9;buy;17:12:09.232
40.035;27;buy;17:12:13.411
40.03;3;sell;17:12:13.468
40.035;17;buy;17:12:14.710
40.035;12;buy;17:12:18.207
40.03;23;sell;17:12:22.553
40.035;5;buy;17:12:23.625
40.035;27;buy;17:12:24.416
40.035;4;buy;17:12:31.353
40.035;27;buy;17:12:35.417
40.03;49;sell;17:12:43.576
40.03;699;sell;17:12:44.971
40.035;27;buy;17:12:46.437
40.03;401;sell;17:12:48.535
40.025;100;buy;17:12:48.651
40.025;4;buy;17:12:49.513
40.025;150;buy;17:12:50.168
40.025;27;buy;17:12:57.420
40.025;2;buy;17:12:59.196
40.025;1;buy;17:13:00.926
40.025;10;buy;17:13:02.392
40.025;10;buy;17:13:05.556
40.025;293;buy;17:13:05.963
40.03;26;buy;17:13:08.435
40.03;10;buy;17:13:13.912
40.03;2499;buy;17:13:18.341
40.04;10;buy;17:13:19.301
40.04;27;buy;17:13:19.438
40.035;36;buy;17:13:23.237
40.035;4;buy;17:13:24.297
40.035;1;buy;17:13:28.363
40.035;5;buy;17:13:29.658
40.035;27;buy;17:13:30.434
40.035;27;buy;17:13:41.438
40.025;11;sell;17:13:46.481
40.03;5;buy;17:13:46.606
40.03;27;buy;17:13:52.434
40.025;32;sell;17:14:01.860
40.03;27;buy;17:14:03.445
40.03;250;buy;17:14:05.601
40.03;27;buy;17:14:14.439
40.03;20;buy;17:14:19.241
40.025;100;sell;17:14:21.162
40.03;1;buy;17:14:24.808
40.03;27;buy;17:14:25.457
40.03;1;buy;17:14:26.377
40.03;5;buy;17:14:27.910
40.03;27;buy;17:14:36.440
40.03;1;buy;17:14:46.679
40.03;27;buy;17:14:47.452
40.03;100;sell;17:14:50.657
40.035;1;buy;17:14:57.187
40.035;1;buy;17:14:58.063
40.035;27;buy;17:14:58.454
40.035;8;buy;17:15:01.634
40.03;16;sell;17:15:07.129
40.035;1;buy;17:15:08.373
40.035;27;buy;17:15:09.462
40.035;26;buy;17:15:20.461
40.035;1;buy;17:15:25.313
40.03;1;sell;17:15:29.094
40.035;7;buy;17:15:30.371
40.035;27;buy;17:15:31.554
40.035;4;buy;17:15:37.002
40.035;27;buy;17:15:42.453
40.04;97;buy;17:15:46.083
40.035;1;sell;17:15:48.909
40.04;27;buy;17:15:53.497
40.045;586;buy;17:15:57.771
40.045;139;buy;17:15:58.961
40.045;113;buy;17:15:58.974
40.045;127;buy;17:15:59.219
40.05;115;buy;17:16:00.633
40.05;27;buy;17:16:04.470
40.05;1;buy;17:16:05.375
40.05;104;buy;17:16:08.088
40.045;5;sell;17:16:08.101
40.05;5;buy;17:16:10.165
40.05;95;buy;17:16:13.055
40.05;125;buy;17:16:13.281
40.05;200;buy;17:16:13.321
40.05;1;buy;17:16:14.631
40.05;10;buy;17:16:15.454
40.05;27;buy;17:16:15.461
40.05;142;buy;17:16:18.282
40.05;129;buy;17:16:18.540
40.05;125;buy;17:16:18.581
40.05;118;buy;17:16:18.794
40.05;250;buy;17:16:18.881
40.05;125;buy;17:16:18.981
40.05;36;buy;17:16:19.044
40.05;89;sell;17:16:19.045
40.05;103;buy;17:16:20.572
40.05;1;buy;17:16:24.029
40.05;94;buy;17:16:26.146
40.05;27;buy;17:16:26.476
40.055;449;buy;17:16:35.323
40.055;378;buy;17:16:35.382
40.06;449;buy;17:16:35.423
40.07;31;buy;17:16:35.582
40.085;18;buy;17:16:37.430
40.085;27;buy;17:16:37.476
40.085;1;buy;17:16:38.061
40.07;1;sell;17:16:42.254
40.085;373;buy;17:16:44.959
40.085;27;buy;17:16:48.479
40.09;13;buy;17:16:54.228
40.09;10;buy;17:16:54.559
40.09;85;buy;17:16:55.082
40.095;1;buy;17:16:55.407
40.095;4;buy;17:16:56.235
40.095;100;buy;17:16:58.384
40.095;27;buy;17:16:59.482
40.095;1;buy;17:17:08.798
40.085;294;sell;17:17:09.623
40.07;27;buy;17:17:10.480
40.055;42;buy;17:17:18.982
40.065;1;buy;17:17:20.216
40.085;27;buy;17:17:21.474
40.085;5;buy;17:17:23.370
40.085;5;buy;17:17:27.448
40.085;105;buy;17:17:32.189
40.085;26;buy;17:17:32.488
40.095;1;buy;17:17:35.792
40.1;50;buy;17:17:38.333
40.1;1;buy;17:17:42.694
40.1;5;buy;17:17:43.096
40.1;27;buy;17:17:43.484
40.095;100;sell;17:17:43.916
40.1;4;buy;17:17:46.238
40.1;67;buy;17:17:47.722
40.105;4;buy;17:17:53.403
40.11;40;buy;17:17:53.676
40.11;27;buy;17:17:54.482
40.1;1;sell;17:17:55.175
40.115;6;buy;17:17:55.340
40.11;10;buy;17:17:56.286
40.1;88;sell;17:17:58.755
40.11;3;buy;17:18:03.056
40.105;175;sell;17:18:03.082
40.105;27;buy;17:18:05.484
40.105;27;buy;17:18:16.485
40.105;1000;buy;17:18:22.603
40.11;3;buy;17:18:26.441
40.11;27;buy;17:18:27.495
40.11;3;buy;17:18:28.638
40.11;10;buy;17:18:30.975
40.11;3;buy;17:18:31.327
40.11;2;buy;17:18:32.024
40.11;3;buy;17:18:34.743
40.11;27;buy;17:18:38.494
40.11;3;buy;17:18:40.839
40.11;1;buy;17:18:45.804
40.11;3;buy;17:18:46.735
40.11;2344;buy;17:18:47.511
40.13;421;buy;17:18:48.054
40.13;2;sell;17:18:49.081
40.135;27;buy;17:18:49.498
40.13;77;sell;17:18:51.736
40.13;2;buy;17:18:51.946
40.13;10;buy;17:18:52.362
40.11;4;sell;17:18:53.895
40.13;5;buy;17:18:55.108
40.13;5;buy;17:18:55.313
40.13;5;buy;17:18:58.984
40.13;27;buy;17:19:00.501
40.11;50;sell;17:19:00.751
40.11;5;sell;17:19:01.619
40.115;5;buy;17:19:05.710
40.115;100;buy;17:19:09.915
40.115;27;buy;17:19:11.498
40.115;1;buy;17:19:17.378
40.11;5;sell;17:19:19.123
40.11;27;buy;17:19:22.502
40.105;8;sell;17:19:29.221
40.11;1;buy;17:19:29.857
40.11;50;buy;17:19:30.432
40.11;27;buy;17:19:33.508
40.11;21;buy;17:19:35.214
40.105;149;sell;17:19:35.423
40.1;3;sell;17:19:35.482
40.105;11;buy;17:19:35.955
40.105;11;buy;17:19:35.970
40.105;11;buy;17:19:35.972
40.105;45;buy;17:19:36.017
40.105;11;buy;17:19:36.041
40.105;22;buy;17:19:36.045
40.105;34;buy;17:19:36.052
40.105;55;buy;17:19:36.096
40.105;134;buy;17:19:36.106
40.115;16;buy;17:19:36.285
40.12;29;buy;17:19:36.309
40.12;55;buy;17:19:36.368
40.14;116;buy;17:19:36.621
40.14;11;buy;17:19:36.648
40.14;11;buy;17:19:36.656
40.14;11;buy;17:19:36.661
40.14;23;buy;17:19:36.675
40.14;11;buy;17:19:36.708
40.14;11;buy;17:19:36.716
40.14;11;buy;17:19:36.721
40.145;11;buy;17:19:36.732
40.145;11;buy;17:19:36.738
40.145;12;buy;17:19:36.757
40.145;11;buy;17:19:36.775
40.145;11;buy;17:19:36.800
40.145;33;buy;17:19:36.802
40.145;12;buy;17:19:36.807
40.145;105;buy;17:19:36.901
40.15;1;buy;17:19:36.926
40.145;164;sell;17:19:37.182
40.145;19;sell;17:19:37.436
40.145;10;sell;17:19:37.682
40.15;179;buy;17:19:37.685
40.155;148;buy;17:19:39.398
40.17;50;buy;17:19:39.544
40.175;134;buy;17:19:39.658
40.18;122;buy;17:19:39.919
40.17;8;sell;17:19:40.023
40.165;20;sell;17:19:40.082
40.17;111;sell;17:19:40.223
40.175;10;buy;17:19:40.294
40.165;109;sell;17:19:40.523
40.175;6;buy;17:19:40.591
40.16;99;sell;17:19:40.823
40.15;173;sell;17:19:42.742
40.175;15;buy;17:19:44.072
40.175;201;buy;17:19:44.297
40.175;26;buy;17:19:44.503
40.175;62;buy;17:19:44.793
40.18;14;buy;17:19:44.800
40.18;28;buy;17:19:45.023
40.18;129;buy;17:19:45.051
40.175;68;sell;17:19:45.123
40.17;3;sell;17:19:45.145
40.17;53;sell;17:19:45.223
40.185;117;buy;17:19:46.032
40.18;8;sell;17:19:46.082
40.19;106;buy;17:19:47.110
40.19;19;buy;17:19:48.588
40.18;116;sell;17:19:50.882
40.175;3;sell;17:19:54.975
40.18;139;buy;17:19:54.979
40.195;126;buy;17:19:55.237
40.2;114;buy;17:19:55.489
40.2;27;buy;17:19:55.519
40.21;2;buy;17:19:55.752
40.215;34;buy;17:19:55.920
40.21;57;sell;17:19:56.282
40.215;10;buy;17:19:56.302
40.215;108;buy;17:19:56.414
40.22;59;buy;17:19:56.534
40.22;90;buy;17:19:56.676
40.21;20;sell;17:19:57.129
40.215;99;sell;17:19:58.381
40.215;92;buy;17:19:58.666
40.215;6;buy;17:20:00.569
40.21;50;sell;17:20:00.756
40.21;50;sell;17:20:02.070
40.195;5;buy;17:20:03.873
40.195;20;buy;17:20:04.825
40.195;27;buy;17:20:06.511
40.18;12;buy;17:20:10.226
40.175;1125;sell;17:20:10.341
40.17;5;buy;17:20:16.579
40.17;10;buy;17:20:17.126
40.17;2000;buy;17:20:17.437
40.18;27;buy;17:20:17.514
40.165;2;sell;17:20:21.637
40.185;10;buy;17:20:23.743
40.19;3;buy;17:20:25.771
40.195;100;buy;17:20:27.771
40.205;27;buy;17:20:28.521
40.205;1000;buy;17:20:31.122
40.215;27;buy;17:20:39.515
40.2;1;sell;17:20:44.794
40.215;473;buy;17:20:45.671
40.23;57;buy;17:20:45.672
40.23;25;buy;17:20:45.677
40.235;24;buy;17:20:45.872
40.23;34;sell;17:20:46.057
40.235;10;buy;17:20:46.318
40.235;1;buy;17:20:47.527
40.235;27;buy;17:20:50.517
40.23;68;sell;17:20:56.236
40.225;95;sell;17:20:56.536
40.22;9;sell;17:20:57.536
40.21;6;buy;17:21:00.312
40.2;50;sell;17:21:00.480
40.205;27;buy;17:21:01.530
40.19;8;buy;17:21:07.571
40.19;1;buy;17:21:07.580
40.19;27;buy;17:21:12.531
40.19;3;buy;17:21:17.890
40.19;2;buy;17:21:22.258
40.19;1;buy;17:21:23.086
40.2;27;buy;17:21:23.526
40.205;27;buy;17:21:34.527
40.215;127;buy;17:21:41.379
40.22;27;buy;17:21:45.547
40.22;6;buy;17:21:45.972
40.22;105;buy;17:21:49.619
40.22;458;buy;17:21:50.463
40.22;26;buy;17:21:56.532
40.22;9;buy;17:21:58.067
40.21;8;sell;17:22:02.136
40.2;11;sell;17:22:04.136
40.2;12;buy;17:22:05.363
40.195;27;buy;17:22:07.547
40.19;43;sell;17:22:10.136
40.185;13;sell;17:22:14.136
40.165;12;buy;17:22:17.683
40.165;27;buy;17:22:18.534
40.18;60;buy;17:22:19.050
40.19;2;buy;17:22:26.493
40.19;27;buy;17:22:29.542
40.2;1;buy;17:22:30.447
40.2;10;buy;17:22:33.302
40.2;27;buy;17:22:40.552
40.195;27;buy;17:22:51.541
40.18;8;sell;17:23:00.836
40.175;1;buy;17:23:02.003
40.17;8;sell;17:23:02.569
40.175;27;buy;17:23:02.572
40.165;10;sell;17:23:05.502
40.15;18;sell;17:23:05.510
40.14;10;sell;17:23:05.761
40.13;192;sell;17:23:06.011
40.13;200;sell;17:23:06.262
40.135;12;sell;17:23:06.512
40.13;192;sell;17:23:07.180
40.13;166;sell;17:23:07.430
40.125;8;buy;17:23:07.929
40.125;300;sell;17:23:10.512
40.13;27;buy;17:23:13.561
40.125;1;buy;17:23:16.306
40.125;10;buy;17:23:16.688
40.125;124;buy;17:23:19.682
40.13;1267;sell;17:23:21.473
40.125;27;buy;17:23:24.550
40.125;8;buy;17:23:24.864
40.125;27;buy;17:23:35.552
40.12;27;buy;17:23:46.567
40.115;550;sell;17:23:52.508
40.12;7;buy;17:23:57.227
40.12;27;buy;17:23:57.563
40.12;15;buy;17:23:58.344
40.12;7;buy;17:23:59.233
40.115;1000;sell;17:24:01.673
40.1;33;buy;17:24:01.831
40.11;1;buy;17:24:04.666
40.105;16;buy;17:24:06.778
40.1;58;sell;17:24:08.282
40.095;27;buy;17:24:08.575
40.095;25;buy;17:24:08.795
40.095;5;buy;17:24:12.589
40.09;141;sell;17:24:15.304
40.08;200;buy;17:24:15.487
40.085;26;buy;17:24:19.569
40.095;27;buy;17:24:30.572
40.09;27;buy;17:24:41.576
40.08;1;sell;17:24:50.751
40.09;27;buy;17:24:52.569
40.12;2;buy;17:24:58.078
40.12;11;buy;17:24:59.156
40.12;5;buy;17:25:00.448
40.115;27;buy;17:25:03.574
40.11;10;sell;17:25:04.357
40.105;15;buy;17:25:07.021
40.11;28;buy;17:25:07.400
40.11;42;sell;17:25:09.714
40.115;12;buy;17:25:11.164
40.11;6;sell;17:25:13.788
40.11;1;buy;17:25:14.036
40.11;27;buy;17:25:14.571
40.11;13;buy;17:25:22.823
40.115;27;buy;17:25:25.573
40.115;2;buy;17:25:26.965
40.12;101;buy;17:25:27.217
40.12;27;buy;17:25:36.590
40.12;10;buy;17:25:43.271
40.115;28;sell;17:25:44.628
40.125;112;buy;17:25:47.571
40.125;27;buy;17:25:47.586
40.125;28;buy;17:25:48.018
40.125;15;buy;17:25:48.672
40.125;15;buy;17:25:49.072
40.125;15;buy;17:25:49.172
40.125;15;buy;17:25:49.272
40.125;15;buy;17:25:49.372
40.125;125;buy;17:25:49.381
40.125;16;buy;17:25:50.072
40.125;16;buy;17:25:50.272
40.125;136;buy;17:25:51.149
40.125;123;buy;17:25:51.406
40.125;448;buy;17:25:51.423
40.125;250;buy;17:25:51.481
40.125;199;buy;17:25:51.521
40.125;20;buy;17:25:51.572
40.125;182;buy;17:25:51.582
40.125;112;buy;17:25:51.657
40.125;21;buy;17:25:51.672
40.125;174;buy;17:25:51.682
40.12;30;sell;17:25:56.507
40.125;27;buy;17:25:58.594
40.125;27;buy;17:26:09.596
40.125;102;buy;17:26:17.019
40.125;27;buy;17:26:20.590
40.125;10;buy;17:26:27.649
40.12;15;buy;17:26:35.441
40.125;7;buy;17:26:38.308
40.125;8;buy;17:26:42.416
40.125;9;buy;17:26:50.132
40.12;1;buy;17:26:58.268
40.115;25;sell;17:27:06.442
40.115;2;buy;17:27:15.718
40.11;5;sell;17:27:44.043
40.11;14;buy;17:28:13.567
40.11;14;buy;17:28:14.497
40.11;1;buy;17:28:15.894
40.11;3;buy;17:28:28.267
40.105;8;sell;17:28:28.513
40.1;171;sell;17:28:33.624
40.1;250;buy;17:28:38.710
40.1;42;buy;17:28:43.292
40.1;14;buy;17:28:43.296
40.1;250;buy;17:28:44.265
40.1;135;buy;17:28:44.275
40.1;138;buy;17:28:44.436
40.11;2;buy;17:28:44.536
40.12;122;buy;17:28:44.642
40.12;200;buy;17:28:44.961
40.115;25;sell;17:28:45.166
40.12;10;buy;17:28:46.003
40.12;6;buy;17:28:51.226
40.12;42;buy;17:28:51.279
40.12;109;buy;17:28:52.300
40.12;5;buy;17:28:57.366
40.12;1;buy;17:28:58.114
40.12;1;buy;17:28:58.169
40.115;80;sell;17:29:03.851
40.12;30;buy;17:29:09.206
40.12;104;buy;17:29:17.240
40.12;1;buy;17:29:18.622
40.11;300;sell;17:29:24.537
40.11;132;sell;17:29:26.419
40.12;126;buy;17:29:33.812
40.12;201;buy;17:29:33.837
40.12;175;buy;17:29:34.066
40.12;171;buy;17:29:34.318
40.12;155;buy;17:29:34.568
40.12;141;buy;17:29:34.819
40.12;209;buy;17:29:34.836
40.12;128;buy;17:29:35.070
40.12;116;buy;17:29:35.320
40.12;3;buy;17:29:36.139
40.12;106;buy;17:29:36.282
40.12;8;buy;17:29:37.931
40.12;2;buy;17:29:38.009
40.12;96;buy;17:29:43.320
40.12;10;buy;17:29:46.214
40.11;300;sell;17:29:55.484
40.11;1763;sell;17:29:59.460
40.075;16;sell;17:30:02.582
40.08;70;buy;17:30:05.999
40.07;13;sell;17:30:08.423
40.065;9;sell;17:30:08.523
40.06;4;sell;17:30:09.243
40.08;1;buy;17:30:12.728
40.06;8;sell;17:30:20.582
40.055;150;sell;17:30:22.112
40.07;1;buy;17:30:22.129
40.045;10;sell;17:30:22.192
40.07;5;buy;17:30:25.643
40.045;299;sell;17:30:34.517
40.04;3;buy;17:30:41.821
40.04;1;buy;17:30:42.590
40.04;8;buy;17:30:42.931
40.04;1;buy;17:30:43.905
40.04;1;buy;17:30:45.658
40.04;165;buy;17:30:45.789
40.04;2;buy;17:30:46.269
40.03;200;sell;17:30:48.192
40.035;34;buy;17:30:48.337
40.035;1;buy;17:30:52.332
40.035;50;buy;17:30:54.845
40.04;1;buy;17:31:00.243
40.03;200;sell;17:31:00.413
40.035;2;buy;17:31:00.721
40.035;8;buy;17:31:01.696
40.04;1;buy;17:31:10.371
40.04;8;buy;17:31:13.283
40.04;1;buy;17:31:13.923
40.04;1;buy;17:31:13.952
40.04;16;buy;17:31:15.472
40.035;100;sell;17:31:17.903
40.035;44;sell;17:31:18.134
40.04;5;buy;17:31:19.812
40.03;8;sell;17:31:23.882
40.03;1;buy;17:31:27.624
40.03;1;buy;17:31:28.157
40.03;1;buy;17:31:29.371
40.02;984;sell;17:31:33.300
40.03;1;buy;17:31:37.357
40.03;100;buy;17:31:46.650
40.04;750;buy;17:31:48.195
40.04;163;buy;17:31:48.981
40.04;200;buy;17:31:49.630
40.03;10;sell;17:31:58.707
40.04;1;buy;17:32:01.542
40.03;4;sell;17:32:02.753
40.03;450;sell;17:32:08.001
40.03;10;buy;17:32:14.156
40.03;2;buy;17:32:14.597
40.02;1;sell;17:32:17.052
40.035;6;buy;17:32:20.331
40.02;25;sell;17:32:24.972
40.025;1;buy;17:32:39.150
40.02;13;sell;17:32:40.535
40.02;1;buy;17:32:48.019
40.015;179;sell;17:32:58.293
40.01;175;buy;17:33:00.582
40.015;4;buy;17:33:01.273
40.0;60;sell;17:33:01.989
40.015;1;buy;17:33:04.022
40.0;634;sell;17:33:06.256
40.0;5374;sell;17:33:06.256
40.0;20;sell;17:33:08.486
40.0;1094;sell;17:33:08.798
40.0;20;sell;17:33:09.138
40.0;20;sell;17:33:09.474
40.0;20;sell;17:33:09.777
40.0;20;sell;17:33:10.013
40.01;25;buy;17:33:18.864
40.01;199;buy;17:33:22.070
40.02;37;buy;17:33:24.379
40.01;1;buy;17:33:28.036
40.025;1;sell;17:33:32.026
40.025;1000;sell;17:33:35.278
40.025;1;buy;17:33:37.501
40.02;1193;sell;17:33:43.953
40.025;2;buy;17:33:48.219
40.025;1;buy;17:33:48.344
40.015;19;sell;17:33:48.987
40.005;9736;sell;17:33:50.124
40.0;103;sell;17:33:52.453
40.01;100;buy;17:33:57.392
40.01;5;sell;17:34:01.868
40.025;4;buy;17:34:02.447
40.025;10;buy;17:34:15.282
40.025;100;buy;17:34:20.312
40.02;12;sell;17:34:27.457
40.02;5;sell;17:34:27.471
40.02;1;buy;17:34:29.469
40.02;10;buy;17:34:30.285
40.005;20;sell;17:34:32.336
40.0;700;sell;17:34:32.374
40.0;26;sell;17:34:32.397
40.0;125;sell;17:34:32.398
40.0;199;sell;17:34:32.437
40.0;201;sell;17:34:32.439
40.0;700;sell;17:34:32.463
40.0;223;sell;17:34:32.476
40.0;695;sell;17:34:32.516
40.0;375;sell;17:34:32.545
40.0;200;sell;17:34:32.593
40.0;678;sell;17:34:32.609
40.0;21;sell;17:34:32.630
40.0;250;sell;17:34:32.639
40.0;67;sell;17:34:32.645
40.0;70;sell;17:34:32.703
40.0;165;sell;17:34:32.716
40.0;23;sell;17:34:32.721
40.0;125;sell;17:34:32.726
40.0;44;sell;17:34:32.728
40.0;437;sell;17:34:32.756
40.0;71;sell;17:34:32.771
40.0;675;sell;17:34:32.786
40.0;165;sell;17:34:32.789
40.0;1;sell;17:34:33.036
40.0;223;sell;17:34:33.052
40.0;199;sell;17:34:33.085
40.0;1;sell;17:34:33.111
40.0;4;sell;17:34:33.152
40.0;78;sell;17:34:33.163
40.0;51;sell;17:34:33.197
40.0;168;sell;17:34:33.218
40.0;1;sell;17:34:33.297
40.0;22;sell;17:34:33.363
40.0;40;sell;17:34:33.407
40.0;80;sell;17:34:33.437
40.0;1;sell;17:34:33.572
40.0;45;sell;17:34:33.697
40.0;20;sell;17:34:33.728
40.0;89;sell;17:34:33.872
40.0;28;sell;17:34:33.888
40.005;175;buy;17:34:34.282
40.005;22;buy;17:34:34.323
40.0;43;sell;17:34:34.372
40.005;32;buy;17:34:34.582
40.0;2;sell;17:34:35.037
40.0;1;sell;17:34:35.417
40.0;99;sell;17:34:35.857
40.0;80;sell;17:34:35.972
40.0;10;sell;17:34:36.062
40.0;1;sell;17:34:36.426
40.0;2;sell;17:34:37.078
40.0;16;sell;17:34:37.466
40.0;2;sell;17:34:37.479
40.0;20;sell;17:34:37.486
40.0;150;sell;17:34:37.753
40.0;223;sell;17:34:37.860
40.0;14;sell;17:34:37.864
40.0;129;sell;17:34:37.873
40.0;100;sell;17:34:37.879
40.0;1;sell;17:34:37.899
40.0;2;sell;17:34:37.912
40.0;81;sell;17:34:37.938
40.0;223;sell;17:34:38.026
40.0;118;sell;17:34:38.139
40.0;28;sell;17:34:38.143
40.0;138;sell;17:34:38.494
40.0;100;sell;17:34:38.498
40.0;16;sell;17:34:38.544
40.0;107;sell;17:34:38.627
40.0;24;sell;17:34:38.641
40.0;2;sell;17:34:39.423
40.0;19;sell;17:34:39.523
40.0;8;sell;17:34:39.649
40.0;120;sell;17:34:39.650
40.0;12;sell;17:34:40.061
40.005;1;buy;17:34:40.327
40.0;1;sell;17:34:40.424
40.0;37;sell;17:34:41.067
40.0;1;sell;17:34:41.580
40.0;8;sell;17:34:42.100
40.0;97;sell;17:34:42.489
40.0;1;sell;17:34:43.017
40.0;4;sell;17:34:44.075
40.0;1;sell;17:34:44.135
40.0;2;sell;17:34:45.199
40.0;1;sell;17:34:45.400
40.0;5;sell;17:34:45.770
40.0;63;sell;17:34:46.199
40.0;5;sell;17:34:46.434
40.005;7;buy;17:34:46.584
40.0;5;sell;17:34:46.690
40.0;9;sell;17:34:47.199
40.0;91;sell;17:34:47.267
40.0;80;sell;17:34:48.852
40.0;1;sell;17:34:48.999
40.0;1;sell;17:34:49.299
40.0;100;sell;17:34:49.689
40.0;38;sell;17:34:50.036
40.0;3;sell;17:34:50.424
40.0;475;sell;17:34:50.482
40.0;450;sell;17:34:50.523
40.0;300;sell;17:34:50.582
40.0;7;sell;17:34:51.135
40.0;6;sell;17:34:51.470
40.0;2;sell;17:34:53.140
40.0;2;sell;17:34:54.159
40.0;1;sell;17:34:54.909
40.0;57;sell;17:34:55.265
40.005;2;buy;17:34:55.751
40.0;32;sell;17:34:56.282
40.0;90;sell;17:34:56.524
40.0;5;sell;17:34:57.284
40.0;76;sell;17:34:58.523
40.0;1;sell;17:34:59.771
40.0;34;sell;17:34:59.961
40.0;2;sell;17:35:00.962
40.0;5;sell;17:35:02.124
40.005;2;buy;17:35:03.127
40.0;1;sell;17:35:03.127
40.0;8;sell;17:35:03.128
40.005;179;buy;17:35:03.434
40.0;1;sell;17:35:03.907
40.0;2;sell;17:35:04.134
40.0;12;sell;17:35:05.149
40.0;4;sell;17:35:06.171
40.0;2;sell;17:35:08.471
40.0;1239;sell;17:35:09.940
39.995;291;sell;17:35:09.941
39.995;264;sell;17:35:10.000
39.99;11;sell;17:35:10.009
39.99;30;sell;17:35:10.028
39.99;150;sell;17:35:10.029
39.99;250;sell;17:35:10.036
39.99;84;sell;17:35:10.337
39.99;24;sell;17:35:10.437
39.99;1;sell;17:35:10.837
39.99;80;sell;17:35:10.937
39.99;1;sell;17:35:11.214
39.99;1;sell;17:35:17.047
39.995;10;buy;17:35:21.180
39.99;4;sell;17:35:24.065
39.99;100;sell;17:35:24.251
39.99;2;sell;17:35:25.292
39.995;6;buy;17:35:26.810
39.99;13;sell;17:35:26.810
39.99;15;sell;17:35:28.732
39.995;1;buy;17:35:31.360
39.995;106;buy;17:35:33.963
39.995;450;buy;17:35:34.023
39.995;60;buy;17:35:34.081
40.005;108;buy;17:35:34.382
40.01;1;buy;17:35:37.703
40.005;20;sell;17:35:41.557
40.01;287;buy;17:35:44.185
40.0;100;sell;17:35:47.716
40.015;150;buy;17:35:47.757
40.005;99;sell;17:35:50.498
40.015;67;buy;17:35:52.682
40.02;105;buy;17:35:53.653
40.025;175;buy;17:35:53.682
40.03;12;buy;17:35:55.071
40.03;8;buy;17:35:55.171
40.03;402;sell;17:35:56.057
40.02;89;sell;17:35:56.954
40.025;1;buy;17:36:00.959
40.02;2;buy;17:36:03.468
40.015;46;buy;17:36:04.360
40.02;1;buy;17:36:07.307
40.015;350;sell;17:36:07.395
40.02;125;buy;17:36:17.815
40.015;40;sell;17:36:21.046
40.015;1;sell;17:36:21.522
40.02;106;buy;17:36:27.089
40.03;2;buy;17:36:27.312
40.03;14;buy;17:36:29.086
40.03;7;buy;17:36:29.462
40.035;7;buy;17:36:30.483
40.025;136;sell;17:36:36.414
40.035;98;buy;17:36:37.529
40.035;8;buy;17:36:37.582
40.04;7;buy;17:36:38.484
40.04;70;buy;17:36:38.966
40.04;106;buy;17:36:42.438
40.045;170;buy;17:36:42.482
40.045;1;sell;17:36:46.768
40.05;8;buy;17:36:48.882
40.055;289;buy;17:36:48.982
40.055;280;buy;17:36:49.023
40.05;4453;buy;17:36:50.397
40.08;1000;sell;17:36:50.398
40.08;300;sell;17:36:50.400
40.08;500;sell;17:36:50.402
40.085;104;buy;17:36:50.403
40.08;100;sell;17:36:50.404
40.09;1;buy;17:36:50.782
40.09;1327;buy;17:36:55.587
40.09;785;buy;17:36:58.233
40.1;125;buy;17:36:58.282
40.105;30;buy;17:36:58.423
40.105;56;buy;17:36:59.423
40.1;8;sell;17:37:01.613
40.105;71;buy;17:37:03.602
40.09;1;sell;17:37:05.394
40.085;43;buy;17:37:10.112
40.09;42;buy;17:37:17.853
40.09;641;sell;17:37:18.758
40.09;20;buy;17:37:20.934
40.09;10;buy;17:37:26.612
40.085;1;sell;17:37:28.400
40.09;12;buy;17:37:32.270
40.09;12;buy;17:37:32.370
40.085;1;sell;17:37:34.217
40.09;83;buy;17:37:35.423
40.09;5;buy;17:37:40.228
40.09;125;buy;17:37:41.382
40.09;65;buy;17:37:41.422
40.09;27;buy;17:37:41.481
40.095;6;buy;17:37:42.020
40.095;200;sell;17:37:48.494
40.11;50;buy;17:37:49.311
40.11;36;buy;17:37:52.669
40.115;200;buy;17:37:52.903
40.13;342;buy;17:37:53.044
40.125;5000;sell;17:37:53.365
40.09;400;sell;17:38:03.893
40.09;2;buy;17:38:06.159
40.085;1166;sell;17:38:08.730
40.08;1110;sell;17:38:09.054
40.08;1000;sell;17:38:09.356
40.08;1000;sell;17:38:10.158
40.09;12;buy;17:38:10.951
40.09;1000;sell;17:38:15.392
40.08;2;sell;17:38:16.609
40.085;5;buy;17:38:17.718
40.08;350;sell;17:38:36.482
40.09;6;buy;17:38:41.512
40.085;1;buy;17:38:43.036
40.09;10;buy;17:38:43.131
40.08;5;sell;17:38:46.134
40.08;200;sell;17:38:46.731
40.09;1;buy;17:38:50.910
40.085;100;sell;17:38:53.748
40.08;100;sell;17:38:57.303
40.09;1;buy;17:39:00.241
40.08;98;sell;17:39:04.043
40.08;34;sell;17:39:04.302
40.085;2;buy;17:39:04.656
40.08;47;sell;17:39:05.600
40.085;1;buy;17:39:06.998
40.085;50;buy;17:39:09.578
40.085;1;buy;17:39:12.458
40.085;2;buy;17:39:12.937
40.085;120;buy;17:39:13.036
40.08;125;sell;17:39:14.372
40.08;3;sell;17:39:15.701
40.09;35;buy;17:39:17.283
40.08;250;sell;17:39:17.428
40.09;8;buy;17:39:23.218
40.09;2;buy;17:39:35.858
40.09;25;buy;17:39:39.445
40.09;12;buy;17:39:41.089
40.08;20;sell;17:39:41.613
40.09;129;buy;17:39:43.036
40.09;91;buy;17:39:43.536
40.095;1;buy;17:39:46.334
40.095;100;buy;17:39:49.536
40.085;5;sell;17:39:55.829
40.095;57;buy;17:39:58.536
40.1;44;buy;17:39:59.790
40.1;10;buy;17:40:00.642
40.095;103;sell;17:40:04.678
40.09;105;sell;17:40:09.788
40.09;53;sell;17:40:10.038
40.09;1;sell;17:40:12.599
40.095;20;buy;17:40:15.011
40.095;4;buy;17:40:16.371
40.09;2120;sell;17:40:17.639
40.09;1;buy;17:40:18.171
40.09;7;buy;17:40:22.387
40.08;1;sell;17:40:23.490
40.08;3493;sell;17:40:24.831
40.08;549;sell;17:40:25.055
40.085;5;buy;17:40:28.305
40.08;1;sell;17:40:28.999
40.08;3000;sell;17:40:31.439
40.035;10;buy;17:40:31.827
40.035;38;buy;17:40:32.510
40.035;10;buy;17:41:00.647
40.035;200;buy;17:41:01.668
40.035;12;buy;17:41:04.788
40.035;10;buy;17:41:07.830
40.035;1;buy;17:41:09.416
40.035;61;buy;17:41:10.460
40.03;28;sell;17:41:15.071
40.03;6;buy;17:41:16.129
40.03;1;buy;17:41:16.455
40.025;110;sell;17:41:17.070
40.03;100;buy;17:41:19.912
40.03;8;buy;17:41:22.773
40.025;11;sell;17:41:33.221
40.025;100;buy;17:41:39.659
40.025;35;buy;17:41:47.776
40.02;10;sell;17:41:54.074
40.025;10;buy;17:41:56.197
40.02;115;sell;17:42:03.446
40.02;8;sell;17:42:03.451
40.015;5;sell;17:42:03.523
40.01;105;sell;17:42:03.701
40.005;1719;sell;17:42:04.054
39.995;150;sell;17:42:04.518
39.995;19;buy;17:42:04.768
39.99;11102;sell;17:42:05.055
39.985;93;sell;17:42:05.059
39.985;78;sell;17:42:05.070
39.97;69;sell;17:42:05.136
39.965;1;sell;17:42:05.171
39.965;12;sell;17:42:05.172
39.96;19;sell;17:42:05.220
39.96;444;sell;17:42:05.323
39.96;80;sell;17:42:05.336
39.96;125;sell;17:42:05.382
39.96;66;sell;17:42:05.423
39.96;16;buy;17:42:05.522
39.955;90;sell;17:42:05.572
39.95;385;sell;17:42:05.623
39.95;463;sell;17:42:05.682
39.94;93;sell;17:42:05.772
39.94;12;sell;17:42:05.782
39.94;125;sell;17:42:05.882
39.94;1;sell;17:42:05.933
39.94;44;sell;17:42:06.036
39.94;24;buy;17:42:06.424
39.94;78;buy;17:42:06.425
39.94;96;buy;17:42:06.980
39.935;102;sell;17:42:08.071
39.93;210;sell;17:42:08.107
39.935;100;buy;17:42:08.110
39.93;52;buy;17:42:08.209
39.93;1;buy;17:42:08.378
39.93;100;buy;17:42:08.985
39.93;25;buy;17:42:10.008
39.925;200;sell;17:42:11.681
39.93;200;buy;17:42:12.628
39.93;1;buy;17:42:17.676
39.93;20;buy;17:42:22.313
39.93;250;buy;17:42:22.712
39.935;8;sell;17:42:22.980
39.94;100;buy;17:42:23.047
39.925;105;sell;17:42:23.231
39.925;18;sell;17:42:24.039
39.925;299;buy;17:42:25.240
39.93;100;buy;17:42:27.798
39.93;1811;sell;17:42:29.867
39.91;7;sell;17:42:33.789
39.92;670;sell;17:42:36.770
39.92;6;buy;17:42:37.826
39.92;73;buy;17:42:39.658
39.91;6;sell;17:42:42.542
39.92;1;buy;17:42:42.899
39.915;9;sell;17:42:44.158
39.905;1;sell;17:42:44.371
39.91;1;buy;17:42:45.071
39.905;103;sell;17:42:45.132
39.9;246;sell;17:42:45.250
39.9;300;sell;17:42:45.282
39.9;800;sell;17:42:45.292
39.9;100;sell;17:42:45.334
39.9;500;sell;17:42:45.336
39.9;7;sell;17:42:46.202
39.9;1;sell;17:42:46.237
39.9;1273;sell;17:42:46.240
39.885;50;sell;17:42:46.256
39.89;1;buy;17:42:46.268
39.88;10;sell;17:42:46.356
39.88;71;sell;17:42:46.438
39.89;1;buy;17:42:46.632
39.88;2000;sell;17:42:47.245
39.855;12;buy;17:42:47.353
39.85;8;buy;17:42:47.388
39.85;6;buy;17:42:47.389
39.85;30;buy;17:42:47.393
39.85;1;buy;17:42:47.400
39.85;1;buy;17:42:47.401
39.845;1;sell;17:42:47.540
39.85;51;buy;17:42:47.582
39.855;5;buy;17:42:47.590
39.86;18;buy;17:42:47.923
39.865;1;sell;17:42:48.264
39.875;124;buy;17:42:48.482
39.88;200;buy;17:42:48.856
39.885;62;buy;17:42:49.682
39.875;5;sell;17:42:51.099
39.895;6;buy;17:43:00.972
39.895;150;buy;17:43:01.179
39.895;14;sell;17:43:01.552
39.875;10;sell;17:43:03.757
39.88;36;buy;17:43:04.354
39.88;1;buy;17:43:07.205
39.875;1;sell;17:43:10.313
39.875;62;sell;17:43:14.782
39.875;1;sell;17:43:15.182
39.875;26;sell;17:43:15.282
39.865;1;sell;17:43:15.836
39.865;1;buy;17:43:16.205
39.865;1;buy;17:43:16.451
39.865;5;buy;17:43:16.946
39.865;10;buy;17:43:20.274
39.865;1;buy;17:43:22.831
39.865;7;buy;17:43:25.012
39.86;92;sell;17:43:30.763
39.865;18;buy;17:43:30.796
39.865;1;buy;17:43:35.804
39.865;26;buy;17:43:39.982
39.865;34;buy;17:43:40.071
39.865;1500;sell;17:43:42.278
39.87;7;buy;17:43:42.792
39.865;7;buy;17:43:44.417
39.865;5;buy;17:43:45.059
39.875;100;buy;17:43:45.841
39.88;169;buy;17:43:51.632
39.88;16;buy;17:43:52.079
39.885;125;buy;17:43:58.188
39.885;3;buy;17:44:00.915
39.885;5;buy;17:44:04.495
39.88;96;sell;17:44:05.316
39.885;5;buy;17:44:05.356
39.865;103;sell;17:44:07.592
39.865;83;sell;17:44:07.849
39.86;100;sell;17:44:09.035
39.855;1;sell;17:44:09.236
39.855;5;sell;17:44:09.291
39.845;31;sell;17:44:09.554
39.84;1;buy;17:44:09.585
39.835;102;sell;17:44:09.806
39.835;93;sell;17:44:10.057
39.83;706;sell;17:44:10.307
39.83;176;buy;17:44:10.382
39.825;4;sell;17:44:10.460
39.835;1;buy;17:44:10.511
39.83;1;buy;17:44:10.975
39.83;105;sell;17:44:11.865
39.84;100;buy;17:44:12.512
39.83;102;sell;17:44:12.680
39.83;93;sell;17:44:12.930
39.835;500;buy;17:44:13.283
39.83;98;sell;17:44:14.377
39.835;101;buy;17:44:14.879
39.835;38;buy;17:44:15.143
39.835;5;buy;17:44:15.282
39.845;1;buy;17:44:15.360
39.85;10;buy;17:44:18.765
39.835;103;sell;17:44:19.735
39.835;94;sell;17:44:19.991
39.84;40;buy;17:44:20.225
39.835;2696;sell;17:44:20.255
39.8;14135;sell;17:44:20.255
39.8;400;buy;17:44:20.256
39.8;65;buy;17:44:20.260
39.795;1;sell;17:44:20.293
39.8;500;buy;17:44:20.364
39.795;2;sell;17:44:20.371
39.8;33;buy;17:44:20.397
39.8;100;buy;17:44:20.405
39.8;500;buy;17:44:20.417
39.8;4;buy;17:44:20.424
39.8;12;buy;17:44:20.429
39.795;3;sell;17:44:20.441
39.8;15;buy;17:44:20.441
39.8;6;buy;17:44:20.442
39.795;260;sell;17:44:20.500
39.8;1;buy;17:44:20.500
39.79;20;buy;17:44:20.611
39.79;100;buy;17:44:20.613
39.79;122;buy;17:44:20.661
39.78;6;sell;17:44:20.695
39.78;2109;sell;17:44:20.698
39.765;100;buy;17:44:20.706
39.755;1;sell;17:44:20.708
39.775;44;buy;17:44:20.759
39.775;13;buy;17:44:20.766
39.77;25;buy;17:44:20.785
39.775;2;buy;17:44:20.844
39.76;1;sell;17:44:20.866
39.765;1;buy;17:44:20.876
39.76;120;sell;17:44:20.894
39.765;1;buy;17:44:20.912
39.755;100;sell;17:44:20.936
39.755;1;sell;17:44:20.962
39.765;1;buy;17:44:20.967
39.765;171;buy;17:44:21.182
39.765;453;buy;17:44:21.323
39.765;309;buy;17:44:21.382
39.79;48;buy;17:44:21.423
39.795;39;buy;17:44:21.486
39.795;25;buy;17:44:21.682
39.795;75;buy;17:44:21.723
39.8;200;buy;17:44:21.853
39.8;327;buy;17:44:22.423
39.8;10;buy;17:44:22.616
39.8;1500;buy;17:44:23.593
39.795;97;sell;17:44:24.480
39.8;15;buy;17:44:24.925
39.8;92;buy;17:44:27.282
39.8;154;buy;17:44:27.383
39.8;126;buy;17:44:27.482
39.8;154;buy;17:44:27.483
39.795;154;sell;17:44:28.272
39.795;1;sell;17:44:28.336
39.785;18;sell;17:44:29.071
39.78;111;sell;17:44:29.459
39.78;77;sell;17:44:29.572
39.775;1;sell;17:44:29.672
39.775;23;sell;17:44:29.723
39.765;99;sell;17:44:29.979
39.77;1;buy;17:44:31.404
39.77;3;buy;17:44:31.476
39.77;5;buy;17:44:32.084
39.77;200;buy;17:44:35.757
39.77;1;buy;17:44:35.961
39.77;200;buy;17:44:36.280
39.77;80;buy;17:44:36.433
39.77;25;buy;17:44:37.636
39.765;20;sell;17:44:44.034
39.765;20;sell;17:44:46.031
39.765;20;sell;17:44:46.707
39.77;63;buy;17:44:48.007
39.77;24;buy;17:44:48.327
39.79;1;buy;17:44:49.458
39.79;201;buy;17:44:50.209
39.795;1;buy;17:44:51.384
39.795;1;buy;17:44:51.778
39.795;1;buy;17:44:52.337
39.795;1;buy;17:44:52.650
39.795;1;buy;17:44:52.884
39.795;1;buy;17:44:53.384
39.795;6;buy;17:44:53.587
39.795;1;buy;17:44:53.617
39.795;1;buy;17:44:53.934
39.795;1;buy;17:44:54.324
39.795;1;buy;17:44:54.589
39.795;1;buy;17:44:54.901
39.795;62;buy;17:44:55.381
39.8;43;buy;17:44:55.615
39.8;125;buy;17:44:55.781
39.8;38;buy;17:44:55.881
39.8;14;buy;17:44:55.921
39.83;69;buy;17:44:56.966
39.83;100;buy;17:44:57.301
39.82;1777;sell;17:44:58.759
39.825;6;buy;17:45:00.352
39.815;129;sell;17:45:00.472
39.815;273;sell;17:45:00.531
39.815;68;sell;17:45:00.532
39.805;10;sell;17:45:04.696
39.8;90;sell;17:45:05.253
39.81;10000;buy;17:45:05.302
39.84;82;sell;17:45:05.504
39.85;2;buy;17:45:07.582
39.885;1;buy;17:45:07.601
39.89;20;buy;17:45:10.665
39.88;24;buy;17:45:11.285
39.87;11;sell;17:45:16.551
39.87;39;sell;17:45:16.560
39.865;100;sell;17:45:18.359
39.87;2;buy;17:45:18.585
39.865;1220;sell;17:45:19.015
39.86;80;sell;17:45:19.016
39.84;200;sell;17:45:19.267
39.84;200;sell;17:45:19.518
39.85;18;buy;17:45:19.592
39.84;200;sell;17:45:19.777
39.85;11;buy;17:45:19.919
39.835;185;sell;17:45:20.027
39.835;200;sell;17:45:20.277
39.835;200;sell;17:45:20.528
39.83;129;sell;17:45:20.778
39.825;192;sell;17:45:21.029
39.82;200;sell;17:45:21.279
39.82;200;sell;17:45:21.530
39.82;200;sell;17:45:21.780
39.82;200;sell;17:45:22.031
39.82;200;sell;17:45:22.281
39.82;200;sell;17:45:22.532
39.82;200;sell;17:45:22.782
39.81;200;sell;17:45:23.032
39.8;200;sell;17:45:23.283
39.805;200;sell;17:45:23.534
39.805;200;sell;17:45:23.788
39.8;200;sell;17:45:24.038
39.805;200;sell;17:45:24.289
39.805;200;sell;17:45:24.540
39.805;113;sell;17:45:24.790
39.805;200;sell;17:45:25.041
39.795;200;sell;17:45:25.291
39.795;200;sell;17:45:25.542
39.795;93;sell;17:45:25.792
39.795;40;sell;17:45:26.043
39.79;200;sell;17:45:26.293
39.785;200;sell;17:45:26.702
39.785;200;sell;17:45:26.953
39.79;44;buy;17:45:28.036
39.79;2500;buy;17:45:30.621
39.83;200;buy;17:45:30.738
39.83;200;buy;17:45:31.055
39.815;30;sell;17:45:31.857
39.815;25;sell;17:45:31.862
39.815;79;sell;17:45:31.869
39.815;12;sell;17:45:31.872
39.815;31;sell;17:45:31.876
39.81;40;sell;17:45:34.929
39.815;40;buy;17:45:36.173
39.805;2524;buy;17:45:36.615
39.825;80;sell;17:45:40.274
39.865;70;buy;17:45:47.639
39.855;1;buy;17:45:52.001
39.855;1;buy;17:45:52.653
39.845;2;sell;17:45:52.826
39.845;9;sell;17:45:59.510
39.85;26;buy;17:46:00.597
39.85;25;sell;17:46:02.281
39.85;31;sell;17:46:02.292
39.85;12;sell;17:46:02.348
39.85;14;sell;17:46:04.692
39.85;61;sell;17:46:05.342
39.855;1;buy;17:46:05.385
39.85;126;sell;17:46:05.399
39.85;194;sell;17:46:05.401
39.85;77;sell;17:46:05.426
39.85;244;sell;17:46:05.430
39.85;221;sell;17:46:05.490
39.85;40;sell;17:46:05.493
39.85;96;sell;17:46:05.832
39.85;151;sell;17:46:06.580
39.85;9;sell;17:46:06.711
39.85;8;sell;17:46:12.089
39.855;200;buy;17:46:13.292
39.87;1;buy;17:46:16.056
39.86;3;buy;17:46:17.210
39.855;10;sell;17:46:21.805
39.86;500;buy;17:46:27.299
39.86;1;buy;17:46:27.571
39.86;1;buy;17:46:27.909
39.86;1;buy;17:46:29.705
39.86;100;buy;17:46:32.946
39.86;57;buy;17:46:33.408
39.86;1;buy;17:46:34.530
39.855;77;sell;17:46:35.849
39.85;244;sell;17:46:35.853
39.85;221;sell;17:46:35.859
39.85;194;sell;17:46:35.864
39.845;61;sell;17:46:36.074
39.845;96;sell;17:46:36.157
39.845;75;sell;17:46:36.221
39.845;151;sell;17:46:37.051
39.855;9;sell;17:46:37.131
39.86;1;buy;17:46:37.268
39.86;1;buy;17:46:38.494
39.855;1;sell;17:46:39.482
39.86;2;buy;17:46:40.105
39.86;1;buy;17:46:40.968
39.86;10;buy;17:46:42.246
39.86;10;buy;17:46:43.908
39.86;1;buy;17:46:43.963
39.86;74;buy;17:46:44.734
39.845;11;sell;17:46:47.128
39.845;30;sell;17:46:47.631
39.845;25;sell;17:46:47.824
39.845;79;sell;17:46:47.828
39.845;31;sell;17:46:47.832
39.845;12;sell;17:46:47.837
39.86;3;buy;17:46:49.444
39.85;40;sell;17:46:50.748
39.85;126;sell;17:46:51.003
39.85;40;buy;17:46:52.345
39.85;2;buy;17:46:53.539
39.85;15;buy;17:46:53.695
39.85;100;buy;17:46:54.138
39.85;1;buy;17:46:55.467
39.85;105;buy;17:46:59.916
39.855;125;buy;17:47:00.082
39.855;186;buy;17:47:00.121
39.855;1;buy;17:47:00.470
39.855;1;buy;17:47:00.862
39.85;2;sell;17:47:01.280
39.855;10;buy;17:47:01.620
39.855;10;buy;17:47:02.189
39.855;300;buy;17:47:03.779
39.855;303;buy;17:47:04.782
39.855;180;buy;17:47:04.783
39.855;38;buy;17:47:04.821
39.86;151;sell;17:47:07.162
39.86;7;sell;17:47:07.236
39.86;100;sell;17:47:10.024
39.865;5;buy;17:47:10.367
39.86;59;sell;17:47:14.323
39.855;5;sell;17:47:18.121
39.86;5;buy;17:47:18.743
39.85;105;sell;17:47:19.121
39.85;9;buy;17:47:20.367
39.845;11;sell;17:47:21.011
39.835;1;sell;17:47:21.212
39.835;77;sell;17:47:21.282
39.83;75;sell;17:47:21.674
39.83;81;buy;17:47:22.202
39.83;279;buy;17:47:22.892
39.825;95;sell;17:47:23.014
39.83;2;buy;17:47:25.222
39.825;50;sell;17:47:26.873
39.83;30;buy;17:47:26.994
39.83;500;buy;17:47:30.185
39.84;100;buy;17:47:30.566
39.83;25;sell;17:47:33.236
39.83;31;sell;17:47:33.241
39.83;30;sell;17:47:33.246
39.83;12;sell;17:47:33.250
39.83;79;sell;17:47:33.470
39.84;500;buy;17:47:33.934
39.835;93;buy;17:47:37.964
39.835;1;buy;17:47:38.982
39.835;30;buy;17:47:41.376
39.835;1;buy;17:47:41.795
39.835;100;buy;17:47:42.571
39.83;104;sell;17:47:47.439
39.83;2;buy;17:47:49.304
39.83;1;buy;17:47:49.554
39.83;2;buy;17:47:50.222
39.83;1;buy;17:47:53.600
39.825;300;sell;17:47:54.677
39.825;107;sell;17:47:54.742
39.83;1000;buy;17:47:59.213
39.82;6;sell;17:48:03.291
39.825;3;buy;17:48:04.289
39.82;103;sell;17:48:05.345
39.825;1;buy;17:48:06.247
39.825;100;buy;17:48:06.729
39.82;5;sell;17:48:06.867
39.825;40;buy;17:48:07.924
39.82;3000;sell;17:48:09.121
39.815;1;buy;17:48:09.301
39.805;15;sell;17:48:10.202
39.815;1;buy;17:48:12.587
39.815;1;buy;17:48:13.370
39.815;2;buy;17:48:15.581
39.815;250;buy;17:48:15.966
39.81;99;sell;17:48:17.351
39.815;1;buy;17:48:18.905
39.81;79;sell;17:48:18.944
39.805;393;sell;17:48:19.723
39.805;477;sell;17:48:19.782
39.8;125;sell;17:48:19.882
39.805;40;sell;17:48:21.441
39.8;75;sell;17:48:22.024
39.81;6;buy;17:48:23.069
39.805;1;buy;17:48:23.942
39.8;102;sell;17:48:24.192
39.8;126;sell;17:48:24.381
39.8;106;sell;17:48:24.621
39.8;253;sell;17:48:24.681
39.8;239;sell;17:48:24.721
39.8;452;sell;17:48:24.723
39.8;352;sell;17:48:24.782
39.8;252;sell;17:48:24.882
39.8;251;sell;17:48:27.036
39.8;111;sell;17:48:27.074
39.8;101;sell;17:48:27.330
39.8;829;sell;17:48:28.888
39.79;106;sell;17:48:29.113
39.79;1;sell;17:48:29.117
39.79;2;sell;17:48:29.124
39.79;11;sell;17:48:29.183
39.78;4;sell;17:48:29.367
39.775;100;sell;17:48:29.556
39.76;50;sell;17:48:30.142
39.77;1;buy;17:48:32.162
39.77;95;buy;17:48:33.070
39.76;25;sell;17:48:33.614
39.76;12;sell;17:48:33.676
39.76;2;sell;17:48:33.679
39.76;28;sell;17:48:34.258
39.765;100;buy;17:48:34.519
39.77;1;buy;17:48:36.596
39.77;39;buy;17:48:37.070
39.77;27;buy;17:48:38.070
39.785;139;buy;17:48:39.070
39.78;1;buy;17:48:41.071
39.78;4;buy;17:48:42.019
39.78;1;buy;17:48:42.105
39.78;1;buy;17:48:43.465
39.78;1;buy;17:48:43.750
39.78;1;buy;17:48:44.715
39.78;100;buy;17:48:46.088
39.77;5;sell;17:48:46.251
39.775;100;buy;17:48:48.702
39.775;9;buy;17:48:49.645
39.775;110;buy;17:48:50.121
39.775;27;sell;17:48:51.594
39.775;250;sell;17:48:53.379
39.78;1;buy;17:48:55.546
39.775;118;sell;17:48:55.675
39.78;1;buy;17:48:55.826
39.775;122;sell;17:48:55.929
39.775;111;sell;17:48:56.180
39.78;1;buy;17:48:56.313
39.77;223;sell;17:48:59.377
39.77;115;sell;17:49:00.353
39.765;1;buy;17:49:00.595
39.76;104;sell;17:49:00.609
39.765;1;buy;17:49:01.240
39.765;1;buy;17:49:01.246
39.765;303;buy;17:49:01.573
39.765;125;buy;17:49:01.671
39.765;86;buy;17:49:01.671
39.76;190;buy;17:49:01.871
39.76;337;buy;17:49:02.171
39.76;200;buy;17:49:03.051
39.76;1;buy;17:49:03.606
39.76;1;buy;17:49:04.097
39.755;93;sell;17:49:04.662
39.755;111;sell;17:49:06.787
39.76;223;buy;17:49:07.471
39.76;6;buy;17:49:07.893
39.76;105;buy;17:49:10.371
39.755;5;sell;17:49:10.972
39.765;39;buy;17:49:11.471
39.765;40;buy;17:49:12.172
39.77;2;buy;17:49:13.175
39.765;110;sell;17:49:15.843
39.765;100;sell;17:49:16.100
39.765;91;sell;17:49:16.351
39.76;99;sell;17:49:18.276
39.765;16;buy;17:49:19.839
39.765;200;buy;17:49:21.694
39.77;200;buy;17:49:22.042
39.765;5;sell;17:49:22.833
39.775;18;buy;17:49:24.045
39.765;1;sell;17:49:25.161
39.775;5;buy;17:49:26.905
39.775;100;buy;17:49:31.323
39.765;111;sell;17:49:31.832
39.765;115;sell;17:49:32.916
39.765;1;sell;17:49:33.171
39.765;104;sell;17:49:33.171
39.775;611;buy;17:49:35.055
39.77;50;sell;17:49:36.726
39.77;50;sell;17:49:38.216
39.78;83;buy;17:49:38.972
39.8;261;buy;17:49:42.347
39.815;26;buy;17:49:42.382
39.82;26;buy;17:49:43.182
39.825;4;buy;17:49:43.214
39.84;5;buy;17:49:48.632
39.84;21;buy;17:49:48.982
39.845;2000;buy;17:49:51.088
39.845;48;sell;17:49:53.689
39.85;310;buy;17:49:56.876
39.85;2;sell;17:50:00.413
39.85;10;sell;17:50:00.845
39.855;18;sell;17:50:02.618
39.85;97;sell;17:50:02.872
39.85;56;sell;17:50:03.289
39.855;1;buy;17:50:04.111
39.855;400;buy;17:50:05.957
39.855;300;buy;17:50:09.383
39.85;22;sell;17:50:10.658
39.85;40;sell;17:50:12.398
39.855;50;buy;17:50:12.519
39.855;111;buy;17:50:17.924
39.855;48;buy;17:50:22.982
39.865;2;sell;17:50:24.275
39.87;1;buy;17:50:24.696
39.87;1;buy;17:50:25.244
39.87;10;buy;17:50:27.582
39.88;2522;buy;17:50:30.091
39.895;2;buy;17:50:33.600
39.895;100;buy;17:50:34.937
39.895;18;buy;17:50:40.365
39.9;53;buy;17:50:44.781
39.905;1;buy;17:50:45.982
39.92;101;buy;17:50:46.620
39.92;92;buy;17:50:46.662
39.915;90;sell;17:50:52.640
39.915;500;buy;17:50:55.536
39.92;28;buy;17:50:57.682
39.915;4941;sell;17:51:03.095
39.875;25;buy;17:51:03.097
39.875;264;buy;17:51:03.121
39.87;284;sell;17:51:03.171
39.86;392;sell;17:51:04.171
39.865;1;buy;17:51:05.298
39.855;28;sell;17:51:06.171
39.855;5679;sell;17:51:08.862
39.855;1;buy;17:51:13.107
39.855;4;buy;17:51:13.294
39.855;200;buy;17:51:14.537
39.855;127;buy;17:51:14.854
39.855;508;buy;17:51:14.882
39.855;11;buy;17:51:14.928
39.855;500;buy;17:51:14.996
39.855;201;buy;17:51:15.048
39.855;448;buy;17:51:15.100
39.855;110;buy;17:51:15.182
39.855;115;buy;17:51:15.401
39.855;105;buy;17:51:15.652
39.85;101;sell;17:51:16.082
39.85;423;sell;17:51:16.271
39.855;56;buy;17:51:16.399
39.85;280;sell;17:51:20.073
39.855;1371;buy;17:51:21.708
39.84;19;sell;17:51:22.967
39.855;1548;buy;17:51:24.364
39.885;1;buy;17:51:25.405
39.885;119;buy;17:51:29.274
39.905;81;buy;17:51:29.274
39.905;40;buy;17:51:30.335
39.905;200;buy;17:51:34.819
39.905;10;buy;17:51:34.865
39.905;175;buy;17:51:35.530
39.93;175;buy;17:51:35.793
39.935;550;buy;17:51:35.822
39.94;53;buy;17:51:35.840
39.945;516;buy;17:51:35.856
39.94;165;buy;17:51:36.049
39.94;150;buy;17:51:36.303
39.945;136;buy;17:51:36.554
39.945;124;buy;17:51:36.808
39.945;112;buy;17:51:37.066
39.93;102;buy;17:51:39.078
39.93;125;buy;17:51:39.499
39.92;100;sell;17:51:40.284
39.93;3000;buy;17:51:41.353
39.95;50;buy;17:51:46.537
39.95;22;buy;17:51:55.586
39.95;50;buy;17:51:57.627
39.95;62;buy;17:51:59.752
39.955;61;buy;17:52:03.872
39.95;2;sell;17:52:12.532
39.95;3;sell;17:52:12.681
39.945;57;sell;17:52:12.682
39.945;5;buy;17:52:13.698
39.945;5;buy;17:52:13.799
39.94;1;sell;17:52:15.897
39.94;4;sell;17:52:16.121
39.935;7;buy;17:52:21.029
39.935;2;buy;17:52:22.215
39.935;1;buy;17:52:27.798
39.935;6;buy;17:52:29.135
39.935;5;buy;17:52:30.203
39.935;1;buy;17:52:35.043
39.935;5;buy;17:52:36.835
39.935;2;buy;17:52:37.666
39.935;5;buy;17:52:39.716
39.935;5;buy;17:52:42.435
39.935;7;buy;17:52:47.875
39.935;1;buy;17:52:48.294
39.935;88;buy;17:52:49.696
39.95;2170;buy;17:53:06.169
39.955;103;buy;17:53:11.865
39.95;19;buy;17:53:12.872
39.95;665;buy;17:53:16.595
39.955;400;sell;17:53:16.596
39.96;1;buy;17:53:22.342
39.96;20;buy;17:53:22.670
39.96;4;buy;17:53:32.506
39.96;4;buy;17:53:32.692
39.96;50;buy;17:53:39.709
39.96;10;buy;17:53:42.922
39.96;3;buy;17:53:45.105
39.955;50;sell;17:53:53.216
39.96;4;buy;17:53:57.045
39.96;40;buy;17:54:00.075
39.96;12;buy;17:54:01.218
39.955;235;sell;17:54:03.962
39.955;37;sell;17:54:05.339
39.96;2;buy;17:54:09.780
39.96;251;buy;17:54:10.036
39.96;55;buy;17:54:12.307
39.96;2;buy;17:54:19.910
39.96;701;buy;17:54:24.536
39.96;3;buy;17:54:24.836
39.96;10;buy;17:54:26.708
39.96;22;buy;17:54:27.580
39.96;2;buy;17:54:31.633
39.96;79;buy;17:54:32.019
39.96;701;buy;17:54:32.071
39.96;53;buy;17:54:32.072
39.96;3;buy;17:54:32.082
39.96;701;buy;17:54:32.136
39.96;56;buy;17:54:32.137
39.96;2;buy;17:54:32.171
39.96;58;buy;17:54:32.237
39.96;59;buy;17:54:32.337
39.96;59;buy;17:54:32.382
39.96;59;buy;17:54:32.437
39.96;59;buy;17:54:32.482
39.96;59;buy;17:54:32.537
39.96;59;buy;17:54:32.582
39.96;4;buy;17:54:32.611
39.96;60;buy;17:54:32.637
39.96;60;buy;17:54:32.737
39.96;60;buy;17:54:32.837
39.96;425;buy;17:54:33.382
39.96;450;buy;17:54:33.423
39.96;2;buy;17:54:34.323
39.96;1;buy;17:54:34.382
39.96;1;buy;17:54:35.247
39.96;21;buy;17:54:36.902
39.96;250;buy;17:54:38.382
39.96;450;buy;17:54:38.423
39.96;238;buy;17:54:38.482
39.96;64;buy;17:54:38.682
39.96;64;buy;17:54:38.882
39.96;2;buy;17:54:38.959
39.96;64;buy;17:54:39.082
39.96;175;buy;17:54:39.382
39.96;65;buy;17:54:39.383
39.96;65;buy;17:54:39.482
39.96;65;buy;17:54:39.483
39.96;66;buy;17:54:39.582
39.96;66;buy;17:54:39.682
39.96;66;buy;17:54:39.782
39.96;48;buy;17:54:39.882
39.96;687;buy;17:54:40.071
39.965;6;buy;17:54:40.073
39.97;2;buy;17:54:41.121
39.975;2;buy;17:54:45.121
39.98;120;buy;17:54:49.984
39.98;1;buy;17:54:50.734
39.98;2;buy;17:55:04.108
39.98;877;sell;17:55:10.982
39.985;1;buy;17:55:11.772
39.985;2;buy;17:55:34.302
39.985;2;buy;17:55:34.700
39.985;75;sell;17:55:38.562
39.985;201;sell;17:55:38.619
39.985;119;sell;17:55:38.633
39.985;41;sell;17:55:38.647
39.98;69;sell;17:55:38.692
39.975;125;sell;17:55:38.788
39.97;7;sell;17:55:38.881
39.975;259;buy;17:55:41.330
39.985;523;sell;17:55:41.671
39.985;66;buy;17:55:42.951
39.99;18;buy;17:55:43.314
39.985;3;sell;17:55:56.482
39.98;22;sell;17:55:56.582
39.98;3;buy;17:56:01.356
39.97;26;sell;17:56:03.482
39.96;50;sell;17:56:04.182
39.96;79;sell;17:56:04.482
39.96;21;sell;17:56:05.582
39.955;450;sell;17:56:05.623
39.955;148;sell;17:56:05.682
39.955;2892;sell;17:56:08.864
39.955;310;buy;17:56:09.077
39.96;1;buy;17:56:18.741
39.96;4;buy;17:56:20.136
39.96;25;buy;17:56:23.834
39.96;2;buy;17:56:26.744
39.96;1;buy;17:56:28.888
39.96;2;buy;17:56:28.901
39.96;100;buy;17:56:30.596
39.97;10;buy;17:56:46.810
39.97;2;buy;17:56:51.633
39.97;100;buy;17:56:54.788
39.98;19;buy;17:56:58.460
39.97;1;sell;17:57:01.831
39.98;2;buy;17:57:02.954
39.965;9;sell;17:57:03.623
39.965;5;buy;17:57:05.478
39.97;1;buy;17:57:14.689
39.97;1;buy;17:57:16.936
39.965;1;sell;17:57:28.475
39.965;15;sell;17:57:29.952
39.98;200;buy;17:57:48.764
39.965;1;sell;17:57:55.290
39.98;115;sell;17:58:01.539
39.98;3;sell;17:58:10.615
39.98;2;sell;17:58:11.850
39.985;6;buy;17:58:14.150
39.98;2;sell;17:58:15.897
39.99;5;buy;17:58:37.861
39.99;1;buy;17:58:42.883
39.995;20;buy;17:58:48.643
39.98;36;sell;17:58:48.697
40.0;2;buy;17:58:58.116
40.0;343;buy;17:59:00.871
40.0;30;sell;17:59:02.750
40.005;14;buy;17:59:03.684
40.015;1;buy;17:59:04.088
40.01;2;sell;17:59:09.307
40.015;4;buy;17:59:09.571
40.02;184;buy;17:59:09.615
40.03;201;buy;17:59:09.687
40.035;542;buy;17:59:09.787
40.04;2;sell;17:59:10.323
40.015;6;sell;17:59:10.458
40.015;1567;sell;17:59:14.188
39.99;13;sell;17:59:14.807
39.995;5;buy;17:59:19.538
39.99;10;buy;17:59:22.774
39.99;1;buy;17:59:29.759
39.99;31;buy;17:59:30.669
39.99;1;buy;17:59:35.439
39.99;10;sell;17:59:40.226
39.98;31;sell;17:59:40.898
39.99;1;buy;17:59:40.986
39.99;100;buy;17:59:45.237
39.98;200;sell;17:59:46.540
39.965;10;sell;17:59:47.706
39.985;301;buy;17:59:58.169
39.98;30;sell;18:00:01.282
39.98;1250;buy;18:00:06.432
39.99;2;buy;18:00:12.178
39.97;1601;sell;18:00:14.594
39.955;20;sell;18:00:14.911
39.965;13;buy;18:00:22.580
39.96;1;buy;18:00:26.737
39.955;26;sell;18:00:29.382
39.95;343;sell;18:00:30.023
39.955;50;buy;18:00:30.205
39.955;10;buy;18:00:33.090
39.955;1;buy;18:00:34.435
39.955;2;buy;18:00:38.807
39.945;36;sell;18:00:47.011
39.955;17;buy;18:00:47.834
39.955;1;buy;18:00:50.080
39.945;1011;sell;18:01:02.628
39.93;1;buy;18:01:03.586
39.93;10;buy;18:01:04.499
39.935;100;buy;18:01:10.298
39.935;1;buy;18:01:26.396
39.92;40;sell;18:01:32.621
39.935;2500;buy;18:01:34.385
39.96;1;buy;18:01:39.655
39.96;4;buy;18:01:42.519
39.94;3;sell;18:01:50.847
39.96;1;buy;18:01:54.658
39.96;1251;buy;18:01:59.717
39.94;6;sell;18:01:59.727
39.96;26;buy;18:02:04.531
39.965;183;buy;18:02:05.215
39.97;15;buy;18:02:15.782
39.97;1;buy;18:02:16.685
39.96;200;sell;18:02:17.436
39.97;300;buy;18:02:22.300
39.97;5;buy;18:02:29.582
39.97;2501;buy;18:02:30.706
39.97;259;buy;18:02:31.071
39.97;1406;buy;18:02:31.072
39.97;354;buy;18:02:31.423
39.97;1;buy;18:02:31.425
39.97;1;buy;18:02:33.611
39.97;5;buy;18:02:34.243
39.97;2;buy;18:02:34.574
39.97;1;buy;18:02:37.050
39.97;210;buy;18:02:39.957
39.985;1250;buy;18:02:42.389
39.97;8;sell;18:02:46.042
39.985;250;buy;18:02:50.995
39.97;300;sell;18:02:54.890
39.98;2;buy;18:02:58.048
39.965;200;buy;18:03:04.394
39.975;12;buy;18:03:09.795
39.975;2;buy;18:03:11.649
39.975;6;buy;18:03:16.726
39.97;19;buy;18:03:21.520
39.975;4;buy;18:03:22.495
39.975;2;buy;18:03:25.476
39.975;1;buy;18:03:32.809
39.975;3;buy;18:03:36.324
39.975;125;buy;18:03:48.854
39.975;2;buy;18:03:54.186
39.975;3;buy;18:03:54.193
39.97;300;sell;18:03:54.897
39.97;60;buy;18:03:57.242
39.97;125;buy;18:03:59.567
39.975;1;buy;18:04:01.804
39.96;1;buy;18:04:07.985
39.96;10;buy;18:04:08.056
39.96;3;buy;18:04:09.050
39.96;6;buy;18:04:10.095
39.95;25;sell;18:04:13.969
39.955;10;sell;18:04:16.359
39.945;50;sell;18:04:16.612
39.95;1;buy;18:04:16.668
39.945;1;buy;18:04:19.860
39.945;20;buy;18:04:22.901
39.945;23;buy;18:04:24.237
39.95;1;buy;18:04:30.252
39.955;100;buy;18:04:33.118
39.97;19;buy;18:04:37.068
39.97;200;buy;18:04:37.980
39.96;10;buy;18:04:49.907
39.96;3;buy;18:04:55.783
39.965;1;buy;18:04:56.012
39.96;2;buy;18:04:57.132
39.96;1;buy;18:05:06.275
39.95;10;sell;18:05:11.100
39.955;3;buy;18:05:22.080
39.955;11;buy;18:05:25.946
39.955;250;buy;18:05:26.905
39.96;8;buy;18:05:44.576
39.96;5;buy;18:05:47.785
39.96;8;buy;18:05:52.779
39.96;250;buy;18:05:54.999
39.965;250;buy;18:06:10.762
39.965;2;buy;18:06:14.755
39.965;75;buy;18:06:15.482
39.975;8;buy;18:06:16.878
39.975;3661;buy;18:06:24.138
39.975;250;sell;18:06:28.471
39.97;25;buy;18:06:29.103
39.95;400;sell;18:06:29.984
39.97;11;buy;18:06:34.430
39.95;98;sell;18:06:37.035
39.955;10;buy;18:06:41.508
39.95;1;sell;18:06:47.437
39.945;4;sell;18:06:47.690
39.94;103;sell;18:06:47.941
39.94;140;sell;18:06:50.371
39.945;54;buy;18:06:53.320
39.94;40;sell;18:06:57.732
39.945;2;buy;18:06:57.827
39.945;1;buy;18:07:01.976
39.945;10;buy;18:07:09.421
39.945;1;buy;18:07:15.335
39.945;145;buy;18:07:18.888
39.945;4;sell;18:07:19.114
39.945;99;sell;18:07:25.982
39.945;252;sell;18:07:26.023
39.94;23;buy;18:07:35.850
39.935;12;sell;18:07:41.523
39.93;23;sell;18:07:41.582
39.92;112;sell;18:07:41.782
39.91;4;sell;18:07:42.591
39.925;1;buy;18:07:42.909
39.92;169;sell;18:07:53.508
39.92;1000;sell;18:07:58.325
39.925;1;buy;18:08:06.960
39.915;400;sell;18:08:12.427
39.9;100;sell;18:08:18.646
39.905;1;buy;18:08:20.398
39.915;151;buy;18:08:24.377
39.92;19;buy;18:08:25.945
39.915;1;buy;18:08:28.038
39.905;88;sell;18:08:30.182
39.905;1;buy;18:08:30.412
39.9;800;sell;18:08:32.765
39.92;3;buy;18:08:38.430
39.915;96;buy;18:08:41.623
39.905;1;sell;18:08:43.292
39.925;50;buy;18:08:47.751
39.92;38;sell;18:08:47.879
39.92;251;sell;18:08:50.685
39.925;29;sell;18:08:56.546
39.92;100;buy;18:08:57.979
39.92;21;buy;18:08:59.423
39.925;1;sell;18:09:06.566
39.93;38;buy;18:09:08.247
39.94;1;buy;18:09:13.623
39.94;18;buy;18:09:40.298
39.94;7;buy;18:09:41.427
39.94;51;buy;18:09:58.682
39.945;1;buy;18:10:04.076
39.945;300;buy;18:10:06.477
39.935;99;sell;18:10:10.145
39.935;90;sell;18:10:10.399
39.94;2;buy;18:10:13.389
39.94;1;buy;18:10:19.546
39.94;1;buy;18:10:19.697
39.94;1;buy;18:10:19.998
39.94;3;buy;18:10:22.874
39.935;21;sell;18:10:29.367
39.94;135;sell;18:10:37.370
39.945;1;buy;18:10:49.087
39.94;6;sell;18:10:50.752
39.94;20;sell;18:10:52.177
39.945;18;buy;18:10:54.668
39.94;13;sell;18:11:01.186
39.945;147;buy;18:11:01.623
39.945;47;buy;18:11:01.682
39.94;35;sell;18:11:02.568
39.945;206;buy;18:11:06.682
39.96;1;buy;18:11:11.234
39.96;1;buy;18:11:18.463
39.97;1;buy;18:11:30.192
39.985;200;buy;18:11:36.739
39.985;1;buy;18:11:38.425
39.985;10;buy;18:11:46.964
39.985;3;buy;18:11:56.592
39.975;290;sell;18:12:02.871
39.985;18;buy;18:12:08.739
39.985;1;buy;18:12:18.406
39.985;35;buy;18:12:20.118
39.98;1;buy;18:12:29.464
39.985;115;buy;18:12:36.810
39.985;20;buy;18:12:37.556
39.985;47;buy;18:12:38.599
39.99;5;buy;18:12:49.640
39.99;81;sell;18:12:49.782
39.99;20;buy;18:12:51.030
39.985;311;sell;18:12:58.171
39.985;642;sell;18:13:00.571
39.975;2;sell;18:13:01.082
39.97;50;sell;18:13:02.082
39.965;73;sell;18:13:02.182
39.965;27;sell;18:13:02.337
39.97;1;buy;18:13:04.821
39.96;950;sell;18:13:06.355
39.94;40;buy;18:13:07.640
39.94;5;buy;18:13:10.113
39.94;2;buy;18:13:10.749
39.94;2;buy;18:13:11.382
39.94;1;buy;18:13:12.958
39.94;1;buy;18:13:19.225
39.935;1;sell;18:13:21.395
39.94;1;buy;18:13:22.832
39.94;19;buy;18:13:23.655
39.94;1979;sell;18:13:32.371
39.945;1;sell;18:13:44.640
39.945;6;sell;18:13:46.098
39.945;32;sell;18:13:50.892
39.965;1;buy;18:13:52.769
39.965;4;buy;18:13:53.989
39.965;29;buy;18:13:56.140
39.965;3;buy;18:13:59.434
39.965;1;buy;18:14:01.381
39.945;3;sell;18:14:16.380
39.955;10;buy;18:14:29.451
39.965;247;buy;18:14:31.987
39.975;25;buy;18:14:37.462
39.975;1;buy;18:14:44.648
39.975;1;buy;18:14:45.484
39.975;1;buy;18:14:45.522
39.975;1;buy;18:14:45.581
39.975;1;buy;18:14:45.585
39.975;1;buy;18:14:45.643
39.975;1;buy;18:14:54.938
39.985;5;buy;18:15:14.768
39.985;3;buy;18:15:17.660
39.985;5;buy;18:15:19.389
39.985;287;buy;18:15:37.174
39.985;223;sell;18:15:38.054
39.985;116;sell;18:15:38.071
39.985;1252;sell;18:15:38.097
39.985;141;sell;18:15:38.104
39.985;4;sell;18:15:38.169
39.985;288;sell;18:15:38.170
39.97;283;sell;18:15:38.636
39.975;1;buy;18:15:39.369
39.965;1;sell;18:15:41.693
39.97;25;buy;18:15:44.956
39.965;103;sell;18:15:45.206
39.975;1;buy;18:15:52.134
39.975;1;buy;18:15:52.768
39.96;89;sell;18:16:02.170
39.96;93;sell;18:16:02.174
39.955;95;sell;18:16:03.355
39.955;1;buy;18:16:11.282
39.95;10;buy;18:16:16.240
39.945;1;sell;18:16:18.345
39.955;1;buy;18:16:18.630
39.95;1;sell;18:16:22.913
39.95;1;sell;18:16:22.920
39.955;1;buy;18:16:27.192
39.95;1;sell;18:16:28.200
39.95;1;sell;18:16:28.209
39.95;46;sell;18:16:34.336
39.94;3;sell;18:16:39.160
39.96;1;buy;18:16:52.774
39.96;1;buy;18:16:52.786
39.96;1;buy;18:16:52.842
39.96;1;buy;18:16:52.848
39.96;1;buy;18:16:56.854
39.965;1;buy;18:17:01.506
39.96;18;buy;18:17:04.242
39.965;1;buy;18:17:07.071
39.965;1;buy;18:17:08.270
39.97;11;buy;18:17:12.627
39.955;1;sell;18:17:13.221
39.95;8;sell;18:17:17.981
39.955;1;buy;18:17:21.890
39.95;52;sell;18:17:26.415
39.95;1;sell;18:17:33.731
39.96;10;buy;18:17:34.026
39.965;1;buy;18:17:37.084
39.965;1;buy;18:17:38.036
39.96;12;sell;18:17:41.967
39.965;1;sell;18:17:42.561
39.985;50;buy;18:17:47.276
39.985;92;buy;18:17:52.070
39.99;1;buy;18:17:52.823
39.99;3;buy;18:17:58.070
39.995;1;buy;18:17:58.188
39.995;5;buy;18:18:01.534
39.98;50;sell;18:18:01.751
39.995;24;buy;18:18:15.464
39.995;200;buy;18:18:16.040
40.0;700;buy;18:18:25.071
40.0;2;buy;18:18:25.481
40.0;1155;buy;18:18:26.070
40.0;1000;buy;18:18:27.854
39.995;1;sell;18:18:33.365
39.995;1;sell;18:18:33.459
39.995;30;sell;18:18:34.389
39.995;25;sell;18:18:41.088
39.995;1;sell;18:18:58.422
39.995;1;sell;18:18:58.487
40.0;69;buy;18:19:01.600
39.995;1;sell;18:19:07.728
39.995;420;sell;18:19:11.613
39.995;1;sell;18:19:15.861
40.0;700;buy;18:19:17.071
39.995;1;sell;18:19:17.774
40.0;3;buy;18:19:18.036
40.0;17;buy;18:19:18.072
40.0;17;buy;18:19:18.172
40.0;175;buy;18:19:18.182
40.0;18;buy;18:19:18.272
40.0;18;buy;18:19:18.973
40.0;175;buy;18:19:18.982
40.0;450;buy;18:19:19.023
40.0;300;buy;18:19:19.182
40.0;21;buy;18:19:19.272
40.0;21;buy;18:19:20.073
40.0;21;buy;18:19:20.172
40.0;21;buy;18:19:20.272
40.0;21;buy;18:19:20.372
40.0;21;buy;18:19:20.572
40.0;21;buy;18:19:20.672
40.0;21;buy;18:19:20.872
40.0;21;buy;18:19:20.972
40.0;21;buy;18:19:21.072
40.0;3;buy;18:19:23.870
40.0;616;buy;18:19:23.936
40.0;125;buy;18:19:24.282
40.0;1;buy;18:19:24.620
40.0;5000;buy;18:19:24.684
40.0;1;buy;18:19:24.736
40.0;41;buy;18:19:24.772
40.0;162;buy;18:19:24.781
40.0;41;buy;18:19:24.783
40.0;41;buy;18:19:24.822
40.0;42;buy;18:19:24.837
40.0;42;buy;18:19:24.872
40.0;42;buy;18:19:24.883
40.0;37;buy;18:19:24.922
40.0;38;buy;18:19:24.972
40.0;42;buy;18:19:24.983
40.0;42;buy;18:19:25.023
40.0;1;buy;18:19:25.072
40.0;12;buy;18:19:25.083
40.0;41;buy;18:19:25.123
40.0;43;buy;18:19:25.137
40.0;1;buy;18:19:25.572
40.0;1;buy;18:19:25.583
40.0;1;buy;18:19:25.622
40.0;10;buy;18:19:26.002
40.0;1;buy;18:19:26.072
40.0;1000;buy;18:19:27.556
40.0;120;buy;18:19:27.570
40.0;3;buy;18:19:27.621
40.0;16;buy;18:19:27.631
40.0;1;buy;18:19:27.722
39.995;1;sell;18:19:28.162
40.0;1;buy;18:19:28.222
40.0;1;buy;18:19:28.722
40.0;6;buy;18:19:29.172
39.995;303;sell;18:19:29.205
40.0;1;buy;18:19:29.222
40.0;975;buy;18:19:29.445
40.03;5;buy;18:19:29.598
40.03;100;buy;18:19:30.500
40.045;130;buy;18:19:31.142
40.05;118;buy;18:19:31.399
40.05;107;buy;18:19:31.651
40.05;1;buy;18:19:32.747
40.04;1;sell;18:19:33.593
40.045;320;sell;18:19:35.761
40.04;3;buy;18:19:47.203
40.035;89;sell;18:19:49.436
40.03;124;sell;18:19:51.436
40.035;124;buy;18:19:52.068
40.035;5;buy;18:19:54.910
40.03;400;sell;18:19:58.644
40.025;22;sell;18:20:07.536
40.02;50;sell;18:20:07.724
40.01;664;sell;18:20:08.796
40.0;46;sell;18:20:09.336
40.0;100;buy;18:20:09.497
39.995;333;sell;18:20:09.536
39.985;1;sell;18:20:13.287
39.98;1;sell;18:20:23.211
39.99;1;buy;18:20:27.326
39.99;1;buy;18:20:38.886
39.99;1;buy;18:20:42.713
39.985;1;sell;18:20:52.219
39.99;15;buy;18:20:52.979
39.985;1;sell;18:20:58.287
39.99;1;buy;18:21:00.480
39.99;139;buy;18:21:02.059
39.99;5;buy;18:21:02.596
39.995;86;buy;18:21:04.334
40.0;914;buy;18:21:04.334
40.005;621;buy;18:21:06.635
40.005;86;buy;18:21:19.037
39.995;1;buy;18:21:24.506
39.99;87;sell;18:21:25.549
39.985;1;sell;18:21:27.370
39.99;3;buy;18:21:38.913
39.99;1;buy;18:21:39.960
39.985;5;sell;18:21:40.482
39.98;86;sell;18:21:42.898
39.975;1;buy;18:21:42.909
39.965;3972;sell;18:21:44.027
39.93;1;buy;18:21:44.219
39.93;10;buy;18:21:44.983
39.93;28;buy;18:21:45.006
39.925;163;sell;18:21:53.896
39.92;2;sell;18:21:57.142
39.925;20;buy;18:22:00.118
39.925;10;buy;18:22:01.061
39.925;750;buy;18:22:09.529
39.93;3200;buy;18:22:11.523
39.955;137;sell;18:22:26.482
39.945;1;buy;18:22:36.655
39.935;162;sell;18:22:38.927
39.935;1;buy;18:22:41.108
39.93;1602;sell;18:22:41.175
39.935;2;buy;18:22:45.269
39.93;1;buy;18:22:52.660
39.92;11;sell;18:22:58.255
39.91;2;sell;18:23:00.471
39.91;1;sell;18:23:01.471
39.905;85;sell;18:23:02.281
39.9;84;sell;18:23:02.471
39.9;5;buy;18:23:06.591
39.895;1602;sell;18:23:15.532
39.9;1;buy;18:23:20.778
39.9;252;buy;18:23:25.618
39.91;16;sell;18:23:29.872
39.92;2;buy;18:23:40.778
39.92;1;buy;18:23:45.548
39.91;33;sell;18:23:46.482
39.905;62;sell;18:23:47.382
39.9;75;sell;18:23:53.123
39.895;113;sell;18:23:54.482
39.895;96;sell;18:23:54.523
39.9;1;buy;18:23:56.291
39.9;349;buy;18:23:59.060
39.91;1701;buy;18:24:02.055
39.92;1;buy;18:24:19.110
39.915;12;buy;18:24:24.819
39.91;1053;sell;18:24:41.457
39.91;5;buy;18:24:55.945
39.91;1;buy;18:24:58.237
39.9;40;sell;18:25:14.984
39.9;1602;sell;18:25:16.525
39.89;32;sell;18:25:21.614
39.905;50;buy;18:25:22.812
39.905;50;buy;18:25:31.171
39.905;1;buy;18:25:34.237
39.905;37;buy;18:25:34.971
39.905;40;buy;18:25:36.155
39.9;724;sell;18:25:36.248
39.895;2105;sell;18:25:37.954
39.89;124;sell;18:25:43.092
39.895;9;sell;18:25:52.626
39.89;594;sell;18:25:59.395
39.885;6;buy;18:26:02.266
39.895;600;buy;18:26:06.417
39.9;921;sell;18:26:07.953
39.895;7;buy;18:26:11.440
39.89;600;sell;18:26:11.547
39.895;600;buy;18:26:14.231
39.895;1;buy;18:26:15.101
39.89;6000;sell;18:26:16.184
39.885;1;buy;18:26:18.762
39.87;1;sell;18:26:21.301
39.88;1;buy;18:26:32.945
39.89;1;buy;18:26:41.925
39.89;2;buy;18:26:43.988
39.89;5;buy;18:26:47.914
39.89;618;buy;18:26:55.055
39.9;1;sell;18:26:57.738
39.93;1;buy;18:27:00.532
39.94;2;buy;18:27:11.217
39.94;5;buy;18:27:11.491
39.945;30;buy;18:27:22.577
39.93;1;sell;18:27:24.693
39.93;25;sell;18:27:27.027
39.945;7;buy;18:27:29.313
39.97;1;sell;18:28:14.536
39.945;32;sell;18:28:21.366
39.955;75;buy;18:28:21.676
39.955;285;sell;18:28:59.840
39.96;250;buy;18:29:06.469
39.96;30;sell;18:29:08.035
39.975;2;buy;18:29:13.936
39.975;1;buy;18:29:18.264
39.975;19;buy;18:29:27.063
39.975;2;buy;18:29:28.567
39.96;13;sell;18:29:43.331
39.975;83;buy;18:29:46.023
39.975;1;buy;18:29:55.817
39.975;391;buy;18:29:55.846
39.975;28;sell;18:29:57.483
39.96;1;sell;18:30:08.220
39.96;12;sell;18:30:16.423
39.955;3;sell;18:30:16.982
39.955;10;buy;18:30:23.302
39.95;12;sell;18:30:27.523
39.94;5;sell;18:30:31.550
39.93;119;sell;18:30:31.803
39.92;700;buy;18:30:33.850
39.94;1;sell;18:30:34.120
39.94;452;sell;18:30:53.796
39.935;200;buy;18:31:02.900
39.935;3;buy;18:31:04.263
39.93;400;sell;18:31:09.879
39.93;1;buy;18:31:13.454
39.93;78;buy;18:31:23.500
39.945;12;buy;18:31:27.422
39.955;9;buy;18:31:31.438
39.94;1;buy;18:31:44.350
39.94;1242;buy;18:31:48.424
39.95;132;sell;18:31:50.555
39.955;7;buy;18:32:01.118
39.955;1;buy;18:32:33.028
39.96;2;buy;18:32:33.160
39.965;300;buy;18:32:35.230
39.97;1;buy;18:32:41.679
39.97;1;buy;18:32:42.893
39.955;200;sell;18:32:54.763
39.97;10;buy;18:32:58.157
39.97;5;buy;18:33:09.538
39.975;1;buy;18:33:30.113
39.975;423;sell;18:33:30.972
39.965;2;buy;18:33:32.788
39.965;1;buy;18:33:33.847
39.965;11;buy;18:33:37.129
39.965;3;buy;18:33:39.180
39.965;249;buy;18:33:59.274
39.965;700;buy;18:34:03.008
39.99;1;buy;18:34:08.940
39.99;2;buy;18:34:20.913
39.995;110;buy;18:34:20.929
39.995;11;buy;18:34:28.942
40.0;3;buy;18:34:40.766
39.99;1479;sell;18:34:46.842
39.995;12;buy;18:35:00.221
39.975;1;sell;18:35:02.917
39.985;2;buy;18:35:05.222
39.98;4;sell;18:35:09.282
39.975;78;sell;18:35:09.287
39.975;255;sell;18:35:09.823
39.975;165;sell;18:35:10.181
39.975;180;sell;18:35:10.182
39.98;3;buy;18:35:10.222
39.98;1250;buy;18:35:13.800
39.98;1250;buy;18:35:14.666
39.98;1;buy;18:35:19.175
39.98;73;buy;18:35:19.352
40.0;1;buy;18:35:26.394
40.0;100;buy;18:35:32.186
39.98;1442;sell;18:35:34.817
39.975;586;sell;18:35:36.300
39.975;24;buy;18:35:36.324
39.98;28;buy;18:35:36.335
39.975;112;buy;18:35:45.403
39.98;201;buy;18:35:45.404
39.98;478;buy;18:35:45.414
40.0;49;buy;18:35:45.613
40.01;201;buy;18:35:45.889
40.01;201;buy;18:35:45.914
40.01;101;buy;18:35:45.926
40.01;31;buy;18:35:45.983
40.01;43;buy;18:35:46.094
40.01;56;buy;18:35:46.199
40.01;63;buy;18:35:46.890
40.01;5;buy;18:35:46.977
40.01;1;buy;18:35:58.128
40.0;14;buy;18:36:08.420
40.0;2;buy;18:36:10.768
40.0;145;buy;18:36:12.683
40.0;1;buy;18:36:15.671
40.0;1;buy;18:36:15.857
40.0;22;buy;18:36:20.324
40.0;5;buy;18:36:23.883
40.025;51;buy;18:36:23.897
40.03;11;buy;18:36:25.753
40.03;11;buy;18:36:26.326
40.03;11;buy;18:36:27.618
40.03;89;buy;18:36:27.724
40.03;3;buy;18:36:27.940
40.025;217;sell;18:36:28.671
40.03;1;buy;18:36:28.917
40.02;5;sell;18:36:29.493
40.015;23;sell;18:36:29.971
40.01;107;sell;18:36:31.771
40.01;125;sell;18:36:32.971
40.015;125;sell;18:36:33.071
40.015;105;sell;18:36:33.671
40.02;201;buy;18:36:35.527
40.02;24;buy;18:36:35.532
40.02;58;buy;18:36:35.535
40.02;46;buy;18:36:35.540
40.02;306;buy;18:36:35.562
40.02;70;buy;18:36:35.580
40.02;409;buy;18:36:35.599
40.025;8;buy;18:36:35.609
40.025;282;buy;18:36:35.662
40.035;116;buy;18:36:35.864
40.045;201;buy;18:36:35.922
40.045;105;buy;18:36:36.115
40.045;15;buy;18:36:40.395
40.045;200;buy;18:36:46.187
40.045;31;buy;18:36:46.341
40.045;31;buy;18:36:46.347
40.045;31;buy;18:36:46.350
40.045;201;buy;18:36:46.352
40.045;31;buy;18:36:46.372
40.045;123;buy;18:36:46.389
40.045;31;buy;18:36:46.439
40.045;31;buy;18:36:46.445
40.045;31;buy;18:36:46.448
40.045;31;buy;18:36:46.450
40.045;31;buy;18:36:46.452
40.045;31;buy;18:36:46.453
40.045;31;buy;18:36:46.455
40.05;31;buy;18:36:46.824
40.045;1;sell;18:36:47.499
40.05;2;buy;18:36:56.756
40.045;3;sell;18:36:58.279
40.05;10;buy;18:37:03.102
40.045;1;buy;18:37:12.456
40.045;118;buy;18:37:13.341
40.045;78;buy;18:37:13.345
40.045;95;buy;18:37:13.379
40.045;31;buy;18:37:13.407
40.045;89;buy;18:37:13.571
40.045;1;buy;18:37:17.113
40.045;1;buy;18:37:17.854
40.045;6;buy;18:37:18.973
40.045;1;sell;18:37:20.137
40.05;13;buy;18:37:21.528
40.05;1000;buy;18:37:28.185
40.05;161;buy;18:37:29.073
40.05;1;buy;18:37:46.989
40.05;1;buy;18:37:56.002
40.045;3;sell;18:37:59.631
40.05;141;buy;18:38:03.986
40.05;200;buy;18:38:04.000
40.05;31;buy;18:38:04.036
40.05;31;buy;18:38:04.053
40.05;31;buy;18:38:04.068
40.05;31;buy;18:38:04.078
40.05;5000;buy;18:38:04.442
40.095;5;buy;18:38:05.056
40.09;8;sell;18:38:05.582
40.09;20;buy;18:38:06.702
40.08;1;sell;18:38:07.398
40.075;52;buy;18:38:15.339
40.06;125;sell;18:38:20.436
40.06;125;sell;18:38:20.536
40.06;118;sell;18:38:20.636
40.06;7;sell;18:38:21.136
40.065;807;buy;18:38:21.387
40.06;50;sell;18:38:24.089
40.07;1;buy;18:38:27.157
40.075;1;buy;18:38:30.950
40.075;3;buy;18:38:31.432
40.1;18;buy;18:38:31.490
40.1;1041;buy;18:38:33.532
40.1;2;sell;18:38:33.883
40.1;274;sell;18:38:34.600
40.095;5;sell;18:38:37.473
40.105;333;buy;18:38:37.757
40.1;1;sell;18:38:43.536
40.105;2;buy;18:38:44.377
40.095;20;buy;18:38:47.416
40.095;100;buy;18:38:47.823
40.095;1100;buy;18:38:48.850
40.11;500;buy;18:38:51.780
40.095;1;buy;18:38:59.109
40.095;25;buy;18:39:02.650
40.08;50;sell;18:39:02.834
40.095;20;buy;18:39:12.751
40.085;3;sell;18:39:31.680
40.085;3;sell;18:39:34.436
40.08;500;buy;18:39:37.579
40.085;100;buy;18:39:45.236
40.085;3;buy;18:39:45.671
40.085;5;buy;18:39:49.214
40.095;2;buy;18:39:58.583
40.095;3;buy;18:40:01.396
40.085;24;sell;18:40:04.721
40.095;5;buy;18:40:10.364
40.085;1;sell;18:40:22.725
40.085;14;sell;18:40:48.835
40.085;55;buy;18:40:51.560
40.085;5;buy;18:40:59.569
40.095;5;buy;18:41:01.362
40.085;2;sell;18:41:01.831
40.095;5;buy;18:41:02.938
40.095;30;buy;18:41:05.316
40.085;9;sell;18:41:21.064
40.095;24;buy;18:41:21.114
40.095;3;buy;18:41:22.308
40.085;1;sell;18:41:24.160
40.095;2;buy;18:41:28.189
40.085;5;sell;18:41:28.674
40.085;400;sell;18:41:31.719
40.09;10;buy;18:41:34.630
40.09;7;buy;18:41:42.850
40.085;474;sell;18:41:43.143
40.08;281;buy;18:41:44.675
40.08;2;buy;18:41:45.262
40.065;1;sell;18:41:52.614
40.06;31;sell;18:42:01.933
40.055;282;sell;18:42:02.671
40.055;10;buy;18:42:03.313
40.055;4;buy;18:42:03.406
40.05;3;sell;18:42:04.100
40.05;31;sell;18:42:05.489
40.045;200;sell;18:42:05.494
40.035;1;buy;18:42:08.109
40.035;1;buy;18:42:11.979
40.03;200;sell;18:42:16.733
40.03;31;sell;18:42:27.625
40.03;5;sell;18:42:27.645
40.03;90;sell;18:42:27.731
40.02;16;sell;18:42:27.735
40.01;18;sell;18:42:27.775
40.005;18;sell;18:42:27.788
40.0;412;sell;18:42:27.811
40.0;200;sell;18:42:27.923
40.005;374;buy;18:42:28.054
40.01;1335;buy;18:42:29.055
39.995;1078;sell;18:42:39.764
39.99;91;sell;18:42:50.718
39.985;112;sell;18:42:53.825
39.985;9;sell;18:42:57.306
39.985;152;sell;18:42:59.381
39.98;139;sell;18:42:59.638
39.98;122;sell;18:42:59.682
39.98;126;sell;18:42:59.890
39.98;114;sell;18:43:00.142
39.98;125;sell;18:43:00.381
39.985;1;buy;18:43:00.556
39.98;104;sell;18:43:05.104
39.98;103;sell;18:43:05.111
39.975;125;sell;18:43:05.181
39.975;121;sell;18:43:05.182
39.97;145;sell;18:43:05.367
39.955;132;sell;18:43:05.622
39.955;108;sell;18:43:05.628
39.955;120;sell;18:43:05.875
39.955;109;sell;18:43:06.125
39.96;5;buy;18:43:06.195
39.955;310;sell;18:43:06.330
39.955;112;sell;18:43:06.615
39.955;102;sell;18:43:06.868
39.95;107;sell;18:43:07.754
39.95;99;sell;18:43:07.809
39.945;31;sell;18:43:08.900
39.94;6;sell;18:43:14.423
39.945;11;buy;18:43:15.736
39.95;100;buy;18:43:23.120
39.95;325;buy;18:43:23.120
39.955;2;buy;18:43:30.602
39.955;3;buy;18:43:35.208
39.96;1;buy;18:43:40.709
39.955;2;buy;18:43:47.350
39.955;1;buy;18:44:00.964
39.96;5;buy;18:44:22.091
39.97;56;buy;18:44:33.202
39.96;92;sell;18:44:35.075
39.96;3000;sell;18:44:37.830
39.93;28;buy;18:44:39.137
39.925;100;buy;18:44:42.913
39.925;21;buy;18:44:58.006
39.925;1;buy;18:45:00.516
39.925;100;buy;18:45:01.092
39.92;1;buy;18:45:09.029
39.92;5;buy;18:45:09.263
39.92;12;buy;18:45:13.444
39.92;426;buy;18:45:16.771
39.935;5;buy;18:45:20.884
39.93;3;buy;18:45:24.020
39.935;1;buy;18:45:41.895
39.935;7;buy;18:45:45.774
39.935;1;buy;18:45:53.158
39.935;116;buy;18:45:54.699
39.945;5;buy;18:46:00.762
39.94;57;buy;18:46:11.686
39.935;95;sell;18:46:19.971
39.93;5;sell;18:46:22.271
39.925;601;sell;18:46:22.371
39.925;41;sell;18:46:29.060
39.93;4;buy;18:46:34.641
39.93;18;buy;18:46:38.494
39.925;100;sell;18:46:40.384
39.93;200;buy;18:46:41.999
39.93;125;buy;18:46:44.957
39.935;125;buy;18:46:44.982
39.935;876;buy;18:46:45.105
39.955;144;buy;18:46:49.076
39.96;69;buy;18:46:55.160
39.96;11;buy;18:46:55.160
39.95;5;sell;18:47:08.269
39.96;50;buy;18:47:10.788
39.96;3000;buy;18:47:15.761
39.975;20;buy;18:47:18.251
39.975;1;buy;18:47:23.790
39.955;8;sell;18:47:39.122
39.965;6;buy;18:47:41.634
39.965;2;buy;18:47:47.132
39.965;800;buy;18:47:48.923
39.97;76;buy;18:47:49.627
39.96;15;sell;18:48:08.860
39.955;50;buy;18:48:10.059
39.96;1;sell;18:48:14.473
39.975;1;buy;18:48:21.406
39.97;1;buy;18:48:22.665
39.97;1;buy;18:48:30.240
39.975;1;buy;18:48:45.140
39.98;50;buy;18:48:45.557
39.985;1;buy;18:48:57.842
39.985;1;buy;18:48:58.117
39.98;6;buy;18:49:07.359
39.975;20;buy;18:49:09.166
39.975;5;buy;18:49:33.482
39.97;436;sell;18:49:51.138
39.955;2164;sell;18:49:51.138
39.945;28;buy;18:49:51.725
39.95;3;buy;18:49:55.870
39.935;25;sell;18:49:58.485
39.945;10;buy;18:50:13.039
39.94;1;buy;18:50:18.776
39.94;13;buy;18:50:22.177
39.94;8;buy;18:50:26.382
39.94;200;buy;18:50:27.071
39.945;501;buy;18:50:28.471
39.945;260;sell;18:50:39.198
39.955;2;buy;18:50:52.538
39.955;1;buy;18:51:08.564
39.945;5000;sell;18:51:11.392
39.925;58;buy;18:51:16.224
39.935;8;buy;18:51:26.345
39.925;300;sell;18:51:37.796
39.94;10;buy;18:51:40.563
39.94;70;sell;18:51:49.492
39.95;4;buy;18:52:00.371
39.945;1;sell;18:52:03.194
39.95;10;buy;18:52:05.539
39.95;300;buy;18:52:12.664
39.95;17;buy;18:52:12.901
39.95;1;buy;18:52:21.356
39.95;83;sell;18:52:24.327
39.95;10;buy;18:52:26.121
39.95;18;buy;18:52:26.657
39.95;2;buy;18:52:34.319
39.95;13;buy;18:52:35.020
39.95;150;buy;18:52:35.430
39.965;1;buy;18:52:57.031
39.965;2;buy;18:53:23.592
39.955;21;sell;18:53:26.122
39.95;18;sell;18:53:27.121
39.935;15;sell;18:53:27.946
39.935;15;buy;18:53:32.948
39.935;13;buy;18:53:38.779
39.935;100;buy;18:53:39.631
39.945;25;buy;18:53:49.655
39.945;639;sell;18:54:25.379
39.945;300;sell;18:54:33.969
39.95;3;buy;18:54:34.105
39.955;1;buy;18:54:34.619
39.945;1;sell;18:54:36.828
39.955;1;buy;18:54:38.376
39.95;125;sell;18:54:54.625
39.885;794;buy;18:57:36.292
39.885;12;sell;18:57:36.292
39.885;9;buy;18:57:36.292
39.885;2;sell;18:57:36.292
39.885;546;buy;18:57:36.292
39.885;51;sell;18:57:36.292
39.885;883;buy;18:57:36.292
39.885;2;sell;18:57:36.292
39.885;5;buy;18:57:36.292
39.885;1;sell;18:57:36.292
39.885;311;buy;18:57:36.292
39.885;21;sell;18:57:36.292
39.885;10;sell;18:59:26.249
39.94;1;buy;19:00:03.357
39.94;1;buy;19:00:05.800
39.94;1;buy;19:00:05.857
39.92;73;sell;19:00:06.597
39.93;3;sell;19:00:08.366
39.93;11;sell;19:00:08.563
39.93;4;sell;19:00:08.932
39.92;85;sell;19:00:10.000
39.905;11;sell;19:00:10.890
39.905;379;sell;19:00:10.891
39.9;11;sell;19:00:11.284
39.9;7;sell;19:00:12.965
39.9;78;sell;19:00:13.121
39.9;222;sell;19:00:13.126
39.9;9;sell;19:00:13.304
39.905;1;buy;19:00:13.450
39.92;3;buy;19:00:14.949
39.905;167;sell;19:00:15.066
39.905;316;sell;19:00:15.072
39.915;1;buy;19:00:15.581
39.915;3;buy;19:00:16.115
39.92;2;buy;19:00:22.210
39.92;1;buy;19:00:25.254
39.91;1;sell;19:00:30.296
39.92;10;buy;19:00:33.705
39.915;27;sell;19:00:34.327
39.92;1;buy;19:00:43.110
39.92;3;sell;19:00:45.875
39.92;13;sell;19:00:47.282
39.92;33;sell;19:00:56.178
39.93;3;buy;19:00:57.430
39.92;12;sell;19:00:58.594
39.92;240;sell;19:00:58.706
39.905;156;sell;19:01:00.599
39.92;1;buy;19:01:06.685
39.92;105;sell;19:01:32.385
39.92;1;buy;19:01:41.004
39.92;2;buy;19:01:41.374
39.92;250;buy;19:01:44.725
39.92;1;buy;19:01:47.720
39.92;3;buy;19:01:48.733
39.925;104;buy;19:01:51.060
39.94;1;buy;19:01:52.182
39.94;185;buy;19:01:55.069
39.94;129;buy;19:01:58.945
39.94;2;buy;19:02:09.196
39.94;1;buy;19:02:09.467
39.925;60;sell;19:02:11.471
39.925;4;buy;19:02:11.744
39.92;3;sell;19:02:12.481
39.915;5;sell;19:02:17.708
39.925;100;sell;19:02:45.290
39.925;20;buy;19:02:45.744
39.92;1;buy;19:02:46.905
39.92;50;buy;19:02:59.982
39.92;1;buy;19:03:01.641
39.905;41;sell;19:03:09.120
39.9;102;sell;19:03:09.449
39.9;81;sell;19:03:10.120
39.895;40;sell;19:03:17.775
39.89;223;sell;19:03:17.972
39.89;118;sell;19:03:17.973
39.89;110;sell;19:03:17.974
39.89;104;sell;19:03:18.026
39.885;253;sell;19:03:18.125
39.875;108;sell;19:03:19.259
39.865;75;sell;19:03:19.299
39.865;320;buy;19:03:19.409
39.87;101;sell;19:03:38.099
39.875;2;buy;19:03:47.761
39.875;1;buy;19:03:49.727
39.875;1;buy;19:03:50.620
39.875;2;buy;19:03:54.287
39.87;702;sell;19:03:57.371
39.87;13;sell;19:03:57.472
39.87;13;sell;19:03:57.572
39.87;13;sell;19:03:57.672
39.87;13;sell;19:03:57.772
39.87;13;sell;19:03:57.872
39.87;13;sell;19:03:57.972
39.87;3;sell;19:03:58.120
39.87;13;sell;19:03:58.372
39.87;13;sell;19:03:58.472
39.87;99;sell;19:03:58.842
39.87;5;sell;19:04:10.697
39.875;1;buy;19:04:17.785
39.875;30;buy;19:04:27.089
39.875;1;buy;19:04:27.895
39.87;2000;sell;19:04:34.494
39.85;3;buy;19:04:34.589
39.83;20;sell;19:04:34.791
39.83;40;sell;19:04:35.168
39.85;20;buy;19:04:37.676
39.85;2;buy;19:04:39.810
39.84;5;sell;19:04:49.981
39.855;100;buy;19:05:01.583
39.855;10;buy;19:05:02.532
39.855;1;buy;19:05:06.472
39.85;1;sell;19:05:07.170
39.86;1;buy;19:05:11.609
39.86;97;buy;19:05:26.999
39.875;1;buy;19:05:34.310
39.875;1;buy;19:05:41.189
39.875;702;buy;19:05:51.171
39.875;250;buy;19:05:51.281
39.875;573;buy;19:05:53.371
39.895;20;buy;19:06:01.742
39.905;8;buy;19:06:10.364
39.91;1;buy;19:06:23.863
39.9;35;sell;19:06:32.422
39.905;5;buy;19:06:32.612
39.905;276;buy;19:06:43.107
39.905;40;buy;19:06:45.406
39.905;3;buy;19:06:47.359
39.905;1;buy;19:06:53.922
39.905;1;buy;19:07:01.207
39.905;15;buy;19:07:06.773
39.905;1000;buy;19:07:08.816
39.9;100;sell;19:07:20.898
39.905;1;buy;19:07:39.810
39.905;3;buy;19:07:41.224
39.885;5;sell;19:07:45.273
39.9;2;sell;19:07:52.194
39.905;6;buy;19:08:06.399
39.905;26;buy;19:08:23.575
39.905;2;buy;19:08:45.116
39.9;850;sell;19:08:52.495
39.9;3;buy;19:08:54.848
39.9;1;buy;19:09:04.744
39.9;50;buy;19:09:08.880
39.895;4;sell;19:09:12.324
39.91;1;buy;19:09:30.807
39.91;25;buy;19:09:46.605
39.91;6;buy;19:09:50.889
39.91;50;buy;19:09:52.196
39.91;31;sell;19:10:04.908
39.91;31;sell;19:10:04.919
39.91;31;sell;19:10:04.920
39.91;31;sell;19:10:04.921
39.91;31;sell;19:10:04.922
39.91;31;sell;19:10:04.925
39.91;31;sell;19:10:04.926
39.91;31;sell;19:10:04.927
39.91;93;sell;19:10:04.928
39.91;48;sell;19:10:04.929
39.91;86;sell;19:10:04.938
39.915;1;buy;19:10:05.127
39.915;1;buy;19:10:09.223
39.9;133;sell;19:10:12.712
39.895;134;sell;19:10:12.966
39.895;122;sell;19:10:13.217
39.895;110;sell;19:10:23.279
39.9;1;buy;19:10:23.423
39.895;385;sell;19:10:31.371
39.895;66;buy;19:10:32.583
39.89;6;buy;19:10:34.635
39.885;100;sell;19:10:37.043
39.89;1;buy;19:10:39.428
39.88;3;sell;19:11:03.230
39.88;1500;sell;19:11:11.646
39.85;88;sell;19:11:13.937
39.865;1;buy;19:11:20.148
39.87;2;buy;19:11:31.206
39.865;10;buy;19:11:47.034
39.865;10;buy;19:11:47.329
39.865;10;buy;19:11:49.973
39.865;1;buy;19:11:57.263
39.85;500;sell;19:11:59.074
39.865;2;buy;19:12:04.186
39.865;1;buy;19:12:05.323
39.845;100;sell;19:12:09.316
39.865;8;buy;19:12:14.588
39.865;1;buy;19:12:29.444
39.865;10;buy;19:12:41.882
39.865;519;buy;19:12:45.337
39.87;100;buy;19:12:45.754
39.87;1;buy;19:12:45.805
39.865;21;sell;19:12:47.233
39.87;1;buy;19:13:06.071
39.87;3;buy;19:13:08.281
39.87;1500;buy;19:13:08.666
39.865;10;sell;19:13:09.624
39.87;4;buy;19:13:16.814
39.87;1;buy;19:13:18.827
39.87;514;buy;19:13:23.771
39.87;451;buy;19:13:24.122
39.87;352;buy;19:13:24.181
39.87;1;buy;19:13:52.691
39.865;11;sell;19:13:53.249
39.87;132;buy;19:13:55.679
39.87;197;sell;19:13:56.021
39.87;313;sell;19:14:12.822
39.865;176;sell;19:14:12.881
39.865;138;sell;19:14:12.922
39.865;176;sell;19:14:12.981
39.865;433;sell;19:14:16.571
39.86;1;sell;19:14:17.522
39.86;1;buy;19:14:20.081
39.86;1;buy;19:14:26.040
39.86;5;buy;19:14:36.568
39.86;1;buy;19:14:38.607
39.85;21;sell;19:14:40.371
39.86;3;buy;19:14:40.580
39.845;4;sell;19:14:41.471
39.84;130;sell;19:14:43.023
39.83;100;buy;19:14:45.619
39.83;22;buy;19:14:45.875
39.82;33;sell;19:14:48.668
39.82;1389;sell;19:14:48.718
39.82;22;buy;19:14:51.419
39.82;25;buy;19:14:53.184
39.815;60;sell;19:14:56.122
39.815;120;sell;19:15:03.205
39.805;350;sell;19:15:03.319
39.8;600;sell;19:15:03.500
39.8;3;sell;19:15:03.667
39.815;5;buy;19:15:04.588
39.81;1;buy;19:15:06.204
39.805;44;sell;19:15:08.098
39.8;21;sell;19:15:13.415
39.8;100;sell;19:15:14.213
39.8;22;sell;19:15:16.804
39.8;134;sell;19:15:17.814
39.8;244;sell;19:15:17.871
39.8;122;sell;19:15:18.071
39.8;110;sell;19:15:18.324
39.805;1;buy;19:15:18.403
39.8;100;sell;19:15:18.574
39.8;91;sell;19:15:18.825
39.8;7;sell;19:15:18.828
39.8;2;sell;19:15:18.840
39.8;552;sell;19:15:18.881
39.8;451;sell;19:15:18.922
39.8;252;sell;19:15:18.981
39.8;22;sell;19:15:19.032
39.8;141;sell;19:15:19.081
39.79;11;sell;19:15:19.587
39.79;1;sell;19:15:19.674
39.79;68;sell;19:15:19.677
39.79;201;sell;19:15:19.721
39.79;53;sell;19:15:20.674
39.78;88;sell;19:15:20.828
39.775;1;buy;19:15:20.961
39.77;111;sell;19:15:22.830
39.77;112;sell;19:15:23.048
39.77;100;sell;19:15:23.082
39.77;111;sell;19:15:23.207
39.77;134;sell;19:15:23.218
39.765;122;sell;19:15:23.480
39.77;3;buy;19:15:23.683
39.765;111;sell;19:15:23.734
39.765;112;sell;19:15:24.180
39.765;18;sell;19:15:24.185
39.77;1306;buy;19:15:26.056
39.78;350;buy;19:15:26.436
39.765;152;sell;19:15:26.982
39.78;5;buy;19:15:29.562
39.785;8;buy;19:15:31.622
39.79;12;buy;19:15:35.229
39.79;10;buy;19:15:41.000
39.79;1;buy;19:15:43.075
39.79;2;buy;19:15:43.192
39.795;1;buy;19:15:45.382
39.785;50;sell;19:15:48.432
39.805;2;buy;19:15:59.056
39.795;3;buy;19:16:08.731
39.79;1500;sell;19:16:10.411
39.76;20;sell;19:16:23.472
39.775;2;buy;19:16:25.049
39.765;5;buy;19:16:28.261
39.775;7;buy;19:16:28.348
39.765;1;buy;19:16:33.836
39.77;1;buy;19:16:34.836
39.765;450;sell;19:16:45.552
39.78;5;buy;19:16:47.999
39.78;75;buy;19:16:53.841
39.78;100;buy;19:16:55.662
39.785;500;buy;19:16:56.979
39.785;1;buy;19:17:10.556
39.79;4;buy;19:17:15.705
39.77;11;sell;19:17:46.684
39.77;22;sell;19:17:49.784
39.78;20;buy;19:18:06.510
39.78;2829;buy;19:18:07.160
39.79;5;sell;19:18:08.305
39.795;200;sell;19:18:17.990
39.795;1;sell;19:18:23.285
39.815;5;buy;19:18:26.270
39.815;1;buy;19:18:27.168
39.825;20;buy;19:18:30.352
39.815;144;sell;19:18:36.197
39.81;5;sell;19:18:39.573
39.815;6;buy;19:18:49.240
39.815;329;buy;19:18:56.405
39.815;156;sell;19:18:56.422
39.815;285;sell;19:19:00.922
39.815;1;buy;19:19:03.980
39.815;1;buy;19:19:06.819
39.81;50;buy;19:19:15.611
39.81;14;buy;19:19:21.026
39.81;4;buy;19:19:23.586
39.81;1;buy;19:19:25.653
39.81;10;buy;19:19:33.235
39.81;3;buy;19:19:39.258
39.81;100;buy;19:19:39.629
39.8;250;sell;19:19:54.015
39.8;10;sell;19:19:55.388
39.81;472;buy;19:20:06.885
39.815;50;buy;19:20:16.578
39.81;1;sell;19:20:25.323
39.815;1583;buy;19:20:26.485
39.825;150;buy;19:20:33.730
39.825;2;buy;19:20:39.021
39.82;2;buy;19:20:49.050
39.81;703;sell;19:20:54.671
39.815;1;buy;19:21:01.642
39.815;50;buy;19:21:01.662
39.81;94;sell;19:21:02.800
39.81;6;sell;19:21:05.983
39.81;4;sell;19:21:09.407
39.815;16;buy;19:21:12.251
39.815;99;buy;19:21:12.663
39.815;14;buy;19:21:16.132
39.81;4;sell;19:21:18.202
39.815;27;buy;19:21:26.380
39.815;3;buy;19:21:30.292
39.81;2;sell;19:21:34.366
39.815;191;buy;19:21:46.732
39.81;2;sell;19:21:50.736
39.81;163;sell;19:21:50.814
39.81;3;sell;19:21:50.816
39.81;51;sell;19:21:50.881
39.8;89;sell;19:21:50.960
39.805;2;buy;19:21:57.540
39.805;6;buy;19:21:57.814
39.8;1;sell;19:22:04.746
39.805;34;buy;19:22:11.471
39.81;12;buy;19:22:12.171
39.805;200;sell;19:22:14.848
39.81;4000;buy;19:22:25.164
39.845;4;buy;19:22:25.310
39.815;12;sell;19:22:32.813
39.835;8;buy;19:22:35.161
39.835;10;buy;19:22:37.832
39.835;1;buy;19:22:38.812
39.835;4;buy;19:22:44.208
39.815;2;sell;19:22:46.264
39.815;5;sell;19:22:47.760
39.84;1;buy;19:22:55.492
39.82;4;sell;19:22:57.452
39.82;1300;sell;19:23:02.532
39.84;1;buy;19:23:12.894
39.82;3;sell;19:23:26.644
39.84;14;buy;19:23:41.920
39.82;25;sell;19:23:47.753
39.85;1;buy;19:23:59.992
39.85;10;sell;19:24:18.402
39.85;200;sell;19:24:18.867
39.85;1;buy;19:24:20.484
39.85;3;buy;19:24:51.642
39.85;1;buy;19:24:51.863
39.85;280;buy;19:24:57.601
39.85;1500;buy;19:25:02.659
39.865;791;buy;19:25:03.149
39.875;1509;buy;19:25:03.149
39.88;100;buy;19:25:05.166
39.885;3;buy;19:25:07.684
39.88;35;buy;19:25:19.091
39.88;1;buy;19:25:27.106
39.86;20;sell;19:25:28.757
39.88;7;buy;19:25:29.567
39.86;5;sell;19:25:36.159
39.88;40;buy;19:25:42.072
39.88;300;sell;19:25:56.758
39.885;135;buy;19:26:05.964
39.87;444;sell;19:26:19.423
39.895;4;buy;19:26:27.131
39.895;5;buy;19:26:33.762
39.895;397;buy;19:26:36.596
39.895;74;sell;19:26:51.231
39.9;10;buy;19:27:06.647
39.9;2;buy;19:27:13.077
39.9;7;buy;19:27:16.766
39.9;4;buy;19:27:26.258
39.9;20;buy;19:27:45.628
39.895;40;sell;19:27:51.513
39.9;25;buy;19:27:56.106
39.895;3;sell;19:28:09.122
39.9;28;buy;19:28:09.365
39.9;1000;buy;19:28:12.689
39.925;4;buy;19:28:12.772
39.915;1;buy;19:28:15.423
39.9;23;sell;19:28:18.772
39.9;10;buy;19:28:22.209
39.9;350;buy;19:28:24.013
39.91;200;buy;19:28:42.947
39.91;1;buy;19:28:45.885
39.91;1000;buy;19:28:47.281
39.925;5;buy;19:28:47.543
39.9;10;sell;19:29:03.059
39.92;1;buy;19:29:09.151
39.92;1;buy;19:29:27.235
39.915;4;buy;19:29:33.896
39.915;1;buy;19:29:41.053
39.915;9;buy;19:29:48.082
39.92;1;buy;19:30:05.698
39.9;10;sell;19:30:06.457
39.92;5;buy;19:30:16.845
39.91;131;sell;19:30:29.678
39.92;2;buy;19:30:32.944
39.92;10;buy;19:30:36.671
39.915;15;buy;19:30:55.618
39.915;10;buy;19:30:56.689
39.91;1;sell;19:31:00.883
39.91;45;sell;19:31:21.871
39.915;1;buy;19:31:35.920
39.915;2;buy;19:31:36.480
39.915;2;buy;19:31:38.585
39.92;125;buy;19:31:39.094
39.91;1;sell;19:31:47.104
39.93;1;buy;19:31:52.279
39.93;100;buy;19:31:57.989
39.93;1;buy;19:31:58.022
39.93;130;sell;19:32:06.064
39.935;3;buy;19:32:08.636
39.935;5;buy;19:32:18.605
39.935;10;buy;19:32:21.161
39.94;1;buy;19:32:31.556
39.94;9;buy;19:32:33.049
39.945;100;buy;19:32:38.035
39.955;1;buy;19:32:46.232
39.94;10;sell;19:32:49.588
39.95;1500;buy;19:33:02.165
39.965;18;buy;19:33:09.350
39.96;2;buy;19:33:22.707
39.965;3;buy;19:33:24.371
39.96;29;sell;19:33:26.167
39.96;407;buy;19:33:41.803
39.975;6;buy;19:33:44.034
39.975;8;buy;19:33:46.238
39.975;5;buy;19:33:47.912
39.975;5;buy;19:33:48.023
39.97;218;sell;19:33:48.428
39.955;200;sell;19:33:53.111
39.965;1;buy;19:34:07.306
39.965;10;buy;19:34:11.114
39.965;1;buy;19:34:20.718
39.965;1;buy;19:34:26.168
39.965;43;buy;19:34:41.698
39.96;3;sell;19:34:52.049
39.965;10;buy;19:35:05.172
39.965;1;buy;19:35:20.967
39.965;1;buy;19:35:22.873
39.965;2;buy;19:35:23.129
39.965;250;buy;19:35:28.158
39.965;250;buy;19:35:35.642
39.96;210;sell;19:35:36.048
39.95;250;buy;19:35:38.623
39.95;100;buy;19:35:47.422
39.95;1;buy;19:35:51.289
39.95;182;buy;19:35:54.183
39.95;2;sell;19:36:00.645
39.975;250;buy;19:36:17.833
39.975;1;buy;19:36:21.759
39.975;5;buy;19:36:23.999
39.975;1;buy;19:36:27.449
39.975;92;buy;19:36:37.022
39.975;125;buy;19:36:37.081
39.975;177;buy;19:36:37.181
39.98;5;sell;19:36:40.064
39.985;67;buy;19:36:43.744
39.99;50;sell;19:36:49.269
39.995;101;buy;19:36:57.298
39.995;249;buy;19:37:03.267
40.005;1;buy;19:37:07.181
40.005;143;buy;19:37:15.083
40.03;130;buy;19:37:15.342
40.04;118;buy;19:37:15.611
40.035;107;sell;19:37:21.481
40.035;2;buy;19:37:36.816
40.02;30;sell;19:37:36.877
40.03;1;buy;19:37:38.067
40.025;15;buy;19:37:45.793
40.025;50;sell;19:38:07.371
40.035;1;buy;19:38:17.936
40.03;1;buy;19:38:27.731
40.03;11;buy;19:38:34.066
40.03;25;buy;19:38:42.873
40.035;1318;buy;19:38:57.249
40.035;9;buy;19:38:59.836
40.035;1;buy;19:39:00.250
40.02;2;sell;19:39:02.355
40.03;3;buy;19:39:27.837
40.03;6;buy;19:39:37.132
40.02;2825;sell;19:39:44.662
40.015;10;buy;19:39:56.854
40.015;1;buy;19:40:03.586
40.015;3;buy;19:40:04.367
39.99;10000;sell;19:40:47.592
39.97;4;sell;19:40:47.720
39.99;5;buy;19:41:00.673
39.97;25;sell;19:41:03.550
39.99;5;buy;19:41:05.502
39.99;28;buy;19:41:05.946
39.99;9;buy;19:41:07.033
39.99;1;buy;19:41:13.552
39.97;25;sell;19:41:16.348
39.97;4;sell;19:41:19.847
39.985;100;buy;19:41:20.060
39.99;120;buy;19:41:20.143
39.97;50;sell;19:41:24.061
39.995;1;sell;19:41:27.571
39.975;25;sell;19:41:30.997
39.975;1000;sell;19:41:39.796
39.955;4;sell;19:41:39.922
39.98;1;buy;19:41:47.130
39.98;1;buy;19:41:49.354
39.98;25;buy;19:41:58.052
39.975;28;sell;19:42:00.259
39.975;500;sell;19:42:01.770
39.95;25;sell;19:42:04.261
39.955;50;sell;19:42:06.929
39.975;2;buy;19:42:38.325
39.975;2;buy;19:42:56.741
39.96;8;sell;19:43:02.187
39.96;1;sell;19:43:30.592
39.975;1;buy;19:43:33.990
39.96;100;sell;19:43:40.044
39.975;6;buy;19:43:40.058
39.965;2;sell;19:43:44.562
39.965;2;sell;19:43:45.312
39.965;1;sell;19:43:47.716
39.975;2;buy;19:43:49.131
39.975;2;buy;19:43:55.290
39.965;19;sell;19:43:55.418
39.975;1;buy;19:43:59.983
39.975;2;buy;19:44:00.389
39.975;1;buy;19:44:04.601
39.975;1;buy;19:44:06.158
39.975;1;buy;19:44:12.654
39.975;1;buy;19:44:14.478
39.975;1000;buy;19:44:55.039
39.97;200;sell;19:45:03.331
39.96;213;sell;19:45:12.108
39.965;50;sell;19:45:34.805
39.965;10;sell;19:45:46.308
39.975;50;buy;19:46:04.239
39.965;140;sell;19:46:07.702
39.96;1;buy;19:46:24.000
39.96;5;buy;19:46:26.862
39.955;5;sell;19:46:32.359
39.945;4;sell;19:46:32.479
39.955;1;buy;19:46:36.170
39.95;77;sell;19:46:47.207
39.95;60;buy;19:47:05.811
39.94;68;sell;19:47:06.687
39.94;5;buy;19:47:16.091
39.935;8;sell;19:47:37.893
39.93;128;sell;19:47:37.893
39.935;1;buy;19:47:40.927
39.935;137;buy;19:47:55.995
39.925;102;sell;19:48:20.973
39.935;1;buy;19:48:22.704
39.915;1318;sell;19:48:28.273
39.93;1;buy;19:48:32.815
39.93;1;buy;19:48:35.445
39.93;2;buy;19:48:37.588
39.93;44;buy;19:48:37.615
39.93;58;buy;19:48:37.615
39.93;20;buy;19:48:43.534
39.93;4;buy;19:49:30.637
39.93;1;buy;19:49:39.540
39.93;30;buy;19:50:00.665
39.93;10;buy;19:50:05.990
39.92;119;sell;19:50:11.205
39.93;1;buy;19:50:15.007
39.93;50;buy;19:50:20.227
39.93;4;buy;19:50:26.974
39.93;701;buy;19:50:47.471
39.93;1;buy;19:50:47.571
39.93;1;buy;19:50:50.053
39.93;5;buy;19:51:03.469
39.93;1;buy;19:51:05.867
39.93;66;buy;19:51:13.783
39.93;1;buy;19:51:17.104
39.93;500;buy;19:51:21.856
39.925;1;sell;19:51:36.844
39.93;5;buy;19:52:10.616
39.93;20;buy;19:52:28.377
39.93;18;buy;19:52:40.918
39.93;1;buy;19:53:04.341
39.93;12;buy;19:53:05.955
39.93;200;buy;19:53:14.596
39.93;451;buy;19:53:17.621
39.93;458;buy;19:53:17.681
39.93;571;buy;19:53:17.736
39.93;5;sell;19:53:20.073
39.94;4;buy;19:53:32.583
39.945;1;buy;19:53:38.332
39.94;142;sell;19:53:41.637
39.93;658;sell;19:53:41.637
39.935;50;buy;19:54:08.870
39.945;10;buy;19:54:09.806
39.95;6;buy;19:54:26.735
39.95;1;sell;19:55:05.759
39.955;2;buy;19:55:15.653
39.955;5;buy;19:55:16.726
39.95;100;sell;19:55:23.552
39.95;1;sell;19:55:29.914
39.955;4;buy;19:55:33.551
39.955;1;buy;19:55:41.990
39.955;1;buy;19:56:12.668
39.955;1;buy;19:56:16.463
39.955;1;buy;19:56:24.570
39.955;1;buy;19:56:30.686
39.95;5;sell;19:56:34.481
39.955;1;buy;19:56:38.788
39.955;25;buy;19:56:38.863
39.95;4;buy;19:56:50.191
39.95;1;buy;19:57:06.305
39.95;2;buy;19:57:09.316
39.95;2;buy;19:57:25.807
39.95;10;buy;19:57:38.243
39.95;5;buy;19:57:50.499
39.95;1;buy;19:57:51.436
39.935;6;sell;19:58:01.086
39.95;1;buy;19:58:04.243
39.935;75;sell;19:58:19.960
39.94;13;buy;19:58:25.493
39.94;50;buy;19:58:27.221
39.94;3;buy;19:58:37.443
39.94;1;buy;19:59:02.824
39.935;77;sell;19:59:07.438
39.935;49;sell;19:59:07.471
39.93;2;sell;19:59:07.520
39.93;70;sell;19:59:08.443
39.94;10;buy;19:59:10.347
39.94;3;buy;19:59:14.160
39.94;50;buy;19:59:15.089
39.93;49;sell;19:59:18.336
